path,loc,namespace,csproj,tier,disposition,target_crate,unit_id,size,fidelity_class,perf_class,verification_class,deps,state,owner,attempts,evidence,sha256,omissions,notes
Antenna/TrackerGeneric.cs,455,MissionPlanner.Antenna,MissionPlanner.csproj,T3,hand-port,,,M,,,,,dropped,,,,f349696ec6054d497f61019fa009e114c2d8cba26032407364e6f4237dd709da,,"out of scope, owner's ruling §12 D13 (2026-09-25): the Antenna Tracker (Antenna/, ConfigAntennaTracker, TrackerUI; ExtLibs/Antenna is its output library, used only by Antenna/TrackerGeneric.cs)"
Antenna/TrackerUI.Designer.cs,394,MissionPlanner.Antenna,MissionPlanner.csproj,T2,extract,,,M,,,,,dropped,,,,186f16876cb66bc31b4a3e9284ae45854453cb4cdbbd37d3a1bc07c982f69e87,,"out of scope, owner's ruling §12 D13 (2026-09-25): the Antenna Tracker (Antenna/, ConfigAntennaTracker, TrackerUI; ExtLibs/Antenna is its output library, used only by Antenna/TrackerGeneric.cs)"
Antenna/TrackerUI.cs,29,MissionPlanner.Antenna,MissionPlanner.csproj,T3,hand-port,,,S,,,,,dropped,,,,8e55166a29fd02342c8916e2d16446a2a90f8e9827f5f64c070d8962fedc1692,,"out of scope, owner's ruling §12 D13 (2026-09-25): the Antenna Tracker (Antenna/, ConfigAntennaTracker, TrackerUI; ExtLibs/Antenna is its output library, used only by Antenna/TrackerGeneric.cs)"
Common.cs,484,MissionPlanner,MissionPlanner.csproj,T3,hand-port,,,M,,,,,ready,,,,77901f4001ab44a874e73e362d141345f0ae7c0d47345c01f8d6585a1eb70d53,,
Controls/AuthKeys.Designer.cs,137,MissionPlanner.Controls,MissionPlanner.csproj,T2,extract,mp-gui,,S,behaviour-equivalent,,spec+review,,tested,,,crates/mp-gui/src/config/auth_keys.rs,bbffe6b29d75a71d7f6009dc4bfbe677058950c375fd3540bd96abe9d891ac46,,"the grid, the boxes and buttons as the Designer places them; the layout at the Designer's places"
Controls/AuthKeys.cs,154,MissionPlanner.Controls,MissionPlanner.csproj,T3,hand-port,mp-gui,,S,behaviour-equivalent,,spec+review,,tested,,,crates/mp-gui/src/config/auth_keys.rs;tests/gui/config-signing.gui,b43a82a955483895ee3820e74246825be1e2350593d6d6902cb6d59a2dea4303,the grid's column and row sizes are WinForms' defaults; a new key goes to the end rather than a freed slot; errors the C# throws go on the status line,"the constructor and LoadKeys, but_save, Use, but_add with the strength score, delete, RowsAdded, Disable Signing, the label timer"
Controls/AuxOptions.Designer.cs,145,MissionPlanner.Controls,MissionPlanner.csproj,T2,extract,,,S,,,,,ready,,,,2d6d49dfd209e02eb4dc0fe457842f716b908fcb9c4e8dde3bf71a647c62b657,,
Controls/AuxOptions.cs,175,MissionPlanner.Controls,MissionPlanner.csproj,T3,hand-port,,,S,,,,,ready,,,,4bc34b9939be35ce0b499dbca91817fab8855ae3f16226a15ea704c8a14015d0,,
Controls/ConnectionControl.Designer.cs,116,MissionPlanner.Controls,MissionPlanner.csproj,T2,extract,,,S,,,,,ready,,,,b2208a07377b024a8e722d17b2b3f5fb56fc1c11bfe877cd99659d18686aee66,,
Controls/ConnectionControl.cs,182,MissionPlanner.Controls,MissionPlanner.csproj,T3,hand-port,,,S,,,,,ready,,,,0cbf9ac077a76434169d9df79786f195362c8e472a89ec13578be0e4dd554dcf,,
Controls/ConnectionOptions.Designer.cs,93,MissionPlanner.Controls,MissionPlanner.csproj,T2,extract,,,S,,,,,ready,,,,841897e4ce0dbc79050c5bc74ae1ce88b92ebeaaaf880d878543ffdb9c43dff8,,
Controls/ConnectionOptions.cs,51,MissionPlanner.Controls,MissionPlanner.csproj,T3,hand-port,,,S,,,,,ready,,,,a3e06178a2d9818a083bbe99d19cfc0e7785969e3d5764e4dbe05df43b05114d,,
Controls/ConnectionStats.Designer.cs,265,MissionPlanner.Controls,MissionPlanner.csproj,T2,extract,,,M,,,,,ready,,,,cb01c3f77f65662096a448dd21cfb4ce27cc3445dd6137ad04ec4df4db612d75,,
Controls/ConnectionStats.cs,202,MissionPlanner.Controls,MissionPlanner.csproj,T3,hand-port,,,M,,,,,ready,,,,be5e6891fffbc089bb4500a67ecd8df8abf3f4dbf275ae26784a589168b3ce0a,,
Controls/ControlSensorsStatus.Designer.cs,96,MissionPlanner.Controls,MissionPlanner.csproj,T2,extract,,,S,,,,,ready,,,,55ad856e12b8d3a2eaaf4a2469ac725ffb7374dcc6755a9ef25d7f998b0b392e,,
Controls/ControlSensorsStatus.cs,117,MissionPlanner.Controls,MissionPlanner.csproj,T3,hand-port,,,S,,,,,ready,,,,7579e28eed60884141ee22771f543b07a374542df2edda26882418af77e3d0fc,,
Controls/DefaultSettings.Designer.cs,76,MissionPlanner.Controls,MissionPlanner.csproj,T2,extract,,,S,,,,,ready,,,,72fc46743aefc553147ee238099c1db11bb11ac9742fc2976f913bc6d3a67bce,,
Controls/DefaultSettings.cs,107,MissionPlanner.Controls,MissionPlanner.csproj,T3,hand-port,,,S,,,,,ready,,,,1b80dff769d1b38b229d193387e1cdcfb210f32b04ac39b82c1f4384f7228c4a,,
Controls/DevopsUI.Designer.cs,298,MissionPlanner.Controls,MissionPlanner.csproj,T2,extract,,,M,,,,,ready,,,,1ba399852e2b4980ace672b3f53154aef8e51dd4b4dde9f2869fdcbce0c8d669,,
Controls/DevopsUI.cs,64,MissionPlanner.Controls,MissionPlanner.csproj,T3,hand-port,,,S,,,,,ready,,,,297a33112148feb22194eb7bd0ef5c52bcc36bf158828ede64dad573b2acaa8f,,
Controls/DigitalSkyUI.Designer.cs,159,MissionPlanner.Controls,MissionPlanner.csproj,T2,extract,,,S,,,,,dropped,,,,d685279f5de50e0d792538e0721793e239f285e485936ca18fc903edd84319d3,,no callers in the C# tree as of efb0801 (D16): no other file names its types (comments aside); declares DigitalSkyUI
Controls/DigitalSkyUI.cs,294,MissionPlanner.Controls,MissionPlanner.csproj,T3,hand-port,,,M,,,,,dropped,,,,75eb3996a08dc8beb4e9d409ad6478c16de6053578c60c7eb91fbb62e35294d4,,no callers in the C# tree as of efb0801 (D16): no other file names its types (comments aside); declares DigitalSkyUI
Controls/DistanceBar.Designer.cs,45,MissionPlanner.Controls,MissionPlanner.csproj,T2,extract,,,S,,,,,ready,,,,281ae832289ef61d0038d3d111027052b541470379aaa08dbf560f5a30687d45,,
Controls/DistanceBar.cs,171,MissionPlanner.Controls,MissionPlanner.csproj,T3,hand-port,,,S,,,,,ready,,,,4d28427aff7b2aca91a394d542226d544a7a2c9899da4fa02e8adcde6bb406a3,,
Controls/DroneCANFileUI.Designer.cs,256,MissionPlanner.Controls,MissionPlanner.csproj,T2,extract,,,M,,,,,dropped,,,,3c37b4ac01c62fe209ec56d6086680dd995197798d996a4464f6d78743c8c798,,no callers in the C# tree as of efb0801 (D16): no other file names its types (comments aside); declares DroneCANFileUI
Controls/DroneCANFileUI.cs,433,MissionPlanner.Controls,MissionPlanner.csproj,T3,hand-port,,,M,,,,,dropped,,,,2e8f7dd87891d2703a16307e38883f9bcf6261b621ed454e6e0729c38e05dfaf,,no callers in the C# tree as of efb0801 (D16): no other file names its types (comments aside); declares DroneCANFileUI
Controls/DroneCANInspector.cs,494,MissionPlanner.Controls,MissionPlanner.csproj,T3,hand-port,mp-gui,,M,behaviour-equivalent,,spec+review,,tested,,,crates/mp-gui/src/config/dronecan_inspector.rs;tests/gui/config-dronecan-inspector.gui,7fa7dbb13f54c01b0e093d9d334704a57aeb1e0420da84819286a7706219cc7b,"the C# reflects over every one of the 155 generated types: here the 27 types dsdl.rs decodes show their fields and any other shows one payload row of its bytes; time_unix_usec's date (no decoded type has the field); MyTreeView's double buffering and DrawNode (the Windows control's flicker fixes); the form drawn over the page, not a form of its own","Can_MessageReceived into a PacketInspector, Update every 333 ms with the node and message headers and PopulateMSG's rows, AfterSelect's selectedmsgid, Graph It's question and graph (a curve an element or a field), Subscribe, FormClosing"
Controls/DroneCANParams.Designer.cs,264,MissionPlanner.Controls,MissionPlanner.csproj,T2,extract,mp-gui,,M,behaviour-equivalent,,spec+review,,tested,,,crates/mp-gui/src/config/dronecan.rs,eb67dc259c0e4d80b6ddc948f2d31fe35d2b7053fead1a28f9604d5f9c13c9c7,Compare Params and Reset to Default are drawn but say 'not ported' (their handlers act on the autopilot's parameters from the node's window: for the owner's ruling); saved column widths; the ToolTip component,the grid and its buttons; the layout at the Designer's places
Controls/DroneCANParams.cs,683,MissionPlanner.Controls,MissionPlanner.csproj,T3,hand-port,mp-gui,,L,behaviour-equivalent,,spec+review,,tested,,,crates/mp-gui/src/config/dronecan.rs;tests/gui/config-dronecan.gui,0efb9f33a1c058582bc1e020d839035fcd6772b966d13573d7353ff090309e93,"Compare Params and Reset to Default, which act on the autopilot's parameters from the node's window (for the owner's ruling); saved column widths; tooltips","load, save, write, refresh, commit, search, Modified, Fav, value checks, _REV, Ctrl+S"
Controls/DroneCANSubscriber.cs,147,MissionPlanner.Controls,MissionPlanner.csproj,T3,hand-port,mp-gui,,S,behaviour-equivalent,,spec+review,,tested,,,crates/mp-gui/src/config/dronecan_inspector.rs;tests/gui/config-dronecan-inspector.gui,72438b4e4fac6de648f350a6d6ff2187ef4be3861938f8e6a9c66e92d48019b2,"the line count is stepped with two buttons, not typed; the form drawn over the page","the combo of the types heard filled once a second, the chosen type's messages as Json.NET's JSON (byte arrays Base64), the box kept to the last count of lines by the C#'s own arithmetic"
Controls/EKFStatus.Designer.cs,233,MissionPlanner.Controls,MissionPlanner.csproj,T2,extract,,,M,,,,,ready,,,,2a5130811f1ae2dd5e6138386ef41bf4f4ed3d14fb4451226a1ae98228a24d62,,
Controls/EKFStatus.cs,69,MissionPlanner.Controls,MissionPlanner.csproj,T3,hand-port,,,S,,,,,ready,,,,d4fb6fb083e5c8f7a9feb20d94b4bf8ba38d62f465f1742d34a22e268f6ee4a8,,
Controls/ElevationProfile.Designer.cs,83,MissionPlanner.Controls,MissionPlanner.csproj,T2,extract,,,S,,,,,ready,,,,3b88058555f0d3e00d69c30f987bcac41956b5f53ef47ef2f6ce8c5090ecaccb,,
Controls/ElevationProfile.cs,341,MissionPlanner.Controls,MissionPlanner.csproj,T3,hand-port,mp-gui,,M,behaviour-equivalent,,spec+review,,tested,,,crates/mp-gui/src/plan.rs;tests/gui/plan-elevation.gui,ff1c08deac631667119ed7a96bd0e4233585c52d5cbac00ed145e908460718f4,tags and the Y-axis title drawn level (gpui cannot rotate text); ZedGraph's label-overlap step skipped; the graph on its own copy of the points,"the waypoint list as WPOverlay builds it, the ground sampled along each leg, ZedGraph's scaling rules"
Controls/FollowMe.Designer.cs,163,MissionPlanner.Controls,MissionPlanner.csproj,T2,extract,,,S,,,,,dropped,,,,b86353df0e33469d5c668e640f8b01dd89b81f09e772a5ad0e4cbe26e261515d,,"out of scope, owner's ruling §12 D13 (2026-09-25): Follow Me (Controls/FollowMe)"
Controls/FollowMe.cs,277,MissionPlanner.Controls,MissionPlanner.csproj,T3,hand-port,,,M,,,,,dropped,,,,bede123ea73d2924972e8132eb905f4c00510ac2a2aba94d4382f31401ce6cd0,,"out of scope, owner's ruling §12 D13 (2026-09-25): Follow Me (Controls/FollowMe)"
Controls/GMAPCache.Designer.cs,64,MissionPlanner.Controls,MissionPlanner.csproj,T2,extract,,,S,,,,,ready,,,,4f2ceb281e828f10e8e39acba58890d9a539d544d6a4f68554e0b61f2b80d953,,
Controls/GMAPCache.cs,150,MissionPlanner.Controls,MissionPlanner.csproj,T3,hand-port,,,S,,,,,ready,,,,2a8780106c4def119989a5aacf0e4e180d72e85552e406828939e8ebb4891335,,
Controls/GimbalControlSettingsForm.Designer.cs,129,MissionPlanner.Controls,MissionPlanner.csproj,T2,extract,,,S,,,,,ready,,,,8b62bf2bdbe7305b3f70a1f983637b2ee03834ab73ac77510b8fc7fb44a52f40,,
Controls/GimbalControlSettingsForm.cs,433,MissionPlanner.Controls,MissionPlanner.csproj,T3,hand-port,,,M,,,,,ready,,,,ceacf40c298c212a1dfb824346aa1f3c1970a9cac7bd5cf666617593ca632545,,
Controls/GimbalVideoControl.Designer.cs,201,MissionPlanner.Controls,MissionPlanner.csproj,T2,extract,,,M,,,,,ready,,,,b9233f0d67ff7e69d28225d868db29df2a69d026c20448d2e0e42ff584391a65,,
Controls/GimbalVideoControl.cs,797,MissionPlanner.Controls,MissionPlanner.csproj,T3,hand-port,,,L,,,,,ready,,,,cce5dea57247e34f13247a697625007fa24a286e88b3b8e446ac5f812e1304a4,,
Controls/Icon/File.cs,23,MissionPlanner.Controls.Icon,MissionPlanner.csproj,T3,hand-port,,,S,,,,,ready,,,,a46c9b9ac5575b7f8f31a5b6922e3410b79904f99083d4578e644c627ddcdd1e,,
Controls/Icon/Icon.cs,106,MissionPlanner.Controls.Icon,MissionPlanner.csproj,T3,hand-port,,,S,,,,,ready,,,,21c190c707aa4c0bc621d145157bfecb2faa156f9cf6b2330489439210653151,,
Controls/Icon/Polygon.cs,23,MissionPlanner.Controls.Icon,MissionPlanner.csproj,T3,hand-port,,,S,,,,,ready,,,,9e4f49d1f1e75d13074bea4f5a2c0a15431f27f893c9f5bce5dac7f6e83687ca,,
Controls/Icon/Zoom.cs,27,MissionPlanner.Controls.Icon,MissionPlanner.csproj,T3,hand-port,,,S,,,,,ready,,,,026af68959511f7aeee9b3dee9055f8ef54477ec2c4aa373a489691a7972359e,,
Controls/Loading.Designer.cs,66,MissionPlanner.Controls,MissionPlanner.csproj,T2,extract,,,S,,,,,ready,,,,4b969599222a14c93e2ef572f1616658ac35e6ca2d51a02c6d2f69b3e50914de,,
Controls/Loading.cs,119,MissionPlanner.Controls,MissionPlanner.csproj,T3,hand-port,,,S,,,,,ready,,,,bffdbc2ab64c4bd296c50ef92c5991fdb8952785e6ec83dd7681604dd95c275b,,
Controls/LogAnalyzer.Designer.cs,62,MissionPlanner.Controls,MissionPlanner.csproj,T2,extract,,,S,,,,,dropped,,,,34a7ccea1f133c2caeb3dfea068b497575639fc676b2e7b6885d8dfc985fd97c,,"out of scope, owner's ruling §12 D13 (2026-09-25): the LogAnalyzer wrapper (Utilities/LogAnalyzer.cs; this is its results control)"
Controls/LogAnalyzer.cs,33,MissionPlanner.Controls,MissionPlanner.csproj,T3,hand-port,,,S,,,,,dropped,,,,331bd2283ce7764005ba77e9e14899a4654a159bcbb45ed74d5939aa3aa2203f,,"out of scope, owner's ruling §12 D13 (2026-09-25): the LogAnalyzer wrapper (Utilities/LogAnalyzer.cs; this is its results control)"
Controls/MAVLinkInspector.cs,459,MissionPlanner.Controls,MissionPlanner.csproj,T3,hand-port,mp-gui,,M,behaviour-equivalent,,spec+review,,tested,,,crates/mp-gui/src/config/mavlink_inspector.rs;crates/mp-link/src/inspector.rs;crates/mp-gui/src/config/advanced.rs;tests/gui/config-mavlink-inspector.gui,8bb64a16c5c4ea732461dcb473209de9a13bffba99b578df9359fe5a8451976d,"treeView1_DrawNode (wired, never raised: the tree's DrawMode is Normal, D16); comboBox1/comboBox2 (invisible); ZedGraph's zoom, pan, context menu and IsPreventLabelOverlap on Graph It's graph; the form's resizing; the tree's dotted lines and keyboard","the tree of systems, components (MAV_COMPONENT names), messages (rate, id, bytes a second) and fields (value and .NET type as the C# formats them), updated every 333 ms and sorted as the culture compares; Show GCS Traffic; AfterSelect and Graph It's history question and live graph (a curve an element, [units] Y axis, HH:mm:ss.fff date axis, 100 ms redraw); modal over SETUP, graphs over it; subscriptions made again when the link is replaced; the C#'s exceptions on the status line; tests/gui/config-mavlink-inspector.gui not yet run"
Controls/MAVLinkParamChanged.cs,15,MissionPlanner.Controls,MissionPlanner.csproj,T3,hand-port,,,S,,,,,ready,,,,8a3470e19ba2be792ad587497305f89dd2c7104885b262793aa4ce4d563a390a,,
Controls/MavCommandSelection.Designer.cs,195,MissionPlanner.Controls,MissionPlanner.csproj,T2,extract,,,S,,,,,ready,,,,044a8d836fc56907e744ea3c96ba401dfc6cd324d1df0246118a95a9f082b078,,
Controls/MavCommandSelection.cs,203,MissionPlanner.Controls,MissionPlanner.csproj,T3,hand-port,,,M,,,,,ready,,,,1da843bc3025d6fc97d495314979eaad3d81d188e2c80dca35052c8e7f0ec4dc,,
Controls/MavFTPUI.Designer.cs,284,MissionPlanner.Controls,MissionPlanner.csproj,T2,extract,mp-gui,,M,behaviour-equivalent,,spec+review,,tested,,,crates/mp-gui/src/config/mavftp.rs,3f247389624807529f7562c74130137b82607a4aaa752c7da3e924d4a15b47cc,Mount as Drive fails on the status line (no Dokan on this platform); the ToolTip component and the ImageList's icons are not drawn,"the split container, tree, list with its four columns, the context menu's seven items, the status strip and Mount as Drive; the layout at the Designer's places"
Controls/MavFTPUI.cs,711,MissionPlanner.Controls,MissionPlanner.csproj,T3,hand-port,mp-gui,,L,behaviour-equivalent,,spec+review,,tested,,,crates/mp-gui/src/config/mavftp.rs;tests/gui/config-mavftp.gui,c4beeee14db588cbf9c255c5ec350c6e4513901e99641d0f3a60381e48748b11,"Mount as Drive (Dokan, Windows only: fails on the status line); the TreeView's and ListView's type-ahead; the context menu's keys but Escape (divergences in the module doc)","16 of 16 wirings; 30 unit tests over mp_link::mavftp's FakeVehicle; the controls' own selection, keys, delayed label edit and header drag from comctl32 (Wine) and WinForms"
Controls/MavlinkCheckBox.cs,144,MissionPlanner.Controls,MissionPlanner.csproj,T3,hand-port,,,S,,,,,ready,,,,94a8aff82f112933a5ffb195ec3707f36abaf542e83e2c05e8a795f6aad4247d,,
Controls/MavlinkCheckBoxBitMask.cs,234,MissionPlanner.Controls,MissionPlanner.csproj,T3,hand-port,mp-gui,,M,behaviour-equivalent,,spec+review,,tested,,,crates/mp-gui/src/config/adsb.rs;tests/gui/config-adsb.gui,fab2bdc9a9c35623577caeed34c92c21a64c9988344eb08876480dbb716ef9f5,the ToolTip over the label; the control's own Resize layout (the boxes flow as the page lays them),"one check box per documented bit, the Value narrowed to the parameter's TypeAP (Int8/Int16/Int32) as the C# casts it"
Controls/MavlinkComboBox.cs,201,MissionPlanner.Controls,MissionPlanner.csproj,T3,hand-port,,,M,,,,,ready,,,,e92c55a00ea0922b4063439b4e5be08ab0cc3a3ab650034fc8ec62bf13fd7407,,
Controls/MavlinkNumericUpDown.cs,181,MissionPlanner.Controls,MissionPlanner.csproj,T3,hand-port,,,S,,,,,ready,,,,d96c65ac2b0d70c221ebecb9e9c6df6533606f138443d0bd3b20c12a6c48d481,,
Controls/ModifyandSet.Designer.cs,88,MissionPlanner.Controls,MissionPlanner.csproj,T2,extract,,,S,,,,,ready,,,,88a476c157bcabb414d6db1da28f28d9bbfb05e0c24caeab5a3c9a8effbce0ce,,
Controls/ModifyandSet.cs,81,MissionPlanner.Controls,MissionPlanner.csproj,T3,hand-port,,,S,,,,,ready,,,,9258515484da68a67818edda5ece2e4334a7054bc2aaa10171715f05d068f912,,
Controls/MovingBase.Designer.cs,188,MissionPlanner.Controls,MissionPlanner.csproj,T2,extract,,,S,,,,,dropped,,,,95bca0028d150e83d3da46c9126028d92c6ee44d0d06c4794fe676dabd3c7f7b,,"out of scope, owner's ruling §12 D13 (2026-09-25): Moving Base (Controls/MovingBase)"
Controls/MovingBase.cs,332,MissionPlanner.Controls,MissionPlanner.csproj,T3,hand-port,,,M,,,,,dropped,,,,a1ed9a87a895df613b7b3ed697f3381ea9d771643e038a4d8118558ec1541137,,"out of scope, owner's ruling §12 D13 (2026-09-25): Moving Base (Controls/MovingBase)"
Controls/MyDataGridView.cs,62,MissionPlanner.Controls,MissionPlanner.csproj,T3,hand-port,,,S,,,,,ready,,,,b37a57e4b3e971809c815cd54bfa867803e68423df1fc5f37fcc8153add5c3a4,,
Controls/OSDVideo.Designer.cs,279,MissionPlanner.Controls,MissionPlanner.csproj,T2,extract,,,M,,,,,dropped,,,,dbf8deee2b7fc8671ae43f804c29589d85a99c4a6d7f65cabb2a018ae55cbcf8,,"out of scope, owner's ruling §12 D13 (2026-09-25): OSD Video (OSDVideo.cs)"
Controls/OSDVideo.cs,856,MissionPlanner.Controls,MissionPlanner.csproj,T3,hand-port,,,L,,,,,dropped,,,,1b17d7b3c4b03ec86099a7fd59c2f2af8053e354f282c2e127563751e2ca38e8,,"out of scope, owner's ruling §12 D13 (2026-09-25): OSD Video (OSDVideo.cs)"
Controls/OpenGLtest.cs,438,MissionPlanner.Controls,MissionPlanner.csproj,T3,hand-port,,,M,,,,,ready,,,,f57113b4e36b296eb1aac7e8a90d1e6f6e1e650d2157bcbfd708e465d419b132,,
Controls/OpenGLtest2.cs,1766,MissionPlanner.Controls,MissionPlanner.csproj,T3,hand-port,,,XL,,,,,ready,,,,f13cb7dcff7cd825533b32ab0bc8c7da26211fdd6ba84f6ba4e53718328106f7,,
Controls/PreFlight/CheckListControl.Designer.cs,83,MissionPlanner.Controls.PreFlight,MissionPlanner.csproj,T2,extract,,,S,,,,,ready,,,,1181c01415310ff97bba1e7d7a380b4b0d90bec7a57be2d4e54712ab7e63cd0d,,
Controls/PreFlight/CheckListControl.cs,360,MissionPlanner.Controls.PreFlight,MissionPlanner.csproj,T3,hand-port,,,M,,,,,ready,,,,103f38cb846592c32bc6aa6b771a3c68551a3336fe3026b6f395ee6434dc4a32,,
Controls/PreFlight/CheckListEditor.Designer.cs,178,MissionPlanner.Controls.PreFlight,MissionPlanner.csproj,T2,extract,,,S,,,,,ready,,,,5a0bcfc588d8b8d36e1f168e8b20cd4e296418e11eff3144b070324a769a099d,,
Controls/PreFlight/CheckListEditor.cs,676,MissionPlanner.Controls.PreFlight,MissionPlanner.csproj,T3,hand-port,,,L,,,,,ready,,,,a33d7e7f96eecc898bbeb088397e96319ef180558c2f21a4c500a56a520b16f4,,
Controls/PreFlight/CheckListInput.cs,289,MissionPlanner.Controls.PreFlight,MissionPlanner.csproj,T3,hand-port,,,M,,,,,ready,,,,e72e71fb4cf709d20fe11213ab590005248067e90165803dc2d5b4dbf7cfb88b,,
Controls/PreFlight/CheckListItem.cs,319,MissionPlanner.Controls.PreFlight,MissionPlanner.csproj,T3,hand-port,,,M,,,,,ready,,,,dcc6af7e85986ba73dd9c99023e6b0d6a21dbe38651fc29d050177ccc4f6ca06,,
Controls/PrearmStatus.Designer.cs,76,MissionPlanner.Controls,MissionPlanner.csproj,T2,extract,,,S,,,,,ready,,,,2e8d38b4433728e99af72bbc0a54e8bb0ca63ebd211f2af3228eeead815c6a45,,
Controls/PrearmStatus.cs,79,MissionPlanner.Controls,MissionPlanner.csproj,T3,hand-port,,,S,,,,,ready,,,,4fe56ff84b2c8aaedd0f6d6063f62ee139f2ee3168ea01af0f62dcedf98f57ba,,
Controls/PropagationSettings.cs,514,MissionPlanner.Controls,MissionPlanner.csproj,T3,hand-port,,,M,,,,,ready,,,,f0dbd238587f584fdfa6295cad0c3a6c7d37ea3a57ff77eda9d645bf276f8ff9,,
Controls/ProximityControl.cs,246,MissionPlanner.Controls,MissionPlanner.csproj,T3,hand-port,mp-gui,,M,behaviour-equivalent,,spec+review,,tested,,,crates/mp-gui/src/config/proximity.rs;tests/gui/config-proximity.gui,e518d63da9cd0a131402bfac95a9cc66c69f9bffbc7f23b70f2fb9404c494876,quadicon (Resources/quad2.png) until pictures.rs carries it; the form does not resize; the scale uses the form as drawn here,"Temp_Paint with Vector3.rotate, Temp_KeyPress, the caption, FormClosing; modal over SETUP"
Controls/RAW_Sensor.Designer.cs,1134,MissionPlanner.Controls,MissionPlanner.csproj,T2,extract,mp-gui,,L,behaviour-equivalent,,spec+review,,tested,,,crates/mp-gui/src/raw_sensor.rs;crates/mp-gui/src/gauge.rs;tests/gui/fly-rawsensor.gui;tests/gui/fly-rawsensor-nolink.gui,6dbaf8341793dbd886e0aed3ef62288853458f117d9756463557a923d5714e22,"tabOrientation, the Flight Data page with its ten bars: built by the Designer, never added to the tab control, never shown; ThemeManager","the two tab pages at the .resx's positions: Groll, Gpitch and aGauge1 as gauge.rs Dials (bands, base arc, scale, caption, one gray needle; the black lines white under the palette ruling), chkax..chkgz, BUT_savecsv, label3, CMB_rawupdaterate, zg1's chart with its title, legend and red Y axis; the Radio page's sixteen HorizontalProgressBars with label and value under each"
Controls/RAW_Sensor.cs,300,MissionPlanner.Controls,MissionPlanner.csproj,T3,hand-port,mp-gui,,M,behaviour-equivalent,,spec+review,,tested,,,crates/mp-gui/src/raw_sensor.rs;crates/mp-gui/src/gauge.rs;tests/gui/fly-rawsensor.gui;tests/gui/fly-rawsensor-nolink.gui,6ef247cf9d673db641f3a01e560747495ed627c3dae528791d3b034b5681838c,"Tracking.AddPage (analytics); ""Comport open failed"" (requestDatastream cannot throw here); the Load's double tab change is one open","the form as a floating window over the flight screen: the 10 ms sample into the checked curves and the CSV, the 100 ms redraw (every frame here), the tab change's stream request and ""Please connect first"" (status line, window shut), CMB_rawupdaterate's ratesensors and request, BUT_savecsv's SaveFileDialog as the flight screen's file prompts (.csv added); the writer closed on every close where the C# closes it only with its port open"
Controls/RelayOptions.Designer.cs,107,MissionPlanner.Controls,MissionPlanner.csproj,T2,extract,,,S,,,,,ready,,,,4430288b2502152f73aa0f0d2febb6e0bf1eb59cc60e27890a094746429f4182,,
Controls/RelayOptions.cs,148,MissionPlanner.Controls,MissionPlanner.csproj,T3,hand-port,,,S,,,,,ready,,,,bd9f904d46630651dcbdd84bbe12d5d6e7cfc75274029ccda81e9e1b83d1e07c,,
Controls/SB.cs,61,MissionPlanner.Controls,MissionPlanner.csproj,T3,hand-port,,,S,,,,,ready,,,,05a68f1aaedd620f35ea2e51b17c836354c83408bbf0bf503f12dbe3f27c8b58,,
Controls/ScriptConsole.Designer.cs,97,MissionPlanner.Controls,MissionPlanner.csproj,T2,extract,,,S,,,,,ready,,,,fae1ed625f31ee60c25449a89bb73f7b1b9700aee037c3431fae81be57720555,,
Controls/ScriptConsole.cs,51,MissionPlanner.Controls,MissionPlanner.csproj,T3,hand-port,,,S,,,,,ready,,,,2090c9e52a2e4685b8fd2355af20b34fb680fabe3d0da4fe3adb5fe452774d80,,
Controls/SerialOutputCoT.Designer.cs,332,MissionPlanner.Controls,MissionPlanner.csproj,T2,extract,,,M,,,,,ready,,,,c8083d7f2cd2bc7d2ecf3be5526a2e0bcc742c6835f00b54b82b912f07582121,,
Controls/SerialOutputCoT.cs,460,MissionPlanner.Controls,MissionPlanner.csproj,T3,hand-port,,,M,,,,,ready,,,,6f417a152d91ba84eaf2fa03adf4577ea960fa54b37f2384d7e7b69fba602127,,
Controls/SerialOutputMD.Designer.cs,85,MissionPlanner.Controls,MissionPlanner.csproj,T2,extract,,,S,,,,,ready,,,,b9b84b6669c4755918eb94780d0a341f8616ea9336916b07eddbe76bf74494da,,
Controls/SerialOutputMD.cs,240,MissionPlanner.Controls,MissionPlanner.csproj,T3,hand-port,,,M,,,,,ready,,,,f795bccb1c92a98a05dcc56e69f3b13558d0ea19d54cd2b166a106d15761bc23,,
Controls/SerialOutputNMEA.Designer.cs,103,MissionPlanner.Controls,MissionPlanner.csproj,T2,extract,mp-gui,,S,behaviour-equivalent,,spec+review,,tested,,,crates/mp-gui/src/config/nmea_output.rs,2ad914775e0adf5b01813538048582c08da29f825fe0c83805f5172d9c8047c2,,"the three combos and Connect at the .resx's places, 228 by 75"
Controls/SerialOutputNMEA.cs,319,MissionPlanner.Controls,MissionPlanner.csproj,T3,hand-port,mp-gui,,M,behaviour-equivalent,,spec+review,,tested,,,crates/mp-gui/src/config/nmea_output.rs;crates/mp-gui/src/config/serial_output.rs;crates/mp-terrain/src/geoid.rs;tests/gui/config-nmea.gui,39467c59f15eeb295cef42118a2521aad0e69d21cbf154c79339d88e1c47fb49,"a TCP host takes one client; the thread reads a copy of the state taken each frame, not cs live; the boxes on the status line; HOM is never written, as nothing in the C# sets HomeLoc","the constructor, BUT_connect_Click with the four kinds and their questions, mainloop's GGA, GLL, HDG, VTG, RMC, RPY at updaterate with GetChecksum, CMB_updaterate's parse, the thread and stream outliving the form"
Controls/SerialOutputPass.Designer.cs,168,MissionPlanner.Controls,MissionPlanner.csproj,T2,extract,mp-gui,,S,behaviour-equivalent,,spec+review,,tested,,,crates/mp-gui/src/config/mavlink_mirror.rs,4e3db92f8b2be291bceddb14685fd442b925834fa35e8a9f9072ffc667c64635,"the four hidden controls are not drawn; the grid's cells are plain boxes, its lists a line each","the grid's six columns with their widths and items, 452 by 228; the layout at the .resx's places"
Controls/SerialOutputPass.cs,272,MissionPlanner.Controls,MissionPlanner.csproj,T3,hand-port,mp-gui,,M,behaviour-equivalent,,spec+review,,tested,,,crates/mp-gui/src/config/mavlink_mirror.rs;crates/mp-gui/src/config/serial_output.rs;tests/gui/config-mirror.gui,8e9f0aa6ed0fe94e1e19d543a7af7d096a960c03c725eb67ddf72dbb5c5b2fab,"the hidden top controls (Visible = False in the .resx: the port and baud combos, Connect, Write access) and BUT_connect_Click's stream, which nobody can reach; a TCP Inbound takes one client where BeginAcceptTcpClient goes on accepting; DataError (empty); the boxes on the status line (the owner's ruling)","Load from the serialpasslist setting (JSON arrays), Save on a cell edit, Go starting a mirror per row (TCP in/out, UDP in/out, Serial) added to the link's mirrors with its Write, the Started rows kept across forms"
Controls/SerialSupportProxy.Designer.cs,199,MissionPlanner.Controls,MissionPlanner.csproj,T2,extract,mp-gui,,S,behaviour-equivalent,,spec+review,,tested,,,crates/mp-gui/src/config/support_proxy.rs,a5a2ecbbfc5152081f338411a65f6fc7e229d74c618e4fbdd0e47b9ea500ed6f,,the host and port boxes and Connect; the layout at the Designer's places
Controls/SerialSupportProxy.cs,108,MissionPlanner.Controls,MissionPlanner.csproj,T3,hand-port,mp-gui,,S,behaviour-equivalent,,spec+review,,tested,,,crates/mp-gui/src/config/support_proxy.rs;crates/mp-link/src/mirror.rs;tests/gui/config-supportproxy.gui;tests/gui/support-server.py,5299c1453627fa5c4cb5829a570026885e9ba1b7288c5ebd502c685d58facf90,"Tracking.AddPage; the relay re-encodes each packet as MAVLink 2 with its own sequence numbers (signatures not carried, unknown messages not relayed) - an exact byte relay would need the link's read loop",the constructor and BUT_connect_Click; MAVLinkInterface's ProcessMirrorStream and MirrorStream in mp-link's mirror.rs; CommsTCPSerial's autoReconnect as the proxy uses it
Controls/ServoOptions.Designer.cs,137,MissionPlanner.Controls,MissionPlanner.csproj,T2,extract,,,S,,,,,ready,,,,e241f2bbf00b6d36e870213ea48cfe1d907a660d9ff3c322c88398641236bed6,,
Controls/ServoOptions.cs,191,MissionPlanner.Controls,MissionPlanner.csproj,T3,hand-port,,,S,,,,,ready,,,,177e88b46ea72c197b70c6212d89cdd7446a181a1cf200ca2cc9367250ff3929,,
Controls/SpectrogramUI.Designer.cs,199,MissionPlanner.Controls,MissionPlanner.csproj,T2,extract,mp-gui,,S,behaviour-equivalent,,spec+review,,tested,,,crates/mp-gui/src/config/spectrogram.rs,af2493f92148fb9e1ef7e7634cd85937e2ca8b60f1969019934943bdcc96ef42,,"the combo, the two numbers, the buttons and the picture; the layout at the Designer's places"
Controls/SpectrogramUI.cs,179,MissionPlanner.Controls,MissionPlanner.csproj,T3,hand-port,mp-gui,,S,behaviour-equivalent,,spec+review,,tested,,,crates/mp-gui/src/config/spectrogram.rs;crates/mp-gui/src/config/advanced.rs;tests/gui/config-spectrogram.gui;testdata/dataflash.bin,e6abb86728ffa9ec81dd01a32d0dc1d62855eceed74c9cdf835e73ac4b6cb821,ToImageSharpImage (no callers); the Ctrl+L hotkey (MainV2's); the form's resizing,"the constructor, but_loadlog_Click, cmb_sensor_SelectedIndexChanged, both ValueChanged handlers, but_redraw_Click; modal over SETUP, the slow work off the UI thread"
Controls/Status.Designer.cs,45,MissionPlanner.Controls,MissionPlanner.csproj,T2,extract,,,S,,,,,ready,,,,ab460d11cd90f9634b2d9e8aafb2cfc2bd3b7be50c670845f3b5f6b506cdeadf,,
Controls/Status.cs,75,MissionPlanner.Controls,MissionPlanner.csproj,T3,hand-port,,,S,,,,,ready,,,,a1b6275574bc49082e295d773dae601ba43ed6b1060dacc2cecf2fced1998d1e,,
Controls/ThemeEditor.Designer.cs,222,MissionPlanner.Controls,MissionPlanner.csproj,T2,extract,,,M,,,,,ready,,,,ae6e2cf90a10f422fc22a90597fa4fd962aa45a9d2f44491ebbb03663d78fdea,,
Controls/ThemeEditor.cs,148,MissionPlanner.Controls,MissionPlanner.csproj,T3,hand-port,,,S,,,,,ready,,,,2275a71baa64b0090c962605d4fb3ab68a03abe59cf3aacd2e3fbcb270637556,,
Controls/ToolStripConnectionControl.cs,17,MissionPlanner.Controls,MissionPlanner.csproj,T3,hand-port,,,S,,,,,ready,,,,2bca12e0e35afcd7dda1c14676073643c8086b7f7b42f3e461d87416b7d12c5a,,
Controls/Vibration.Designer.cs,216,MissionPlanner.Controls,MissionPlanner.csproj,T2,extract,,,M,,,,,ready,,,,addcc99327490eaf6c9b26c8d9d98ec98145f334019bd411b16bbf9f5476f957,,
Controls/Vibration.cs,31,MissionPlanner.Controls,MissionPlanner.csproj,T3,hand-port,,,S,,,,,ready,,,,836de92a6d24d9b68ed3921a85caa1b7d008a3f41d7e9d99b7732232cd2fa4a8,,
Controls/Video.Designer.cs,57,MissionPlanner.Controls,MissionPlanner.csproj,T2,extract,,,S,,,,,ready,,,,4b66c599f4442c2bf0d3369ab70212b30d184dc9b71b99aa48742e5f8e390c41,,
Controls/Video.cs,66,MissionPlanner.Controls,MissionPlanner.csproj,T3,hand-port,,,S,,,,,ready,,,,1a34ad56f9c06aab1297571e9203230590c1d9e68283ef3818792a6fc7534599,,
Controls/VideoStreamSelector.Designer.cs,112,MissionPlanner.Controls,MissionPlanner.csproj,T2,extract,,,S,,,,,ready,,,,81e3ee2a82849205d74918d5504db060e3905d6906328c2d4e781e4ed30f05f3,,
Controls/VideoStreamSelector.cs,55,MissionPlanner.Controls,MissionPlanner.csproj,T3,hand-port,,,S,,,,,ready,,,,03c6a4680be11d4cbeb39d7ebaf0ac31a2332bc3942ae8aaa03d9880c00f9793,,
Controls/fftui.Designer.cs,233,MissionPlanner.Controls,MissionPlanner.csproj,T2,extract,mp-gui,,M,,,,,tested,,,crates/mp-gui/src/config/fftui.rs,7668971f35b389a1a5cd1c33f1a0719f5570c055e5fe2eae545cea899c9b2898,the Anchor settings (the window does not resize); zedGraphControl1's scroll settings (the graphs do not zoom or scroll),"the controls' texts and places, held to the Designer by config::fftui::tests::the_text_is_the_designers"
Controls/fftui.cs,982,MissionPlanner.Controls,MissionPlanner.csproj,T3,hand-port,mp-gui,,L,behaviour-equivalent,,spec+review,,tested,,,crates/mp-gui/src/config/fftui.rs;crates/mp-log/src/fft.rs;tests/gui/config-fft.gui;testdata/dataflash.bin,29555988172e26bfe0983e2ebd3f6d821194da760a3b9f338a8c4db578d26bd4,"fftui_Resize's rescale (the window does not resize); the OpenFileDialogs (a typed path); FFT2.datastate's avgx/avgy/avgz (no users, D16)","all five buttons gathered as the C# gathers - ISBH/ISBD batches, IMU1-3 (a newer log's IMU[0..2] read as one series, as the C# does), ACC/GYR 1-4, imu1 ACC1/GYR1, 16-bit wav with its N/2-byte step - over mp_log::fft; SetScale, the flow panel's order and the hz/rpm tooltip; modal over SETUP, the handler off the UI thread; the C#'s exceptions on the status line; Bins over 20 refused"
Controls/paramcompare.Designer.cs,137,MissionPlanner.Controls,MissionPlanner.csproj,T2,extract,,,S,,,,,ready,,,,b8c7e7683c4acdf941a293e536d0fc101cc3a0c4478c00b3ae88bf7ad3b88157,,
Controls/paramcompare.cs,119,MissionPlanner.Controls,MissionPlanner.csproj,T3,hand-port,,,S,,,,,ready,,,,206f7f50da975ef8ab672e4094280067f38e5bc22a9fe8d7c9270af7c7501af4,,
ExtLibs/7zip/Common/CRC.cs,55,SevenZip,ExtLibs/7zip/7zip.csproj,T0,delete,,,S,,,,,dropped,,,,f459c53795b90e6abb98fcdc95e3b0af640738a554c89efa0877e6770e07425a,,no callers in the C# tree as of efb0801 (D16): nothing outside ExtLibs/7zip/ names SevenZip; declares CRC
ExtLibs/7zip/Common/CommandLineParser.cs,274,SevenZip.CommandLineParser,ExtLibs/7zip/7zip.csproj,T0,delete,,,M,,,,,dropped,,,,b47a40808a96481dbd650fb07305eacbc8ec2d85c800c855c877bf25f9d33942,,"no callers in the C# tree as of efb0801 (D16): nothing outside ExtLibs/7zip/ names SevenZip; declares CommandForm, CommandSubCharsSet, Parser, SwitchForm, SwitchResult, SwitchType"
ExtLibs/7zip/Common/InBuffer.cs,72,SevenZip.Buffer,ExtLibs/7zip/7zip.csproj,T0,delete,,,S,,,,,dropped,,,,0636342e631969127f9f60b699d02819237c7c5d5819bfeb8d62fd1eed34f359,,no callers in the C# tree as of efb0801 (D16): nothing outside ExtLibs/7zip/ names SevenZip; declares InBuffer
ExtLibs/7zip/Common/OutBuffer.cs,47,SevenZip.Buffer,ExtLibs/7zip/7zip.csproj,T0,delete,,,S,,,,,dropped,,,,dee25adf93c2285bcf5295c1297140efbb756ce5f5beab509bbf410456fd3dec,,no callers in the C# tree as of efb0801 (D16): nothing outside ExtLibs/7zip/ names SevenZip; declares OutBuffer
ExtLibs/7zip/Compress/LZ/IMatchFinder.cs,24,SevenZip.Compression.LZ,ExtLibs/7zip/7zip.csproj,T0,delete,,,S,,,,,dropped,,,,17ea27ef2835b3634d77d8bc65979f9cc88069bc34abeb173ca2f620bffa87fc,,"no callers in the C# tree as of efb0801 (D16): nothing outside ExtLibs/7zip/ names SevenZip; declares IInWindowStream, IMatchFinder"
ExtLibs/7zip/Compress/LZ/LzBinTree.cs,367,SevenZip.Compression.LZ,ExtLibs/7zip/7zip.csproj,T0,delete,,,M,,,,,dropped,,,,17f26a894e966d613ea9d0f8cdcd871ec03c05682275e23e078d3d3e686b9368,,no callers in the C# tree as of efb0801 (D16): nothing outside ExtLibs/7zip/ names SevenZip; declares BinTree
ExtLibs/7zip/Compress/LZ/LzInWindow.cs,132,SevenZip.Compression.LZ,ExtLibs/7zip/7zip.csproj,T0,delete,,,S,,,,,dropped,,,,0a31b68307b79ab455ae1653542031714308540e415a867321d10164b1505da3,,no callers in the C# tree as of efb0801 (D16): nothing outside ExtLibs/7zip/ names SevenZip; declares InWindow
ExtLibs/7zip/Compress/LZ/LzOutWindow.cs,110,SevenZip.Compression.LZ,ExtLibs/7zip/7zip.csproj,T0,delete,,,S,,,,,dropped,,,,6efbc82940c735b6590062c6dd4d18373ee68dc9083ae2f2f0bc71b096bceb2d,,no callers in the C# tree as of efb0801 (D16): nothing outside ExtLibs/7zip/ names SevenZip; declares OutWindow
ExtLibs/7zip/Compress/LZMA/LzmaBase.cs,76,SevenZip.Compression.LZMA,ExtLibs/7zip/7zip.csproj,T0,delete,,,S,,,,,dropped,,,,06f6cf5e52b52a4b8ba6b21d5c9249c7fa08b5691111a3ddb02c5f8fda0fe6e8,,no callers in the C# tree as of efb0801 (D16): nothing outside ExtLibs/7zip/ names SevenZip; declares Base
ExtLibs/7zip/Compress/LZMA/LzmaDecoder.cs,398,SevenZip.Compression.LZMA,ExtLibs/7zip/7zip.csproj,T0,delete,,,M,,,,,dropped,,,,86bc9eec692d256dbf028f4e8fb247449eca79413ffa3982f5f8eac1b76919d2,,no callers in the C# tree as of efb0801 (D16): nothing outside ExtLibs/7zip/ names SevenZip; declares Decoder
ExtLibs/7zip/Compress/LZMA/LzmaEncoder.cs,1480,SevenZip.Compression.LZMA,ExtLibs/7zip/7zip.csproj,T0,delete,,,L,,,,,dropped,,,,cf204387dac820e7e6fb9380d9860a1f93311df796bd52afc95405eca1e064de,,no callers in the C# tree as of efb0801 (D16): nothing outside ExtLibs/7zip/ names SevenZip; declares Encoder
ExtLibs/7zip/Compress/LzmaAlone/LzmaAlone.cs,364,SevenZip,ExtLibs/7zip/Compress/LzmaAlone/LzmaAlone.csproj,T0,delete,,,M,,,,,dropped,,,,de3902951942e90f39d6db103c20d0595b4c40c0b0aed6376ccf2c11d706f6b5,,"no callers in the C# tree as of efb0801 (D16): nothing outside ExtLibs/7zip/ names SevenZip; declares CDoubleStream, LzmaAlone"
ExtLibs/7zip/Compress/LzmaAlone/LzmaBench.cs,340,SevenZip,ExtLibs/7zip/Compress/LzmaAlone/LzmaAlone.csproj,T0,delete,,,M,,,,,dropped,,,,19d14f579d6c3cc1aa0c02be45070b038e8a71fd223427a239227c430c2f1538,,no callers in the C# tree as of efb0801 (D16): nothing outside ExtLibs/7zip/ names SevenZip; declares LzmaBench
ExtLibs/7zip/Compress/LzmaAlone/Properties/AssemblyInfo.cs,29,,ExtLibs/7zip/Compress/LzmaAlone/LzmaAlone.csproj,T0,delete,,,S,,,,,dropped,,,,dd5a12fd00e88973f331e76d3e8f1fe73c3da5ac9fd6c16ccca474f95dfa357e,,no callers in the C# tree as of efb0801 (D16): its project ExtLibs/7zip/Compress/LzmaAlone/LzmaAlone.csproj is in no build (neither MissionPlanner.sln nor MissionPlannerLib.sln reaches it); declares nothing
ExtLibs/7zip/Compress/LzmaAlone/Properties/Resources.cs,70,LzmaAlone.Properties,ExtLibs/7zip/Compress/LzmaAlone/LzmaAlone.csproj,T0,delete,,,S,,,,,dropped,,,,e9e7ac1135a83c45cded5ce3d825ad6d80c6897019a314750c050d955a627d85,,no callers in the C# tree as of efb0801 (D16): nothing outside ExtLibs/7zip/ names LzmaAlone; declares Resources
ExtLibs/7zip/Compress/LzmaAlone/Properties/Settings.cs,42,LzmaAlone.Properties,ExtLibs/7zip/Compress/LzmaAlone/LzmaAlone.csproj,T0,delete,,,S,,,,,dropped,,,,05428411f12d365c77fb5a81a0e808dd9708989025c1f844038faaae3bcb4f99,,no callers in the C# tree as of efb0801 (D16): its project ExtLibs/7zip/Compress/LzmaAlone/LzmaAlone.csproj is in no build (neither MissionPlanner.sln nor MissionPlannerLib.sln reaches it); declares Settings
ExtLibs/7zip/Compress/RangeCoder/RangeCoder.cs,234,SevenZip.Compression.RangeCoder,ExtLibs/7zip/7zip.csproj,T0,delete,,,M,,,,,dropped,,,,5869f971bbd0fb3565cdcfd9b4053736941fe5f23fc108c32a615730f4f36f3c,,"no callers in the C# tree as of efb0801 (D16): nothing outside ExtLibs/7zip/ names SevenZip; declares Decoder, Encoder"
ExtLibs/7zip/Compress/RangeCoder/RangeCoderBit.cs,117,SevenZip.Compression.RangeCoder,ExtLibs/7zip/7zip.csproj,T0,delete,,,S,,,,,dropped,,,,d4b18bf5df991ef17378cb830c3334eeff6ab7e59ced9f45cf547de926c1dba7,,"no callers in the C# tree as of efb0801 (D16): nothing outside ExtLibs/7zip/ names SevenZip; declares BitDecoder, BitEncoder"
ExtLibs/7zip/Compress/RangeCoder/RangeCoderBitTree.cs,157,SevenZip.Compression.RangeCoder,ExtLibs/7zip/7zip.csproj,T0,delete,,,S,,,,,dropped,,,,3344b5c9be3de7c30eeb0999bf92059d8797e9d02c5189d2c1b77eb34bb39a61,,"no callers in the C# tree as of efb0801 (D16): nothing outside ExtLibs/7zip/ names SevenZip; declares BitTreeDecoder, BitTreeEncoder"
ExtLibs/7zip/ICoder.cs,157,SevenZip,ExtLibs/7zip/7zip.csproj,T0,delete,,,S,,,,,dropped,,,,c3b769c59fee20164cb64ddc3798828cca38a5476e8dcaf0c679c88735bab769,,"no callers in the C# tree as of efb0801 (D16): nothing outside ExtLibs/7zip/ names SevenZip; declares CoderPropID, DataErrorException, ICodeProgress, ICoder, ISetCoderProperties, ISetDecoderProperties, IWriteCoderProperties, InvalidParamException"
ExtLibs/AltitudeAngelWings.Plugin/AASettings.Designer.cs,657,AltitudeAngelWings.Plugin,ExtLibs/AltitudeAngelWings.Plugin/AltitudeAngelWings.Plugin.csproj,T2,extract,,,L,,,,,dropped,,,,7c84dc37519a4c9ee4c6cf7596368ea116ce239fcbf2d4e4321e08c20ef6c1f3,,"out of scope, owner's ruling §12 D13 (2026-09-25): Altitude Angel Wings (ExtLibs/AltitudeAngelWings)"
ExtLibs/AltitudeAngelWings.Plugin/AASettings.cs,414,AltitudeAngelWings.Plugin,ExtLibs/AltitudeAngelWings.Plugin/AltitudeAngelWings.Plugin.csproj,T3,hand-port,,,M,,,,,dropped,,,,1ceddeeb1737806503435512571bb8bd3155a9e6e9abee848b81b610309dde44,,"out of scope, owner's ruling §12 D13 (2026-09-25): Altitude Angel Wings (ExtLibs/AltitudeAngelWings)"
ExtLibs/AltitudeAngelWings.Plugin/AltitudeAngelPlugin.cs,136,AltitudeAngelWings.Plugin,ExtLibs/AltitudeAngelWings.Plugin/AltitudeAngelWings.Plugin.csproj,T3,hand-port,,,S,,,,,dropped,,,,3d498cf5f1e2d255eb3562f574d2b688079d99bfc95a741e5d9d8f51ff8f9f20,,"out of scope, owner's ruling §12 D13 (2026-09-25): Altitude Angel Wings (ExtLibs/AltitudeAngelWings)"
ExtLibs/AltitudeAngelWings.Plugin/ControlOverlayMessageDisplay.cs,132,AltitudeAngelWings.Plugin,ExtLibs/AltitudeAngelWings.Plugin/AltitudeAngelWings.Plugin.csproj,T3,hand-port,,,S,,,,,dropped,,,,a0c653b88b1a5ab31b7d4bf07f32e83ef5c332baacb55c2bfefb294599991b54,,"out of scope, owner's ruling §12 D13 (2026-09-25): Altitude Angel Wings (ExtLibs/AltitudeAngelWings)"
ExtLibs/AltitudeAngelWings.Plugin/ExternalWebBrowserAuthorizeCodeProvider.cs,70,AltitudeAngelWings.Plugin,ExtLibs/AltitudeAngelWings.Plugin/AltitudeAngelWings.Plugin.csproj,T3,hand-port,,,S,,,,,dropped,,,,c07b1b179410120fc9fef84650745840bcfda279998826caa7f99f57f7a8d3cb,,"out of scope, owner's ruling §12 D13 (2026-09-25): Altitude Angel Wings (ExtLibs/AltitudeAngelWings)"
ExtLibs/AltitudeAngelWings.Plugin/LocationwpExtensions.cs,69,AltitudeAngelWings.Plugin,ExtLibs/AltitudeAngelWings.Plugin/AltitudeAngelWings.Plugin.csproj,T3,hand-port,,,S,,,,,dropped,,,,4569b3ecefdc01cd0904bf9b7f15a9d1fe4c4896872ef3805f3e9400d1304e76,,"out of scope, owner's ruling §12 D13 (2026-09-25): Altitude Angel Wings (ExtLibs/AltitudeAngelWings)"
ExtLibs/AltitudeAngelWings.Plugin/MapAdapter.cs,213,AltitudeAngelWings.Plugin,ExtLibs/AltitudeAngelWings.Plugin/AltitudeAngelWings.Plugin.csproj,T3,hand-port,,,M,,,,,dropped,,,,d3bb594a286d9d92d936b71222989a3fc8e5f36abd2d146249ccd03f4fc6effb,,"out of scope, owner's ruling §12 D13 (2026-09-25): Altitude Angel Wings (ExtLibs/AltitudeAngelWings)"
ExtLibs/AltitudeAngelWings.Plugin/MapInfoDockPanel.cs,132,AltitudeAngelWings.Plugin,ExtLibs/AltitudeAngelWings.Plugin/AltitudeAngelWings.Plugin.csproj,T3,hand-port,,,S,,,,,dropped,,,,0a1dbde9cbef6baa7b12ce3ed9855600d44079506371889fa5a5148ed6b17c3c,,"out of scope, owner's ruling §12 D13 (2026-09-25): Altitude Angel Wings (ExtLibs/AltitudeAngelWings)"
ExtLibs/AltitudeAngelWings.Plugin/MavTypeExtensions.cs,37,AltitudeAngelWings.Plugin,ExtLibs/AltitudeAngelWings.Plugin/AltitudeAngelWings.Plugin.csproj,T3,hand-port,,,S,,,,,dropped,,,,51ca15ab491f7fbf0ae34681f0dec09aec06f583355a747d8f9bc65d9d174ec0,,"out of scope, owner's ruling §12 D13 (2026-09-25): Altitude Angel Wings (ExtLibs/AltitudeAngelWings)"
ExtLibs/AltitudeAngelWings.Plugin/MissionPlannerAdapter.cs,93,AltitudeAngelWings.Plugin,ExtLibs/AltitudeAngelWings.Plugin/AltitudeAngelWings.Plugin.csproj,T3,hand-port,,,S,,,,,dropped,,,,ba8a8895e0fe59048e41319d02a3cb7208e8c025818758651c24d0d2f733c4ce,,"out of scope, owner's ruling §12 D13 (2026-09-25): Altitude Angel Wings (ExtLibs/AltitudeAngelWings)"
ExtLibs/AltitudeAngelWings.Plugin/MissionPlannerStateAdapter.cs,45,AltitudeAngelWings.Plugin,ExtLibs/AltitudeAngelWings.Plugin/AltitudeAngelWings.Plugin.csproj,T3,hand-port,,,S,,,,,dropped,,,,3812eafbf3c00d184a4faa9a1d3f8c3b7ba779b1a1bcdbb7ac404cf79687dd75,,"out of scope, owner's ruling §12 D13 (2026-09-25): Altitude Angel Wings (ExtLibs/AltitudeAngelWings)"
ExtLibs/AltitudeAngelWings.Plugin/OverlayAdapter.cs,104,AltitudeAngelWings.Plugin,ExtLibs/AltitudeAngelWings.Plugin/AltitudeAngelWings.Plugin.csproj,T3,hand-port,,,S,,,,,dropped,,,,cd26635afc7b4a4ee2348062b300f10b1275794c66d3330c0ab6c5c6eabfb8fc,,"out of scope, owner's ruling §12 D13 (2026-09-25): Altitude Angel Wings (ExtLibs/AltitudeAngelWings)"
ExtLibs/AltitudeAngelWings.Plugin/Properties/Resources.Designer.cs,520,AltitudeAngelWings.Plugin.Properties,ExtLibs/AltitudeAngelWings.Plugin/AltitudeAngelWings.Plugin.csproj,T1,regenerate,,,M,,,,,dropped,,,,effab4ecaf7d908e5983303699310f385c79854c6af0d876af846d8842ab0cc9,,"out of scope, owner's ruling §12 D13 (2026-09-25): Altitude Angel Wings (ExtLibs/AltitudeAngelWings)"
ExtLibs/AltitudeAngelWings.Plugin/ServiceLocatorConfiguration.cs,95,AltitudeAngelWings.Plugin,ExtLibs/AltitudeAngelWings.Plugin/AltitudeAngelWings.Plugin.csproj,T3,hand-port,,,S,,,,,dropped,,,,4fb6e744a8ed6ec62c352304b1725add8b4e1509245f794aa8fa29737686be09,,"out of scope, owner's ruling §12 D13 (2026-09-25): Altitude Angel Wings (ExtLibs/AltitudeAngelWings)"
ExtLibs/AltitudeAngelWings.Plugin/UiTask.cs,156,AltitudeAngelWings.Plugin,ExtLibs/AltitudeAngelWings.Plugin/AltitudeAngelWings.Plugin.csproj,T3,hand-port,,,S,,,,,dropped,,,,c17eac0cb06d4a0fd8c2ebe8aaff1a2dfad5c2feb1827ef36326dca77b24d264,,"out of scope, owner's ruling §12 D13 (2026-09-25): Altitude Angel Wings (ExtLibs/AltitudeAngelWings)"
ExtLibs/AltitudeAngelWings.Plugin/WaitPanel.Designer.cs,104,AltitudeAngelWings.Plugin,ExtLibs/AltitudeAngelWings.Plugin/AltitudeAngelWings.Plugin.csproj,T2,extract,,,S,,,,,dropped,,,,3af4371d8603e62fb4ab0b54a77a42e61a2bdd3c7ca0caedbea084bbd63c6914,,"out of scope, owner's ruling §12 D13 (2026-09-25): Altitude Angel Wings (ExtLibs/AltitudeAngelWings)"
ExtLibs/AltitudeAngelWings.Plugin/WaitPanel.cs,70,AltitudeAngelWings.Plugin,ExtLibs/AltitudeAngelWings.Plugin/AltitudeAngelWings.Plugin.csproj,T3,hand-port,,,S,,,,,dropped,,,,113271cc77ed7a16bfb07bbec0db2e8c3cc53c969dda667d3b674a2c02d29053,,"out of scope, owner's ruling §12 D13 (2026-09-25): Altitude Angel Wings (ExtLibs/AltitudeAngelWings)"
ExtLibs/AltitudeAngelWings/Clients/Api/ApiClient.cs,85,AltitudeAngelWings.Clients.Api,ExtLibs/AltitudeAngelWings/AltitudeAngelWings.csproj,T3,hand-port,,,S,,,,,dropped,,,,a7d6da33785cee0077d6364befd39365154d00cbd7d309c4a6dcd555f9eddefc,,"out of scope, owner's ruling §12 D13 (2026-09-25): Altitude Angel Wings (ExtLibs/AltitudeAngelWings)"
ExtLibs/AltitudeAngelWings/Clients/Api/IApiClient.cs,13,AltitudeAngelWings.Clients.Api,ExtLibs/AltitudeAngelWings/AltitudeAngelWings.csproj,T3,hand-port,,,S,,,,,dropped,,,,f399954dbc583df69ab5c09858348ff2fa0912f0f5a20a84d07aa0e8f8c741ac,,"out of scope, owner's ruling §12 D13 (2026-09-25): Altitude Angel Wings (ExtLibs/AltitudeAngelWings)"
ExtLibs/AltitudeAngelWings/Clients/Api/Model/AircraftInfo.cs,23,AltitudeAngelWings.Clients.Api.Model,ExtLibs/AltitudeAngelWings/AltitudeAngelWings.csproj,T3,hand-port,,,S,,,,,dropped,,,,43e4bf544586e90ff9881f9d25c6ed8608fef4b06d43327a89181daef55a4353,,"out of scope, owner's ruling §12 D13 (2026-09-25): Altitude Angel Wings (ExtLibs/AltitudeAngelWings)"
ExtLibs/AltitudeAngelWings/Clients/Api/Model/Altitude.cs,12,AltitudeAngelWings.Clients.Api.Model,ExtLibs/AltitudeAngelWings/AltitudeAngelWings.csproj,T3,hand-port,,,S,,,,,dropped,,,,9258020382c3cff13251d2e376463ac8e84a13be118a9c24e73bf1c6ba8d7a0e,,"out of scope, owner's ruling §12 D13 (2026-09-25): Altitude Angel Wings (ExtLibs/AltitudeAngelWings)"
ExtLibs/AltitudeAngelWings/Clients/Api/Model/BoundingLatLong.cs,13,AltitudeAngelWings.Clients.Api.Model,ExtLibs/AltitudeAngelWings/AltitudeAngelWings.csproj,T3,hand-port,,,S,,,,,dropped,,,,f5f12000f20a62e29cccb2e885e921c690c4b5f6619538c560829a6fa43403bd,,"out of scope, owner's ruling §12 D13 (2026-09-25): Altitude Angel Wings (ExtLibs/AltitudeAngelWings)"
ExtLibs/AltitudeAngelWings/Clients/Api/Model/BoundingLatLongExtensions.cs,15,AltitudeAngelWings.Clients.Api.Model,ExtLibs/AltitudeAngelWings/AltitudeAngelWings.csproj,T3,hand-port,,,S,,,,,dropped,,,,5371f653afb01056cb20dcfd4944f3af6d3fcce402e7cca40bcde2e22511247d,,"out of scope, owner's ruling §12 D13 (2026-09-25): Altitude Angel Wings (ExtLibs/AltitudeAngelWings)"
ExtLibs/AltitudeAngelWings/Clients/Api/Model/Contact.cs,10,AltitudeAngelWings.Clients.Api.Model,ExtLibs/AltitudeAngelWings/AltitudeAngelWings.csproj,T3,hand-port,,,S,,,,,dropped,,,,4fe4ee5f8b673572c464676254451e79ade8db45b642218bcb83d92ddd581e21,,"out of scope, owner's ruling §12 D13 (2026-09-25): Altitude Angel Wings (ExtLibs/AltitudeAngelWings)"
ExtLibs/AltitudeAngelWings/Clients/Api/Model/DisplayInfo.cs,19,AltitudeAngelWings.Clients.Api.Model,ExtLibs/AltitudeAngelWings/AltitudeAngelWings.csproj,T3,hand-port,,,S,,,,,dropped,,,,bc6d1bc3f911df80a3596f68f553da354f8b145a9c843784372880ae69cbe990,,"out of scope, owner's ruling §12 D13 (2026-09-25): Altitude Angel Wings (ExtLibs/AltitudeAngelWings)"
ExtLibs/AltitudeAngelWings/Clients/Api/Model/DisplayInfoExtensions.cs,219,AltitudeAngelWings.Clients.Api.Model,ExtLibs/AltitudeAngelWings/AltitudeAngelWings.csproj,T3,hand-port,,,M,,,,,dropped,,,,7f11ed89e5e16e10b2f540f89bb48370977184f5e3d56e68d3028188557fd7c2,,"out of scope, owner's ruling §12 D13 (2026-09-25): Altitude Angel Wings (ExtLibs/AltitudeAngelWings)"
ExtLibs/AltitudeAngelWings/Clients/Api/Model/DisplaySection.cs,21,AltitudeAngelWings.Clients.Api.Model,ExtLibs/AltitudeAngelWings/AltitudeAngelWings.csproj,T3,hand-port,,,S,,,,,dropped,,,,9c5fde005d6a5bfae6a9e1963d1fb71ac1495de9885f6eaa6137ad01713f190f,,"out of scope, owner's ruling §12 D13 (2026-09-25): Altitude Angel Wings (ExtLibs/AltitudeAngelWings)"
ExtLibs/AltitudeAngelWings/Clients/Api/Model/ExcludedData.cs,13,AltitudeAngelWings.Clients.Api.Model,ExtLibs/AltitudeAngelWings/AltitudeAngelWings.csproj,T3,hand-port,,,S,,,,,dropped,,,,c73f93fc3751dafd4545efc5848f6ef32dd241c543a28d14dc059a47b4fec42c,,"out of scope, owner's ruling §12 D13 (2026-09-25): Altitude Angel Wings (ExtLibs/AltitudeAngelWings)"
ExtLibs/AltitudeAngelWings/Clients/Api/Model/ExcludedDataDetail.cs,11,AltitudeAngelWings.Clients.Api.Model,ExtLibs/AltitudeAngelWings/AltitudeAngelWings.csproj,T3,hand-port,,,S,,,,,dropped,,,,55ed4cbe8b7fd0a1774cb89452de83fd3a5d4d58c8c70f80b1c23cfa404b6329,,"out of scope, owner's ruling §12 D13 (2026-09-25): Altitude Angel Wings (ExtLibs/AltitudeAngelWings)"
ExtLibs/AltitudeAngelWings/Clients/Api/Model/FeatureExtensions.cs,69,AltitudeAngelWings.Clients.Api.Model,ExtLibs/AltitudeAngelWings/AltitudeAngelWings.csproj,T3,hand-port,,,S,,,,,dropped,,,,61709001c6731fab47d4d92e57fb2fd20d56b59ce6b13dfdf0a7e54e1a15aa16,,"out of scope, owner's ruling §12 D13 (2026-09-25): Altitude Angel Wings (ExtLibs/AltitudeAngelWings)"
ExtLibs/AltitudeAngelWings/Clients/Api/Model/FeatureProperties.cs,43,AltitudeAngelWings.Clients.Api.Model,ExtLibs/AltitudeAngelWings/AltitudeAngelWings.csproj,T3,hand-port,,,S,,,,,dropped,,,,6f99ad7ffea58508433ba13b02751985803e3027e2ed5a8dd034acb9bdd65f23,,"out of scope, owner's ruling §12 D13 (2026-09-25): Altitude Angel Wings (ExtLibs/AltitudeAngelWings)"
ExtLibs/AltitudeAngelWings/Clients/Api/Model/FeaturePropertiesExtensions.cs,124,AltitudeAngelWings.Clients.Api.Model,ExtLibs/AltitudeAngelWings/AltitudeAngelWings.csproj,T3,hand-port,,,S,,,,,dropped,,,,9161b9606031f6707a4db1d1a4072b7b2f978b189ce55707912c21d98bc86754,,"out of scope, owner's ruling §12 D13 (2026-09-25): Altitude Angel Wings (ExtLibs/AltitudeAngelWings)"
ExtLibs/AltitudeAngelWings/Clients/Api/Model/FilterInfo.cs,23,AltitudeAngelWings.Clients.Api.Model,ExtLibs/AltitudeAngelWings/AltitudeAngelWings.csproj,T3,hand-port,,,S,,,,,dropped,,,,7debdc949c90aba186b0dc021c0cb031eed5b6b8458286894d2f86b8936aa8dc,,"out of scope, owner's ruling §12 D13 (2026-09-25): Altitude Angel Wings (ExtLibs/AltitudeAngelWings)"
ExtLibs/AltitudeAngelWings/Clients/Api/Model/FilterInfoDisplay.cs,9,AltitudeAngelWings.Clients.Api.Model,ExtLibs/AltitudeAngelWings/AltitudeAngelWings.csproj,T3,hand-port,,,S,,,,,dropped,,,,a377a81c6dd952a16e55d1e6a84e2848e3ec534c8dcf8b98a3d5fc879aa7e16b,,"out of scope, owner's ruling §12 D13 (2026-09-25): Altitude Angel Wings (ExtLibs/AltitudeAngelWings)"
ExtLibs/AltitudeAngelWings/Clients/Api/Model/FilterInfoEqualityComparer.cs,20,AltitudeAngelWings.Clients.Api.Model,ExtLibs/AltitudeAngelWings/AltitudeAngelWings.csproj,T3,hand-port,,,S,,,,,dropped,,,,9c046c7b053c24ee5f65e1ef2767a66448ff2982f046229f471450f6fb97fd84,,"out of scope, owner's ruling §12 D13 (2026-09-25): Altitude Angel Wings (ExtLibs/AltitudeAngelWings)"
ExtLibs/AltitudeAngelWings/Clients/Api/Model/FlightInfo.cs,44,AltitudeAngelWings.Clients.Api.Model,ExtLibs/AltitudeAngelWings/AltitudeAngelWings.csproj,T3,hand-port,,,S,,,,,dropped,,,,d4ca975ae2748914ad297e2d9db10d48567eedc97106268c0da1146d626a4815,,"out of scope, owner's ruling §12 D13 (2026-09-25): Altitude Angel Wings (ExtLibs/AltitudeAngelWings)"
ExtLibs/AltitudeAngelWings/Clients/Api/Model/LatLong.cs,24,AltitudeAngelWings.Clients.Api.Model,ExtLibs/AltitudeAngelWings/AltitudeAngelWings.csproj,T3,hand-port,,,S,,,,,dropped,,,,eb628673cf2a9b82777da91949ce5527e04ba94739525ac3f1d89a52b5380648,,"out of scope, owner's ruling §12 D13 (2026-09-25): Altitude Angel Wings (ExtLibs/AltitudeAngelWings)"
ExtLibs/AltitudeAngelWings/Clients/Api/Model/MapFeatureCollection.cs,15,AltitudeAngelWings.Clients.Api.Model,ExtLibs/AltitudeAngelWings/AltitudeAngelWings.csproj,T3,hand-port,,,S,,,,,dropped,,,,bb48f1d8df50217582c860527b2acc52d0886d2478b49ab67c347d0996694025,,"out of scope, owner's ruling §12 D13 (2026-09-25): Altitude Angel Wings (ExtLibs/AltitudeAngelWings)"
ExtLibs/AltitudeAngelWings/Clients/Api/Model/PhoneNumber.cs,13,AltitudeAngelWings.Clients.Api.Model,ExtLibs/AltitudeAngelWings/AltitudeAngelWings.csproj,T3,hand-port,,,S,,,,,dropped,,,,326b3a8754c1548eafb1b39921b529b2af5fb3652a4cfd9afd003aaf9ac1ed97,,"out of scope, owner's ruling §12 D13 (2026-09-25): Altitude Angel Wings (ExtLibs/AltitudeAngelWings)"
ExtLibs/AltitudeAngelWings/Clients/Api/Model/RateCard.cs,16,AltitudeAngelWings.Clients.Api.Model,ExtLibs/AltitudeAngelWings/AltitudeAngelWings.csproj,T3,hand-port,,,S,,,,,dropped,,,,5cc1559c8c8f4fdd9ed49197e7789d44912a885a596c0eb41ee474ff32fe5cc9,,"out of scope, owner's ruling §12 D13 (2026-09-25): Altitude Angel Wings (ExtLibs/AltitudeAngelWings)"
ExtLibs/AltitudeAngelWings/Clients/Api/Model/RateCardDetail.cs,45,AltitudeAngelWings.Clients.Api.Model,ExtLibs/AltitudeAngelWings/AltitudeAngelWings.csproj,T3,hand-port,,,S,,,,,dropped,,,,ce7846c80d96d88fbe703c0e84c656f4199d2b4ad818ae35e25a1e05c77eaa16,,"out of scope, owner's ruling §12 D13 (2026-09-25): Altitude Angel Wings (ExtLibs/AltitudeAngelWings)"
ExtLibs/AltitudeAngelWings/Clients/Api/Model/RateDetail.cs,18,AltitudeAngelWings.Clients.Api.Model,ExtLibs/AltitudeAngelWings/AltitudeAngelWings.csproj,T3,hand-port,,,S,,,,,dropped,,,,5f3e955bc46ace24653d007540abb857f26d0a421dcc099548e28cc8fc11a566,,"out of scope, owner's ruling §12 D13 (2026-09-25): Altitude Angel Wings (ExtLibs/AltitudeAngelWings)"
ExtLibs/AltitudeAngelWings/Clients/Api/Model/ReportRequest.cs,24,AltitudeAngelWings.Clients.Api.Model,ExtLibs/AltitudeAngelWings/AltitudeAngelWings.csproj,T3,hand-port,,,S,,,,,dropped,,,,36f75ec5bd85e263a9769ef2224f1494bcc0bd7a729b96b03ccd554306eddea8,,"out of scope, owner's ruling §12 D13 (2026-09-25): Altitude Angel Wings (ExtLibs/AltitudeAngelWings)"
ExtLibs/AltitudeAngelWings/Clients/Api/Model/UtmDetails.cs,13,AltitudeAngelWings.Clients.Api.Model,ExtLibs/AltitudeAngelWings/AltitudeAngelWings.csproj,T3,hand-port,,,S,,,,,dropped,,,,eff3f4e71eaa720da12dac3e803cd2084ce2ccdb9f051a656a5d07a0bcd39b9c,,"out of scope, owner's ruling §12 D13 (2026-09-25): Altitude Angel Wings (ExtLibs/AltitudeAngelWings)"
ExtLibs/AltitudeAngelWings/Clients/Api/Model/UtmStatus.cs,18,AltitudeAngelWings.Clients.Api.Model,ExtLibs/AltitudeAngelWings/AltitudeAngelWings.csproj,T3,hand-port,,,S,,,,,dropped,,,,41c0ea77ca5d202847eaabdf7ffb38e4389a0003af7bf9459e7f04cb0f0b6461,,"out of scope, owner's ruling §12 D13 (2026-09-25): Altitude Angel Wings (ExtLibs/AltitudeAngelWings)"
ExtLibs/AltitudeAngelWings/Clients/Api/Model/WeatherInfo.cs,22,AltitudeAngelWings.Clients.Api.Model,ExtLibs/AltitudeAngelWings/AltitudeAngelWings.csproj,T3,hand-port,,,S,,,,,dropped,,,,2496a8f46f4402667bd1fb13f42485b6ad26f3dd161ca99cd0f2b99a67612de3,,"out of scope, owner's ruling §12 D13 (2026-09-25): Altitude Angel Wings (ExtLibs/AltitudeAngelWings)"
ExtLibs/AltitudeAngelWings/Clients/Auth/AuthClient.cs,119,AltitudeAngelWings.Clients.Auth,ExtLibs/AltitudeAngelWings/AltitudeAngelWings.csproj,T3,hand-port,,,S,,,,,dropped,,,,844406ee6cdbb2b1e3de3e9a38a525a16ad169094b82dc1968e75e34e25619b3,,"out of scope, owner's ruling §12 D13 (2026-09-25): Altitude Angel Wings (ExtLibs/AltitudeAngelWings)"
ExtLibs/AltitudeAngelWings/Clients/Auth/IAuthClient.cs,15,AltitudeAngelWings.Clients.Auth,ExtLibs/AltitudeAngelWings/AltitudeAngelWings.csproj,T3,hand-port,,,S,,,,,dropped,,,,bd021e6c662fb156bdc0836e19ce230dea12356a848bdcad627192ef89c30c43,,"out of scope, owner's ruling §12 D13 (2026-09-25): Altitude Angel Wings (ExtLibs/AltitudeAngelWings)"
ExtLibs/AltitudeAngelWings/Clients/Auth/Model/TokenResponse.cs,33,AltitudeAngelWings.Clients.Auth.Model,ExtLibs/AltitudeAngelWings/AltitudeAngelWings.csproj,T3,hand-port,,,S,,,,,dropped,,,,8f337a63e13c0d74affeffb4501caed444c56d0be0dac6cad2e4ef1828f02242,,"out of scope, owner's ruling §12 D13 (2026-09-25): Altitude Angel Wings (ExtLibs/AltitudeAngelWings)"
ExtLibs/AltitudeAngelWings/Clients/Auth/Model/TokenResponseExtensions.cs,100,AltitudeAngelWings.Clients.Auth.Model,ExtLibs/AltitudeAngelWings/AltitudeAngelWings.csproj,T3,hand-port,,,S,,,,,dropped,,,,c1e4eadf1004046ff400804fe99b2dd2a2c0c48f6fdf6636888999b0aff389d7,,"out of scope, owner's ruling §12 D13 (2026-09-25): Altitude Angel Wings (ExtLibs/AltitudeAngelWings)"
ExtLibs/AltitudeAngelWings/Clients/Auth/Model/UnitOfMeasure.cs,8,AltitudeAngelWings.Clients.Auth.Model,ExtLibs/AltitudeAngelWings/AltitudeAngelWings.csproj,T3,hand-port,,,S,,,,,dropped,,,,e69bf610ac0857d154c9bcda3435a681f66d0d41532351b27aafc0a1e93c16ad,,"out of scope, owner's ruling §12 D13 (2026-09-25): Altitude Angel Wings (ExtLibs/AltitudeAngelWings)"
ExtLibs/AltitudeAngelWings/Clients/Auth/Model/UserProfileInfo.cs,30,AltitudeAngelWings.Clients.Auth.Model,ExtLibs/AltitudeAngelWings/AltitudeAngelWings.csproj,T3,hand-port,,,S,,,,,dropped,,,,c0da5bbcc1398167cd092d31d301f22bcd721130ef37bcf4ab019d52e13e6192,,"out of scope, owner's ruling §12 D13 (2026-09-25): Altitude Angel Wings (ExtLibs/AltitudeAngelWings)"
ExtLibs/AltitudeAngelWings/Clients/BearerTokenHttpMessageHandler.cs,30,AltitudeAngelWings.Clients,ExtLibs/AltitudeAngelWings/AltitudeAngelWings.csproj,T3,hand-port,,,S,,,,,dropped,,,,02552011d66b3bafc745781443d95dc707c73a91a01fc44faf0af91df868234c,,"out of scope, owner's ruling §12 D13 (2026-09-25): Altitude Angel Wings (ExtLibs/AltitudeAngelWings)"
ExtLibs/AltitudeAngelWings/Clients/DelegatingHttpHandlerFactory.cs,18,AltitudeAngelWings.Clients,ExtLibs/AltitudeAngelWings/AltitudeAngelWings.csproj,T3,hand-port,,,S,,,,,dropped,,,,2c29e0b9ba7ea711f202c048c9ec12bea03c6ec962977750a07b16c28bc64982,,"out of scope, owner's ruling §12 D13 (2026-09-25): Altitude Angel Wings (ExtLibs/AltitudeAngelWings)"
ExtLibs/AltitudeAngelWings/Clients/Flight/FlightClient.cs,86,AltitudeAngelWings.Clients.Flight,ExtLibs/AltitudeAngelWings/AltitudeAngelWings.csproj,T3,hand-port,,,S,,,,,dropped,,,,fc53b4c0865bef7b509be75bf1ff4bd55d8746557099e1c68dcb5ca89a75a3a4,,"out of scope, owner's ruling §12 D13 (2026-09-25): Altitude Angel Wings (ExtLibs/AltitudeAngelWings)"
ExtLibs/AltitudeAngelWings/Clients/Flight/IFlightClient.cs,18,AltitudeAngelWings.Clients.Flight,ExtLibs/AltitudeAngelWings/AltitudeAngelWings.csproj,T3,hand-port,,,S,,,,,dropped,,,,99d5e5de635bd3997ae296672e19781d7f4c2a71bcb10ded7f6478f6b21dd8a0,,"out of scope, owner's ruling §12 D13 (2026-09-25): Altitude Angel Wings (ExtLibs/AltitudeAngelWings)"
ExtLibs/AltitudeAngelWings/Clients/Flight/Model/AirFrameType.cs,15,AltitudeAngelWings.Clients.Flight.Model,ExtLibs/AltitudeAngelWings/AltitudeAngelWings.csproj,T3,hand-port,,,S,,,,,dropped,,,,e6345177664a83441203804dbb11c2a106f701299d16252dedb743494fd5979b,,"out of scope, owner's ruling §12 D13 (2026-09-25): Altitude Angel Wings (ExtLibs/AltitudeAngelWings)"
ExtLibs/AltitudeAngelWings/Clients/Flight/Model/AirborneState.cs,24,AltitudeAngelWings.Clients.Flight.Model,ExtLibs/AltitudeAngelWings/AltitudeAngelWings.csproj,T3,hand-port,,,S,,,,,dropped,,,,277b5243c3f76577c62332943a7711b7bd55ed119ccc28a526d45448d6fb50a6,,"out of scope, owner's ruling §12 D13 (2026-09-25): Altitude Angel Wings (ExtLibs/AltitudeAngelWings)"
ExtLibs/AltitudeAngelWings/Clients/Flight/Model/Altitude.cs,16,AltitudeAngelWings.Clients.Flight.Model,ExtLibs/AltitudeAngelWings/AltitudeAngelWings.csproj,T3,hand-port,,,S,,,,,dropped,,,,9f5a8de1bbd4443fde781d8b26018c9411edbad4b8a0559ef4fc3ac7a71298d7,,"out of scope, owner's ruling §12 D13 (2026-09-25): Altitude Angel Wings (ExtLibs/AltitudeAngelWings)"
ExtLibs/AltitudeAngelWings/Clients/Flight/Model/AltitudeDatum.cs,26,AltitudeAngelWings.Clients.Flight.Model,ExtLibs/AltitudeAngelWings/AltitudeAngelWings.csproj,T3,hand-port,,,S,,,,,dropped,,,,38ad9720e31b1416dd0749dc9f8ff6f063a319f9c068682e13bf14efcbc82d0d,,"out of scope, owner's ruling §12 D13 (2026-09-25): Altitude Angel Wings (ExtLibs/AltitudeAngelWings)"
ExtLibs/AltitudeAngelWings/Clients/Flight/Model/ApprovalAction.cs,22,AltitudeAngelWings.Clients.Flight.Model,ExtLibs/AltitudeAngelWings/AltitudeAngelWings.csproj,T3,hand-port,,,S,,,,,dropped,,,,e151cd805470f1ccb95f517683643ce496118c271abb99043ff1ffdf67163531,,"out of scope, owner's ruling §12 D13 (2026-09-25): Altitude Angel Wings (ExtLibs/AltitudeAngelWings)"
ExtLibs/AltitudeAngelWings/Clients/Flight/Model/ApprovalOptionReference.cs,17,AltitudeAngelWings.Clients.Flight.Model,ExtLibs/AltitudeAngelWings/AltitudeAngelWings.csproj,T3,hand-port,,,S,,,,,dropped,,,,64a3a497244dd64358322d5ec4808db5d8392b0d2660427aa7a25384e6df55bf,,"out of scope, owner's ruling §12 D13 (2026-09-25): Altitude Angel Wings (ExtLibs/AltitudeAngelWings)"
ExtLibs/AltitudeAngelWings/Clients/Flight/Model/ApprovalState.cs,28,AltitudeAngelWings.Clients.Flight.Model,ExtLibs/AltitudeAngelWings/AltitudeAngelWings.csproj,T3,hand-port,,,S,,,,,dropped,,,,c0faca5b8a20af0294d4b805fd48462ab3d3cdfcb50c525c89876cad80123004,,"out of scope, owner's ruling §12 D13 (2026-09-25): Altitude Angel Wings (ExtLibs/AltitudeAngelWings)"
ExtLibs/AltitudeAngelWings/Clients/Flight/Model/ApprovalStatus.cs,51,AltitudeAngelWings.Clients.Flight.Model,ExtLibs/AltitudeAngelWings/AltitudeAngelWings.csproj,T3,hand-port,,,S,,,,,dropped,,,,7c3c75565c1032156bfbefebb20fea6babdb0e18eecc9929a2bb39277305ed0a,,"out of scope, owner's ruling §12 D13 (2026-09-25): Altitude Angel Wings (ExtLibs/AltitudeAngelWings)"
ExtLibs/AltitudeAngelWings/Clients/Flight/Model/ContactDetails.cs,29,AltitudeAngelWings.Clients.Flight.Model,ExtLibs/AltitudeAngelWings/AltitudeAngelWings.csproj,T3,hand-port,,,S,,,,,dropped,,,,1d055cd0a70b9359206836d26e7b6ea8fc0d02d7b3f272b26d9a8d3ff35ddc40,,"out of scope, owner's ruling §12 D13 (2026-09-25): Altitude Angel Wings (ExtLibs/AltitudeAngelWings)"
ExtLibs/AltitudeAngelWings/Clients/Flight/Model/CreateFlightPartRequest.cs,64,AltitudeAngelWings.Clients.Flight.Model,ExtLibs/AltitudeAngelWings/AltitudeAngelWings.csproj,T3,hand-port,,,S,,,,,dropped,,,,e991e3b96dfdec115b81f4d6cb970bcf89e12b3e7abfd8c997ae327f78c760cf,,"out of scope, owner's ruling §12 D13 (2026-09-25): Altitude Angel Wings (ExtLibs/AltitudeAngelWings)"
ExtLibs/AltitudeAngelWings/Clients/Flight/Model/CreateFlightPlanRequest.cs,85,AltitudeAngelWings.Clients.Flight.Model,ExtLibs/AltitudeAngelWings/AltitudeAngelWings.csproj,T3,hand-port,,,S,,,,,dropped,,,,f87b731d7e42032845742469b7da30635468da10219b054efeeecf9c39aedef9,,"out of scope, owner's ruling §12 D13 (2026-09-25): Altitude Angel Wings (ExtLibs/AltitudeAngelWings)"
ExtLibs/AltitudeAngelWings/Clients/Flight/Model/CreateFlightPlanRequestDroneDetails.cs,41,AltitudeAngelWings.Clients.Flight.Model,ExtLibs/AltitudeAngelWings/AltitudeAngelWings.csproj,T3,hand-port,,,S,,,,,dropped,,,,e78356385db5c9e51ddfed5497e96dafc5ae88b340b48797258c5ce3376269c5,,"out of scope, owner's ruling §12 D13 (2026-09-25): Altitude Angel Wings (ExtLibs/AltitudeAngelWings)"
ExtLibs/AltitudeAngelWings/Clients/Flight/Model/CreateFlightPlanResponse.cs,26,AltitudeAngelWings.Clients.Flight.Model,ExtLibs/AltitudeAngelWings/AltitudeAngelWings.csproj,T3,hand-port,,,S,,,,,dropped,,,,9ca68e55bc34dfd36ff17be082b2f0f78190474ce5aa0c47ce39559cdf6db18f,,"out of scope, owner's ruling §12 D13 (2026-09-25): Altitude Angel Wings (ExtLibs/AltitudeAngelWings)"
ExtLibs/AltitudeAngelWings/Clients/Flight/Model/EmergencyState.cs,52,AltitudeAngelWings.Clients.Flight.Model,ExtLibs/AltitudeAngelWings/AltitudeAngelWings.csproj,T3,hand-port,,,S,,,,,dropped,,,,a15ca8b6dd704e0be5bccf66a11d1823f6bc154f0a874f49fd0ec28a040a397b,,"out of scope, owner's ruling §12 D13 (2026-09-25): Altitude Angel Wings (ExtLibs/AltitudeAngelWings)"
ExtLibs/AltitudeAngelWings/Clients/Flight/Model/FlightCapability.cs,11,AltitudeAngelWings.Clients.Flight.Model,ExtLibs/AltitudeAngelWings/AltitudeAngelWings.csproj,T3,hand-port,,,S,,,,,dropped,,,,012cd791e1e2270fa6c159252d9796869c16b678eaefbf2c8a3d938f16f46979,,"out of scope, owner's ruling §12 D13 (2026-09-25): Altitude Angel Wings (ExtLibs/AltitudeAngelWings)"
ExtLibs/AltitudeAngelWings/Clients/Flight/Model/FlightOperationMode.cs,14,AltitudeAngelWings.Clients.Flight.Model,ExtLibs/AltitudeAngelWings/AltitudeAngelWings.csproj,T3,hand-port,,,S,,,,,dropped,,,,e2b01ed14c4d369b0da3937262ac140994a7f16cc1aa7e5eb46dc92e015d8ea9,,"out of scope, owner's ruling §12 D13 (2026-09-25): Altitude Angel Wings (ExtLibs/AltitudeAngelWings)"
ExtLibs/AltitudeAngelWings/Clients/Flight/Model/FlightPlanOwners.cs,8,AltitudeAngelWings.Clients.Flight.Model,ExtLibs/AltitudeAngelWings/AltitudeAngelWings.csproj,T3,hand-port,,,S,,,,,dropped,,,,b57535c0491ff2bb11836166263a5d40d9b6dd0a968473389345791b9fbddcc6,,"out of scope, owner's ruling §12 D13 (2026-09-25): Altitude Angel Wings (ExtLibs/AltitudeAngelWings)"
ExtLibs/AltitudeAngelWings/Clients/Flight/Model/FlightPlanRequestOrganization.cs,19,AltitudeAngelWings.Clients.Flight.Model,ExtLibs/AltitudeAngelWings/AltitudeAngelWings.csproj,T3,hand-port,,,S,,,,,dropped,,,,e2b789b02f3dbbf0c099f389489f1e97f350b664fd6496a1e5ad0e656fafb19e,,"out of scope, owner's ruling §12 D13 (2026-09-25): Altitude Angel Wings (ExtLibs/AltitudeAngelWings)"
ExtLibs/AltitudeAngelWings/Clients/Flight/Model/FlightPlanStatus.cs,18,AltitudeAngelWings.Clients.Flight.Model,ExtLibs/AltitudeAngelWings/AltitudeAngelWings.csproj,T3,hand-port,,,S,,,,,dropped,,,,13dcde16f2835e7dca9230548e4963c472e8ece4a8db939f358923b14fa63c83,,"out of scope, owner's ruling §12 D13 (2026-09-25): Altitude Angel Wings (ExtLibs/AltitudeAngelWings)"
ExtLibs/AltitudeAngelWings/Clients/Flight/Model/FlightPriorityLevel.cs,10,AltitudeAngelWings.Clients.Flight.Model,ExtLibs/AltitudeAngelWings/AltitudeAngelWings.csproj,T3,hand-port,,,S,,,,,dropped,,,,52b7b7d22b7111b90a3706fa0d953d4413bd5ac2a74b2e21d707c47ed4c41b12,,"out of scope, owner's ruling §12 D13 (2026-09-25): Altitude Angel Wings (ExtLibs/AltitudeAngelWings)"
ExtLibs/AltitudeAngelWings/Clients/Flight/Model/FlightReason.cs,8,AltitudeAngelWings.Clients.Flight.Model,ExtLibs/AltitudeAngelWings/AltitudeAngelWings.csproj,T3,hand-port,,,S,,,,,dropped,,,,0ae6c0187d80a42bb0f48dce9eabdc2c0d5e955847e788504415dd325e75ed48,,"out of scope, owner's ruling §12 D13 (2026-09-25): Altitude Angel Wings (ExtLibs/AltitudeAngelWings)"
ExtLibs/AltitudeAngelWings/Clients/Flight/Model/FlightState.cs,28,AltitudeAngelWings.Clients.Flight.Model,ExtLibs/AltitudeAngelWings/AltitudeAngelWings.csproj,T3,hand-port,,,S,,,,,dropped,,,,a858f5d92488ff87a0396febebf9b75e3f2f512ee65abe15ef18b668490c587b,,"out of scope, owner's ruling §12 D13 (2026-09-25): Altitude Angel Wings (ExtLibs/AltitudeAngelWings)"
ExtLibs/AltitudeAngelWings/Clients/Flight/Model/FlightStates.cs,24,AltitudeAngelWings.Clients.Flight.Model,ExtLibs/AltitudeAngelWings/AltitudeAngelWings.csproj,T3,hand-port,,,S,,,,,dropped,,,,66eec2c57936179dffb0a1c8f929828e072d4916be20e21b1eb0d71da327608e,,"out of scope, owner's ruling §12 D13 (2026-09-25): Altitude Angel Wings (ExtLibs/AltitudeAngelWings)"
ExtLibs/AltitudeAngelWings/Clients/Flight/Model/ServiceRequests/FlightApprovalServiceRequest.cs,12,AltitudeAngelWings.Clients.Flight.Model.ServiceRequests,ExtLibs/AltitudeAngelWings/AltitudeAngelWings.csproj,T3,hand-port,,,S,,,,,dropped,,,,23fb3e3167e210d5bcdbe93e73b4bf1aec657b81b02c6518dede5af45d167a0f,,"out of scope, owner's ruling §12 D13 (2026-09-25): Altitude Angel Wings (ExtLibs/AltitudeAngelWings)"
ExtLibs/AltitudeAngelWings/Clients/Flight/Model/ServiceRequests/FlightApprovalServiceRequestProperties.cs,5,AltitudeAngelWings.Clients.Flight.Model.ServiceRequests,ExtLibs/AltitudeAngelWings/AltitudeAngelWings.csproj,T3,hand-port,,,S,,,,,dropped,,,,99b04b0f377686b2322fab38c7f23587ddf3060c32e538ad79637db0609806d2,,"out of scope, owner's ruling §12 D13 (2026-09-25): Altitude Angel Wings (ExtLibs/AltitudeAngelWings)"
ExtLibs/AltitudeAngelWings/Clients/Flight/Model/ServiceRequests/FlightApprovalServiceResponse.cs,18,AltitudeAngelWings.Clients.Flight.Model.ServiceRequests,ExtLibs/AltitudeAngelWings/AltitudeAngelWings.csproj,T3,hand-port,,,S,,,,,dropped,,,,17096c0a0fbe38f6b07fcff6b1d90211dae882ade8c6580ce58a493c938b86a1,,"out of scope, owner's ruling §12 D13 (2026-09-25): Altitude Angel Wings (ExtLibs/AltitudeAngelWings)"
ExtLibs/AltitudeAngelWings/Clients/Flight/Model/ServiceRequests/FlightApprovalServiceResponseProperties.cs,9,AltitudeAngelWings.Clients.Flight.Model.ServiceRequests,ExtLibs/AltitudeAngelWings/AltitudeAngelWings.csproj,T3,hand-port,,,S,,,,,dropped,,,,946a3964afa20b42bff1563bfaa42e4d43d753a6d004e8576e81cfa1de985aa8,,"out of scope, owner's ruling §12 D13 (2026-09-25): Altitude Angel Wings (ExtLibs/AltitudeAngelWings)"
ExtLibs/AltitudeAngelWings/Clients/Flight/Model/ServiceRequests/FlightServiceResponseConverter.cs,22,AltitudeAngelWings.Clients.Flight.Model.ServiceRequests,ExtLibs/AltitudeAngelWings/AltitudeAngelWings.csproj,T3,hand-port,,,S,,,,,dropped,,,,8f3acd868279738bfe19b23bf22a2a3f5e2b7fe4d074eb0ed5ae52115f7e294c,,"out of scope, owner's ruling §12 D13 (2026-09-25): Altitude Angel Wings (ExtLibs/AltitudeAngelWings)"
ExtLibs/AltitudeAngelWings/Clients/Flight/Model/ServiceRequests/IFlightServiceRequest.cs,24,AltitudeAngelWings.Clients.Flight.Model.ServiceRequests,ExtLibs/AltitudeAngelWings/AltitudeAngelWings.csproj,T3,hand-port,,,S,,,,,dropped,,,,0c45161a0e1ff42361833e3ba2254c6bb2b7bafa1c669bea966b100ea42c9bfe,,"out of scope, owner's ruling §12 D13 (2026-09-25): Altitude Angel Wings (ExtLibs/AltitudeAngelWings)"
ExtLibs/AltitudeAngelWings/Clients/Flight/Model/ServiceRequests/IFlightServiceResponse.cs,37,AltitudeAngelWings.Clients.Flight.Model.ServiceRequests,ExtLibs/AltitudeAngelWings/AltitudeAngelWings.csproj,T3,hand-port,,,S,,,,,dropped,,,,2bb26f377785ed2bb906d64be93ea4dd521de6961a3f10bd88a7ec1badebd913,,"out of scope, owner's ruling §12 D13 (2026-09-25): Altitude Angel Wings (ExtLibs/AltitudeAngelWings)"
ExtLibs/AltitudeAngelWings/Clients/Flight/Model/ServiceRequests/ProtocolConfiguration/BaseNotificationProtocolConfiguration.cs,71,AltitudeAngelWings.Clients.Flight.Model.ServiceRequests.ProtocolConfiguration,ExtLibs/AltitudeAngelWings/AltitudeAngelWings.csproj,T3,hand-port,,,S,,,,,dropped,,,,6ea4a78ff8b12771f3f603178255e55e1c30f1c6e62130ef38f5060e85ef5918,,"out of scope, owner's ruling §12 D13 (2026-09-25): Altitude Angel Wings (ExtLibs/AltitudeAngelWings)"
ExtLibs/AltitudeAngelWings/Clients/Flight/Model/ServiceRequests/ProtocolConfiguration/BaseTelemetryProtocolConfiguration.cs,86,AltitudeAngelWings.Clients.Flight.Model.ServiceRequests.ProtocolConfiguration,ExtLibs/AltitudeAngelWings/AltitudeAngelWings.csproj,T3,hand-port,,,S,,,,,dropped,,,,78e0afd3be91d3791dec9bb9e27a41d59544026a022c3b725b20b20d02cb2bef,,"out of scope, owner's ruling §12 D13 (2026-09-25): Altitude Angel Wings (ExtLibs/AltitudeAngelWings)"
ExtLibs/AltitudeAngelWings/Clients/Flight/Model/ServiceRequests/ProtocolConfiguration/JsonCreationConverter.cs,42,AltitudeAngelWings.Clients.Flight.Model.ServiceRequests.ProtocolConfiguration,ExtLibs/AltitudeAngelWings/AltitudeAngelWings.csproj,T3,hand-port,,,S,,,,,dropped,,,,c500551807578af1a671547ee4c2e0e2f03240deafa0370f16180febf83fa264,,"out of scope, owner's ruling §12 D13 (2026-09-25): Altitude Angel Wings (ExtLibs/AltitudeAngelWings)"
ExtLibs/AltitudeAngelWings/Clients/Flight/Model/ServiceRequests/ProtocolConfiguration/UdpTelemetryProtocolConfiguration.cs,34,AltitudeAngelWings.Clients.Flight.Model.ServiceRequests.ProtocolConfiguration,ExtLibs/AltitudeAngelWings/AltitudeAngelWings.csproj,T3,hand-port,,,S,,,,,dropped,,,,122d19993aac1a3959300e7f0a7232a35df611f817822ad6d0091073902d0d5e,,"out of scope, owner's ruling §12 D13 (2026-09-25): Altitude Angel Wings (ExtLibs/AltitudeAngelWings)"
ExtLibs/AltitudeAngelWings/Clients/Flight/Model/ServiceRequests/ProtocolConfiguration/WebsocketNotificationProtocolConfiguration.cs,22,AltitudeAngelWings.Clients.Flight.Model.ServiceRequests.ProtocolConfiguration,ExtLibs/AltitudeAngelWings/AltitudeAngelWings.csproj,T3,hand-port,,,S,,,,,dropped,,,,694f7f4b9859eeeaf714845eaf8b0c9c5a98c52d707700bdc40b1cb46a1099df,,"out of scope, owner's ruling §12 D13 (2026-09-25): Altitude Angel Wings (ExtLibs/AltitudeAngelWings)"
ExtLibs/AltitudeAngelWings/Clients/Flight/Model/ServiceRequests/TacticalDeconflictionFlightServiceRequest.cs,13,AltitudeAngelWings.Clients.Flight.Model.ServiceRequests,ExtLibs/AltitudeAngelWings/AltitudeAngelWings.csproj,T3,hand-port,,,S,,,,,dropped,,,,59de59c5ae2b433f65f8bfdc87da3dff373a33681da17feb52374376263168b0,,"out of scope, owner's ruling §12 D13 (2026-09-25): Altitude Angel Wings (ExtLibs/AltitudeAngelWings)"
ExtLibs/AltitudeAngelWings/Clients/Flight/Model/ServiceRequests/TacticalDeconflictionFlightServiceResponse.cs,19,AltitudeAngelWings.Clients.Flight.Model.ServiceRequests,ExtLibs/AltitudeAngelWings/AltitudeAngelWings.csproj,T3,hand-port,,,S,,,,,dropped,,,,4fc388853bd071ccc5ead037687d3828439cd8a0bc9af3fd5b84a97ee1c2df37,,"out of scope, owner's ruling §12 D13 (2026-09-25): Altitude Angel Wings (ExtLibs/AltitudeAngelWings)"
ExtLibs/AltitudeAngelWings/Clients/Flight/Model/ServiceRequests/TacticalDeconflictionRequestProperties.cs,34,AltitudeAngelWings.Clients.Flight.Model.ServiceRequests,ExtLibs/AltitudeAngelWings/AltitudeAngelWings.csproj,T3,hand-port,,,S,,,,,dropped,,,,952c7b88727cbb7b450c9d1b62d1943a4663fbf7597684747ca02759dfec3755,,"out of scope, owner's ruling §12 D13 (2026-09-25): Altitude Angel Wings (ExtLibs/AltitudeAngelWings)"
ExtLibs/AltitudeAngelWings/Clients/Flight/Model/ServiceRequests/TacticalDeconflictionResponseProperties.cs,47,AltitudeAngelWings.Clients.Flight.Model.ServiceRequests,ExtLibs/AltitudeAngelWings/AltitudeAngelWings.csproj,T3,hand-port,,,S,,,,,dropped,,,,aeea0ab7d172be4dda7f1c68211ccf993c125ce21930c81a6f0a1cb3aabaa336,,"out of scope, owner's ruling §12 D13 (2026-09-25): Altitude Angel Wings (ExtLibs/AltitudeAngelWings)"
ExtLibs/AltitudeAngelWings/Clients/Flight/Model/ServiceRequests/TelemetryProtocolConfiguration.cs,6,AltitudeAngelWings.Clients.Flight.Model.ServiceRequests,ExtLibs/AltitudeAngelWings/AltitudeAngelWings.csproj,T3,hand-port,,,S,,,,,dropped,,,,530860170e29f58f8825b6db3db850dbbb8a71cd2b4f152ce4669a20413034d6,,"out of scope, owner's ruling §12 D13 (2026-09-25): Altitude Angel Wings (ExtLibs/AltitudeAngelWings)"
ExtLibs/AltitudeAngelWings/Clients/Flight/Model/SituationResponseState.cs,18,AltitudeAngelWings.Clients.Flight.Model,ExtLibs/AltitudeAngelWings/AltitudeAngelWings.csproj,T3,hand-port,,,S,,,,,dropped,,,,1245b41a51451c5133b2c8ca85aa7cd2a980a5afe061597c033dc95c86e27227,,"out of scope, owner's ruling §12 D13 (2026-09-25): Altitude Angel Wings (ExtLibs/AltitudeAngelWings)"
ExtLibs/AltitudeAngelWings/Clients/Flight/Model/StartFlightRequest.cs,12,AltitudeAngelWings.Clients.Flight.Model,ExtLibs/AltitudeAngelWings/AltitudeAngelWings.csproj,T3,hand-port,,,S,,,,,dropped,,,,f28d781409791fe51e9ecf64683519c43ad6db6d9d362e0dcbc6c6564410abd3,,"out of scope, owner's ruling §12 D13 (2026-09-25): Altitude Angel Wings (ExtLibs/AltitudeAngelWings)"
ExtLibs/AltitudeAngelWings/Clients/Flight/Model/StartFlightResponse.cs,52,AltitudeAngelWings.Clients.Flight.Model,ExtLibs/AltitudeAngelWings/AltitudeAngelWings.csproj,T3,hand-port,,,S,,,,,dropped,,,,fe3162f94a15384dae018c11deade38df4eabadd4e43e7f6798764a1f2496b07,,"out of scope, owner's ruling §12 D13 (2026-09-25): Altitude Angel Wings (ExtLibs/AltitudeAngelWings)"
ExtLibs/AltitudeAngelWings/Clients/IAuthorizeCodeProvider.cs,12,AltitudeAngelWings.Clients,ExtLibs/AltitudeAngelWings/AltitudeAngelWings.csproj,T3,hand-port,,,S,,,,,dropped,,,,3b94d7027bb3e2500e359164791510e25a1dd8bc9a9abe1d97d0043cb3c99fc0,,"out of scope, owner's ruling §12 D13 (2026-09-25): Altitude Angel Wings (ExtLibs/AltitudeAngelWings)"
ExtLibs/AltitudeAngelWings/Clients/ITokenProvider.cs,9,AltitudeAngelWings.Clients,ExtLibs/AltitudeAngelWings/AltitudeAngelWings.csproj,T3,hand-port,,,S,,,,,dropped,,,,992085c6be1bcffbdf668ed2a53893a7bd83f628a4512e42447ae457657016e9,,"out of scope, owner's ruling §12 D13 (2026-09-25): Altitude Angel Wings (ExtLibs/AltitudeAngelWings)"
ExtLibs/AltitudeAngelWings/Clients/OutboundNotifications/Model/CommandAcknowledgement.cs,16,AltitudeAngelWings.Clients.OutboundNotifications.Model,ExtLibs/AltitudeAngelWings/AltitudeAngelWings.csproj,T3,hand-port,,,S,,,,,dropped,,,,771bf6a2f07c6018ef7c7cdec26b423527fe4c1583df6eacebccbd85b1477b2f,,"out of scope, owner's ruling §12 D13 (2026-09-25): Altitude Angel Wings (ExtLibs/AltitudeAngelWings)"
ExtLibs/AltitudeAngelWings/Clients/OutboundNotifications/Model/ConflictClearedNotificationProperties.cs,11,AltitudeAngelWings.Clients.OutboundNotifications.Model,ExtLibs/AltitudeAngelWings/AltitudeAngelWings.csproj,T3,hand-port,,,S,,,,,dropped,,,,7ffc68f120d16d995d431decdb2d67f0e796bda3218bc05d667f5c98e41fecad,,"out of scope, owner's ruling §12 D13 (2026-09-25): Altitude Angel Wings (ExtLibs/AltitudeAngelWings)"
ExtLibs/AltitudeAngelWings/Clients/OutboundNotifications/Model/ConflictInformationProperties.cs,11,AltitudeAngelWings.Clients.OutboundNotifications.Model,ExtLibs/AltitudeAngelWings/AltitudeAngelWings.csproj,T3,hand-port,,,S,,,,,dropped,,,,180f327d1129f3fdf83b1660fe907367e12503e92db554bd5cadf644c53c7e88,,"out of scope, owner's ruling §12 D13 (2026-09-25): Altitude Angel Wings (ExtLibs/AltitudeAngelWings)"
ExtLibs/AltitudeAngelWings/Clients/OutboundNotifications/Model/InstructionNotificationProperties.cs,22,AltitudeAngelWings.Clients.OutboundNotifications.Model,ExtLibs/AltitudeAngelWings/AltitudeAngelWings.csproj,T3,hand-port,,,S,,,,,dropped,,,,d665c86536a51c234337d821b313d13a70d8a5d0f8a5c092b6641103f5167572,,"out of scope, owner's ruling §12 D13 (2026-09-25): Altitude Angel Wings (ExtLibs/AltitudeAngelWings)"
ExtLibs/AltitudeAngelWings/Clients/OutboundNotifications/Model/LandNotificationProperties.cs,17,AltitudeAngelWings.Clients.OutboundNotifications.Model,ExtLibs/AltitudeAngelWings/AltitudeAngelWings.csproj,T3,hand-port,,,S,,,,,dropped,,,,0e07346da17f711ccdfb1c4b3640f7a4d379c784a4f8db29ba103f7c91870ce0,,"out of scope, owner's ruling §12 D13 (2026-09-25): Altitude Angel Wings (ExtLibs/AltitudeAngelWings)"
ExtLibs/AltitudeAngelWings/Clients/OutboundNotifications/Model/LoiterNotificationProperties.cs,25,AltitudeAngelWings.Clients.OutboundNotifications.Model,ExtLibs/AltitudeAngelWings/AltitudeAngelWings.csproj,T3,hand-port,,,S,,,,,dropped,,,,c94b799fa9c6cba40efbc36ede9f9969d81d6b6b8c766ef2c78e213823b14982,,"out of scope, owner's ruling §12 D13 (2026-09-25): Altitude Angel Wings (ExtLibs/AltitudeAngelWings)"
ExtLibs/AltitudeAngelWings/Clients/OutboundNotifications/Model/NotificationMessage.cs,40,AltitudeAngelWings.Clients.OutboundNotifications.Model,ExtLibs/AltitudeAngelWings/AltitudeAngelWings.csproj,T3,hand-port,,,S,,,,,dropped,,,,36e01ea9ee6ed51e3b7b8bbc1e50af0c49711febd2442382baec4806e95c3383,,"out of scope, owner's ruling §12 D13 (2026-09-25): Altitude Angel Wings (ExtLibs/AltitudeAngelWings)"
ExtLibs/AltitudeAngelWings/Clients/OutboundNotifications/Model/PermissionNotificationProperties.cs,7,AltitudeAngelWings.Clients.OutboundNotifications.Model,ExtLibs/AltitudeAngelWings/AltitudeAngelWings.csproj,T3,hand-port,,,S,,,,,dropped,,,,0fc6259a3d61dadb3d7343af4d83e4653bdfaf5dc1cc576f43036fe7e93e3078,,"out of scope, owner's ruling §12 D13 (2026-09-25): Altitude Angel Wings (ExtLibs/AltitudeAngelWings)"
ExtLibs/AltitudeAngelWings/Clients/OutboundNotifications/Model/PermissionState.cs,11,AltitudeAngelWings.Clients.OutboundNotifications.Model,ExtLibs/AltitudeAngelWings/AltitudeAngelWings.csproj,T3,hand-port,,,S,,,,,dropped,,,,778815625ae90d8ca097e369ee9a57dec517b40b87fb90947b6c5f2b56729ba8,,"out of scope, owner's ruling §12 D13 (2026-09-25): Altitude Angel Wings (ExtLibs/AltitudeAngelWings)"
ExtLibs/AltitudeAngelWings/Clients/PolicyHandler.cs,21,AltitudeAngelWings.Clients,ExtLibs/AltitudeAngelWings/AltitudeAngelWings.csproj,T3,hand-port,,,S,,,,,dropped,,,,132de2ba1264ecb4a68c0bb8f812a99711b4d9053cf0717a2adc7a2c13c815c2,,"out of scope, owner's ruling §12 D13 (2026-09-25): Altitude Angel Wings (ExtLibs/AltitudeAngelWings)"
ExtLibs/AltitudeAngelWings/Clients/Scopes.cs,14,AltitudeAngelWings.Clients,ExtLibs/AltitudeAngelWings/AltitudeAngelWings.csproj,T3,hand-port,,,S,,,,,dropped,,,,9996c146ae9ce780efe3d0a526a8bc96eb8d35151f9207fe11a7e28a9345d575,,"out of scope, owner's ruling §12 D13 (2026-09-25): Altitude Angel Wings (ExtLibs/AltitudeAngelWings)"
ExtLibs/AltitudeAngelWings/Clients/Surveillance/ISurveillanceClient.cs,11,AltitudeAngelWings.Clients.Surveillance,ExtLibs/AltitudeAngelWings/AltitudeAngelWings.csproj,T3,hand-port,,,S,,,,,dropped,,,,dd434ec3099d7d85d792d15a1d1da79b29e06e61fc1af339c17cae66922921df,,"out of scope, owner's ruling §12 D13 (2026-09-25): Altitude Angel Wings (ExtLibs/AltitudeAngelWings)"
ExtLibs/AltitudeAngelWings/Clients/Surveillance/Model/BearingRange.cs,24,AltitudeAngelWings.Clients.Surveillance.Model,ExtLibs/AltitudeAngelWings/AltitudeAngelWings.csproj,T3,hand-port,,,S,,,,,dropped,,,,2351d43b13dcd750857267cd08d60da6a9bbfb303aa10c10a95bee4824206397,,"out of scope, owner's ruling §12 D13 (2026-09-25): Altitude Angel Wings (ExtLibs/AltitudeAngelWings)"
ExtLibs/AltitudeAngelWings/Clients/Surveillance/Model/DetectionData.cs,49,AltitudeAngelWings.Clients.Surveillance.Model,ExtLibs/AltitudeAngelWings/AltitudeAngelWings.csproj,T3,hand-port,,,S,,,,,dropped,,,,d75d95cd292595918fdd9dbd183c5ffaf6a6e0c9a36a5c67d5022041c015a9b4,,"out of scope, owner's ruling §12 D13 (2026-09-25): Altitude Angel Wings (ExtLibs/AltitudeAngelWings)"
ExtLibs/AltitudeAngelWings/Clients/Surveillance/Model/ElevationRange.cs,24,AltitudeAngelWings.Clients.Surveillance.Model,ExtLibs/AltitudeAngelWings/AltitudeAngelWings.csproj,T3,hand-port,,,S,,,,,dropped,,,,232467ba80b7b8c3e6fca71eaf1bc3eb4f93fe5492d6eddd000c73288c4a498c,,"out of scope, owner's ruling §12 D13 (2026-09-25): Altitude Angel Wings (ExtLibs/AltitudeAngelWings)"
ExtLibs/AltitudeAngelWings/Clients/Surveillance/Model/GeographicPosition.cs,36,AltitudeAngelWings.Clients.Surveillance.Model,ExtLibs/AltitudeAngelWings/AltitudeAngelWings.csproj,T3,hand-port,,,S,,,,,dropped,,,,7cd411809a09a20379b76688c7171ac77357c0858ec2572450f5866e066fd0a7,,"out of scope, owner's ruling §12 D13 (2026-09-25): Altitude Angel Wings (ExtLibs/AltitudeAngelWings)"
ExtLibs/AltitudeAngelWings/Clients/Surveillance/Model/GeographicVector.cs,48,AltitudeAngelWings.Clients.Surveillance.Model,ExtLibs/AltitudeAngelWings/AltitudeAngelWings.csproj,T3,hand-port,,,S,,,,,dropped,,,,123c4e43f2b60a94b5a0e8632e837c4bc93075f1af7c801476be1f6488f4d48e,,"out of scope, owner's ruling §12 D13 (2026-09-25): Altitude Angel Wings (ExtLibs/AltitudeAngelWings)"
ExtLibs/AltitudeAngelWings/Clients/Surveillance/Model/MetersRange.cs,24,AltitudeAngelWings.Clients.Surveillance.Model,ExtLibs/AltitudeAngelWings/AltitudeAngelWings.csproj,T3,hand-port,,,S,,,,,dropped,,,,8b24ebd7ccd15af19e04bdf6bdcd7901664b03a0345ffd87d3c4f21501dcb94d,,"out of scope, owner's ruling §12 D13 (2026-09-25): Altitude Angel Wings (ExtLibs/AltitudeAngelWings)"
ExtLibs/AltitudeAngelWings/Clients/Surveillance/Model/PositionData.cs,74,AltitudeAngelWings.Clients.Surveillance.Model,ExtLibs/AltitudeAngelWings/AltitudeAngelWings.csproj,T3,hand-port,,,S,,,,,dropped,,,,cab53a1482c442d01908a9745244d6c432a17ce07f60edd06c131d114305300a,,"out of scope, owner's ruling §12 D13 (2026-09-25): Altitude Angel Wings (ExtLibs/AltitudeAngelWings)"
ExtLibs/AltitudeAngelWings/Clients/Surveillance/Model/SensorLocation.cs,32,AltitudeAngelWings.Clients.Surveillance.Model,ExtLibs/AltitudeAngelWings/AltitudeAngelWings.csproj,T3,hand-port,,,S,,,,,dropped,,,,f57cab9c5b61e70f595af585db80a92c45aec2d5bf4b92604685fd53fb4521c9,,"out of scope, owner's ruling §12 D13 (2026-09-25): Altitude Angel Wings (ExtLibs/AltitudeAngelWings)"
ExtLibs/AltitudeAngelWings/Clients/Surveillance/Model/SensorState.cs,30,AltitudeAngelWings.Clients.Surveillance.Model,ExtLibs/AltitudeAngelWings/AltitudeAngelWings.csproj,T3,hand-port,,,S,,,,,dropped,,,,867bd5aef5592382b660bdc51b489929a629931c39c1c2bf7c6a8ac9e6c88073,,"out of scope, owner's ruling §12 D13 (2026-09-25): Altitude Angel Wings (ExtLibs/AltitudeAngelWings)"
ExtLibs/AltitudeAngelWings/Clients/Surveillance/Model/SurveillanceIdentifier.cs,15,AltitudeAngelWings.Clients.Surveillance.Model,ExtLibs/AltitudeAngelWings/AltitudeAngelWings.csproj,T3,hand-port,,,S,,,,,dropped,,,,28b9da5f1ae46ab7ab2128c4870df350d5eb23c3ea8fea0f5dca3be6a93187c6,,"out of scope, owner's ruling §12 D13 (2026-09-25): Altitude Angel Wings (ExtLibs/AltitudeAngelWings)"
ExtLibs/AltitudeAngelWings/Clients/Surveillance/Model/SurveillanceReport.cs,31,AltitudeAngelWings.Clients.Surveillance.Model,ExtLibs/AltitudeAngelWings/AltitudeAngelWings.csproj,T3,hand-port,,,S,,,,,dropped,,,,42dc6fc658dcc623d94c621ab98921109d7aafaba7a9bd091cc0b37ac7cd439f,,"out of scope, owner's ruling §12 D13 (2026-09-25): Altitude Angel Wings (ExtLibs/AltitudeAngelWings)"
ExtLibs/AltitudeAngelWings/Clients/Surveillance/Model/Target.cs,51,AltitudeAngelWings.Clients.Surveillance.Model,ExtLibs/AltitudeAngelWings/AltitudeAngelWings.csproj,T3,hand-port,,,S,,,,,dropped,,,,8865d1dee51dffcb7bb85c8715d32cacd91531821cb4297f67ae75e69a688c73,,"out of scope, owner's ruling §12 D13 (2026-09-25): Altitude Angel Wings (ExtLibs/AltitudeAngelWings)"
ExtLibs/AltitudeAngelWings/Clients/Surveillance/SurveillanceClient.cs,49,AltitudeAngelWings.Clients.Surveillance,ExtLibs/AltitudeAngelWings/AltitudeAngelWings.csproj,T3,hand-port,,,S,,,,,dropped,,,,e6133e5fc6882d9fdc25118e8b7b3ed1ae87eca6dca53d93d1112e5c5ba86873,,"out of scope, owner's ruling §12 D13 (2026-09-25): Altitude Angel Wings (ExtLibs/AltitudeAngelWings)"
ExtLibs/AltitudeAngelWings/Clients/Telemetry/ITelemetryClient.cs,9,AltitudeAngelWings.Clients.Telemetry,ExtLibs/AltitudeAngelWings/AltitudeAngelWings.csproj,T3,hand-port,,,S,,,,,dropped,,,,a7dfc45dde81a504f87ef4b3d6270b9c2ee7cfd51a7f0e658da0c841c81d2b30,,"out of scope, owner's ruling §12 D13 (2026-09-25): Altitude Angel Wings (ExtLibs/AltitudeAngelWings)"
ExtLibs/AltitudeAngelWings/Clients/Telemetry/TelemetryClient.cs,24,AltitudeAngelWings.Clients.Telemetry,ExtLibs/AltitudeAngelWings/AltitudeAngelWings.csproj,T3,hand-port,,,S,,,,,dropped,,,,be271020b6b33512364188507903265a895f5ec3e4f277af65da9e79bd41b6a5,,"out of scope, owner's ruling §12 D13 (2026-09-25): Altitude Angel Wings (ExtLibs/AltitudeAngelWings)"
ExtLibs/AltitudeAngelWings/Clients/UserAgentHandler.cs,22,AltitudeAngelWings.Clients,ExtLibs/AltitudeAngelWings/AltitudeAngelWings.csproj,T3,hand-port,,,S,,,,,dropped,,,,a16fd0227b784ad7e35b29b09c83e5fcb0b0e803a7f8244806d34fdbda868f7a,,"out of scope, owner's ruling §12 D13 (2026-09-25): Altitude Angel Wings (ExtLibs/AltitudeAngelWings)"
ExtLibs/AltitudeAngelWings/Clients/UserAuthenticationTokenProvider.cs,105,AltitudeAngelWings.Clients,ExtLibs/AltitudeAngelWings/AltitudeAngelWings.csproj,T3,hand-port,,,S,,,,,dropped,,,,bf09e524ce9229ac6062b831c7a7dc3de208ecf92e2466d1676c79c68107ff95,,"out of scope, owner's ruling §12 D13 (2026-09-25): Altitude Angel Wings (ExtLibs/AltitudeAngelWings)"
ExtLibs/AltitudeAngelWings/CollectionExtensions.cs,47,AltitudeAngelWings,ExtLibs/AltitudeAngelWings/AltitudeAngelWings.csproj,T3,hand-port,,,S,,,,,dropped,,,,4c2b8fc76ed8f2753ce70f376250e1e684dd5932cc2d8d3fdbaff147db329404,,"out of scope, owner's ruling §12 D13 (2026-09-25): Altitude Angel Wings (ExtLibs/AltitudeAngelWings)"
ExtLibs/AltitudeAngelWings/ColorInfo.cs,12,AltitudeAngelWings,ExtLibs/AltitudeAngelWings/AltitudeAngelWings.csproj,T3,hand-port,,,S,,,,,dropped,,,,6c12d130dd46adbea95b6afa140376f68beed7778e7023d5b911679910b9ea72,,"out of scope, owner's ruling §12 D13 (2026-09-25): Altitude Angel Wings (ExtLibs/AltitudeAngelWings)"
ExtLibs/AltitudeAngelWings/ExceptionExtensions.cs,47,AltitudeAngelWings,ExtLibs/AltitudeAngelWings/AltitudeAngelWings.csproj,T3,hand-port,,,S,,,,,dropped,,,,205b89a6f713e8e7180f81aaa4d356e47a98527a5168f2c206d622ae364a77cd,,"out of scope, owner's ruling §12 D13 (2026-09-25): Altitude Angel Wings (ExtLibs/AltitudeAngelWings)"
ExtLibs/AltitudeAngelWings/FlightTelemetry.cs,8,AltitudeAngelWings,ExtLibs/AltitudeAngelWings/AltitudeAngelWings.csproj,T3,hand-port,,,S,,,,,dropped,,,,48ba66996aba3766f6900c273a78c67f91ce0659723500fd60edc451124b0d3f,,"out of scope, owner's ruling §12 D13 (2026-09-25): Altitude Angel Wings (ExtLibs/AltitudeAngelWings)"
ExtLibs/AltitudeAngelWings/IMap.cs,17,AltitudeAngelWings,ExtLibs/AltitudeAngelWings/AltitudeAngelWings.csproj,T3,hand-port,,,S,,,,,dropped,,,,57a021f862885718a8a40ef19963d11feb473ca71272de5192692e7360fc2d1a,,"out of scope, owner's ruling §12 D13 (2026-09-25): Altitude Angel Wings (ExtLibs/AltitudeAngelWings)"
ExtLibs/AltitudeAngelWings/IMapInfoDockPanel.cs,9,AltitudeAngelWings,ExtLibs/AltitudeAngelWings/AltitudeAngelWings.csproj,T3,hand-port,,,S,,,,,dropped,,,,c7199b6812d6df6839a57a1b563697b947237031949a0917be7e3587e146d6fc,,"out of scope, owner's ruling §12 D13 (2026-09-25): Altitude Angel Wings (ExtLibs/AltitudeAngelWings)"
ExtLibs/AltitudeAngelWings/IMissionPlanner.cs,25,AltitudeAngelWings,ExtLibs/AltitudeAngelWings/AltitudeAngelWings.csproj,T3,hand-port,,,S,,,,,dropped,,,,164456d8f8d7f6b71a831858143d91bd258ba252bf5fdcf4cc26ef3a4ed8394c,,"out of scope, owner's ruling §12 D13 (2026-09-25): Altitude Angel Wings (ExtLibs/AltitudeAngelWings)"
ExtLibs/AltitudeAngelWings/IMissionPlannerState.cs,21,AltitudeAngelWings,ExtLibs/AltitudeAngelWings/AltitudeAngelWings.csproj,T3,hand-port,,,S,,,,,dropped,,,,0355155f5c6de8f570c0a131382f549edb537e465a861cfdd86d833c5746ef5a,,"out of scope, owner's ruling §12 D13 (2026-09-25): Altitude Angel Wings (ExtLibs/AltitudeAngelWings)"
ExtLibs/AltitudeAngelWings/IOverlay.cs,9,AltitudeAngelWings,ExtLibs/AltitudeAngelWings/AltitudeAngelWings.csproj,T3,hand-port,,,S,,,,,dropped,,,,d5b1ebe253782c28d9524ddb9038a5378428cafdc868ee8ef5921f8236010f37,,"out of scope, owner's ruling §12 D13 (2026-09-25): Altitude Angel Wings (ExtLibs/AltitudeAngelWings)"
ExtLibs/AltitudeAngelWings/IServiceLocator.cs,6,AltitudeAngelWings,ExtLibs/AltitudeAngelWings/AltitudeAngelWings.csproj,T3,hand-port,,,S,,,,,dropped,,,,aa3c5d2a6d40efc9822bdcb847115b4b00d938a1564f6d7f9c72c02cd0e463c8,,"out of scope, owner's ruling §12 D13 (2026-09-25): Altitude Angel Wings (ExtLibs/AltitudeAngelWings)"
ExtLibs/AltitudeAngelWings/IServiceLocatorConfiguration.cs,6,AltitudeAngelWings,ExtLibs/AltitudeAngelWings/AltitudeAngelWings.csproj,T3,hand-port,,,S,,,,,dropped,,,,48879433eacfe00bebce91a332145e985e3bd65f527ab3f2ec7ba86e94e5c30a,,"out of scope, owner's ruling §12 D13 (2026-09-25): Altitude Angel Wings (ExtLibs/AltitudeAngelWings)"
ExtLibs/AltitudeAngelWings/ISettings.cs,60,AltitudeAngelWings,ExtLibs/AltitudeAngelWings/AltitudeAngelWings.csproj,T3,hand-port,,,S,,,,,dropped,,,,b870bc47855640893bdc24e7ac3495fca60438b303a0d8ce15e3b79196f72bd3,,"out of scope, owner's ruling §12 D13 (2026-09-25): Altitude Angel Wings (ExtLibs/AltitudeAngelWings)"
ExtLibs/AltitudeAngelWings/IUiThreadInvoke.cs,10,AltitudeAngelWings,ExtLibs/AltitudeAngelWings/AltitudeAngelWings.csproj,T3,hand-port,,,S,,,,,dropped,,,,26b8baa3af846edbf832bf5108119bf361196624c1ff648e0e816f7ba25a7f90,,"out of scope, owner's ruling §12 D13 (2026-09-25): Altitude Angel Wings (ExtLibs/AltitudeAngelWings)"
ExtLibs/AltitudeAngelWings/Model/FlightData.cs,26,AltitudeAngelWings.Model,ExtLibs/AltitudeAngelWings/AltitudeAngelWings.csproj,T3,hand-port,,,S,,,,,dropped,,,,1265c0478aed3d88e6d65c38e17dd1eab414ef41f3be6d3e1c1807e63feb1fa3,,"out of scope, owner's ruling §12 D13 (2026-09-25): Altitude Angel Wings (ExtLibs/AltitudeAngelWings)"
ExtLibs/AltitudeAngelWings/Model/FlightDataPosition.cs,12,AltitudeAngelWings.Model,ExtLibs/AltitudeAngelWings/AltitudeAngelWings.csproj,T3,hand-port,,,S,,,,,dropped,,,,7d2524284e3b93e855e996a3dd91198fec5bc09090663a44d8bf6c328756e2b6,,"out of scope, owner's ruling §12 D13 (2026-09-25): Altitude Angel Wings (ExtLibs/AltitudeAngelWings)"
ExtLibs/AltitudeAngelWings/Model/FlightPlan.cs,32,AltitudeAngelWings.Model,ExtLibs/AltitudeAngelWings/AltitudeAngelWings.csproj,T3,hand-port,,,S,,,,,dropped,,,,c2f01bba6beacd1a0eacc1966a6ea50bf9471e77c548cb4dcbb625aa86103b37,,"out of scope, owner's ruling §12 D13 (2026-09-25): Altitude Angel Wings (ExtLibs/AltitudeAngelWings)"
ExtLibs/AltitudeAngelWings/Model/FlightPlanWaypoint.cs,8,AltitudeAngelWings.Model,ExtLibs/AltitudeAngelWings/AltitudeAngelWings.csproj,T3,hand-port,,,S,,,,,dropped,,,,061d6365b28313167e654d22714a025ef2ce22f832c19f168c36a9ce9ce6db71,,"out of scope, owner's ruling §12 D13 (2026-09-25): Altitude Angel Wings (ExtLibs/AltitudeAngelWings)"
ExtLibs/AltitudeAngelWings/Model/Message.cs,114,AltitudeAngelWings.Model,ExtLibs/AltitudeAngelWings/AltitudeAngelWings.csproj,T3,hand-port,,,S,,,,,dropped,,,,a5441d31cfbd3a24ea2da89746e809cb51cac178b2a262b2a197aa9cbc87d854,,"out of scope, owner's ruling §12 D13 (2026-09-25): Altitude Angel Wings (ExtLibs/AltitudeAngelWings)"
ExtLibs/AltitudeAngelWings/Model/MessageType.cs,7,AltitudeAngelWings.Model,ExtLibs/AltitudeAngelWings/AltitudeAngelWings.csproj,T3,hand-port,,,S,,,,,dropped,,,,6bafeadab9510ee5944ddcc50b0b55bf85750c5b9d513e2797da01c24279eed5,,"out of scope, owner's ruling §12 D13 (2026-09-25): Altitude Angel Wings (ExtLibs/AltitudeAngelWings)"
ExtLibs/AltitudeAngelWings/ObservableProperty.cs,81,AltitudeAngelWings,ExtLibs/AltitudeAngelWings/AltitudeAngelWings.csproj,T3,hand-port,,,S,,,,,dropped,,,,8544de6f15d531637b3896c8b7c862dcff2bfbc875a4c1ec3181bbd42bf681c8,,"out of scope, owner's ruling §12 D13 (2026-09-25): Altitude Angel Wings (ExtLibs/AltitudeAngelWings)"
ExtLibs/AltitudeAngelWings/OverlayFeature.cs,23,AltitudeAngelWings,ExtLibs/AltitudeAngelWings/AltitudeAngelWings.csproj,T3,hand-port,,,S,,,,,dropped,,,,e6cc6e5fd33e1fe66a192256bf6facd08ee279bcab654f4c24a7612be4f9f556,,"out of scope, owner's ruling §12 D13 (2026-09-25): Altitude Angel Wings (ExtLibs/AltitudeAngelWings)"
ExtLibs/AltitudeAngelWings/OverlayFeatureType.cs,7,AltitudeAngelWings,ExtLibs/AltitudeAngelWings/AltitudeAngelWings.csproj,T3,hand-port,,,S,,,,,dropped,,,,c0f20d44d5f16c098e4430b79e504d00303c4aba2e5254b3f8d86b83783d8526,,"out of scope, owner's ruling §12 D13 (2026-09-25): Altitude Angel Wings (ExtLibs/AltitudeAngelWings)"
ExtLibs/AltitudeAngelWings/Properties/AssemblyInfo.cs,38,,ExtLibs/AltitudeAngelWings/AltitudeAngelWings.csproj,T3,hand-port,,,S,,,,,dropped,,,,4868f0e5c0614a8a74583a0d79f04b3a0beb73106ccd29ee04e981a40077e34c,,"out of scope, owner's ruling §12 D13 (2026-09-25): Altitude Angel Wings (ExtLibs/AltitudeAngelWings)"
ExtLibs/AltitudeAngelWings/ReactiveExtensions.cs,33,AltitudeAngelWings,ExtLibs/AltitudeAngelWings/AltitudeAngelWings.csproj,T3,hand-port,,,S,,,,,dropped,,,,64e943208e38d2f1f0a5fd1b02e3898d1a6df9409c4cf65ce45beb01c045e3fc,,"out of scope, owner's ruling §12 D13 (2026-09-25): Altitude Angel Wings (ExtLibs/AltitudeAngelWings)"
ExtLibs/AltitudeAngelWings/Service/AltitudeAngelService.cs,391,AltitudeAngelWings.Service,ExtLibs/AltitudeAngelWings/AltitudeAngelWings.csproj,T3,hand-port,,,M,,,,,dropped,,,,d3726fc0d949c13d91a9ed5e9b6ab1c85b05c315e4ec26b72a72c214a1ae1ad4,,"out of scope, owner's ruling §12 D13 (2026-09-25): Altitude Angel Wings (ExtLibs/AltitudeAngelWings)"
ExtLibs/AltitudeAngelWings/Service/AltitudeAngelTelemetry/Encryption/AutpMessageTypes.cs,7,AltitudeAngelWings.Service.AltitudeAngelTelemetry.Encryption,ExtLibs/AltitudeAngelWings/AltitudeAngelWings.csproj,T3,hand-port,,,S,,,,,dropped,,,,50c580b10883fdbf87ecab68a7512d96ce9a34558f512f2eaa43840359ccb5ef,,"out of scope, owner's ruling §12 D13 (2026-09-25): Altitude Angel Wings (ExtLibs/AltitudeAngelWings)"
ExtLibs/AltitudeAngelWings/Service/AltitudeAngelTelemetry/Encryption/AutpService.cs,60,AltitudeAngelWings.Service.AltitudeAngelTelemetry.Encryption,ExtLibs/AltitudeAngelWings/AltitudeAngelWings.csproj,T3,hand-port,,,S,,,,,dropped,,,,272ffaf81472ab84ab7541389bca3c4b2b6f42787baa261a8bac2ad969d5aa43,,"out of scope, owner's ruling §12 D13 (2026-09-25): Altitude Angel Wings (ExtLibs/AltitudeAngelWings)"
ExtLibs/AltitudeAngelWings/Service/AltitudeAngelTelemetry/Encryption/AutpStatusMessage.cs,12,AltitudeAngelWings.Service.AltitudeAngelTelemetry.Encryption,ExtLibs/AltitudeAngelWings/AltitudeAngelWings.csproj,T3,hand-port,,,S,,,,,dropped,,,,b5e9e0d77d4e8f8c6d2cd6d1b5a46e773a0d46987e7f5cd9c6191436633b9b39,,"out of scope, owner's ruling §12 D13 (2026-09-25): Altitude Angel Wings (ExtLibs/AltitudeAngelWings)"
ExtLibs/AltitudeAngelWings/Service/AltitudeAngelTelemetry/Encryption/BinaryIoExtensions.cs,87,AltitudeAngelWings.Service.AltitudeAngelTelemetry.Encryption,ExtLibs/AltitudeAngelWings/AltitudeAngelWings.csproj,T3,hand-port,,,S,,,,,dropped,,,,a7c8d6d1f18216469d5da021eb3878871bca66abda297de0c31564ffbc51c547,,"out of scope, owner's ruling §12 D13 (2026-09-25): Altitude Angel Wings (ExtLibs/AltitudeAngelWings)"
ExtLibs/AltitudeAngelWings/Service/AltitudeAngelTelemetry/Encryption/Crc32.cs,59,AltitudeAngelWings.Service.AltitudeAngelTelemetry.Encryption,ExtLibs/AltitudeAngelWings/AltitudeAngelWings.csproj,T3,hand-port,,,S,,,,,dropped,,,,dd78fd1f84c2e6acae6332aa1c6543720612038bee27431689a3d102dde3bf41,,"out of scope, owner's ruling §12 D13 (2026-09-25): Altitude Angel Wings (ExtLibs/AltitudeAngelWings)"
ExtLibs/AltitudeAngelWings/Service/AltitudeAngelTelemetry/Encryption/DatagramFlags.cs,15,AltitudeAngelWings.Service.AltitudeAngelTelemetry.Encryption,ExtLibs/AltitudeAngelWings/AltitudeAngelWings.csproj,T3,hand-port,,,S,,,,,dropped,,,,88c27501753cd2035ec49d7d5c6fdd771f83776c09af84f683309a15d8c3e15b,,"out of scope, owner's ruling §12 D13 (2026-09-25): Altitude Angel Wings (ExtLibs/AltitudeAngelWings)"
ExtLibs/AltitudeAngelWings/Service/AltitudeAngelTelemetry/Encryption/DatagramHeader.cs,49,AltitudeAngelWings.Service.AltitudeAngelTelemetry.Encryption,ExtLibs/AltitudeAngelWings/AltitudeAngelWings.csproj,T3,hand-port,,,S,,,,,dropped,,,,7f637a7396b7a55ff69f8171735a150edaf3ba87f8bc7afa7bd618da36da1af6,,"out of scope, owner's ruling §12 D13 (2026-09-25): Altitude Angel Wings (ExtLibs/AltitudeAngelWings)"
ExtLibs/AltitudeAngelWings/Service/AltitudeAngelTelemetry/Encryption/GpsTime.cs,35,AltitudeAngelWings.Service.AltitudeAngelTelemetry.Encryption,ExtLibs/AltitudeAngelWings/AltitudeAngelWings.csproj,T3,hand-port,,,S,,,,,dropped,,,,6373a62802b1d69083d153b639b21279d0ea8312f9f4e98e3d234df592c74e63,,"out of scope, owner's ruling §12 D13 (2026-09-25): Altitude Angel Wings (ExtLibs/AltitudeAngelWings)"
ExtLibs/AltitudeAngelWings/Service/AltitudeAngelTelemetry/Encryption/HashType.cs,9,AltitudeAngelWings.Service.AltitudeAngelTelemetry.Encryption,ExtLibs/AltitudeAngelWings/AltitudeAngelWings.csproj,T3,hand-port,,,S,,,,,dropped,,,,98aff2cf0fc89308f02c141d35277d052eee1ecdc88c3ec0920455f61680f7e1,,"out of scope, owner's ruling §12 D13 (2026-09-25): Altitude Angel Wings (ExtLibs/AltitudeAngelWings)"
ExtLibs/AltitudeAngelWings/Service/AltitudeAngelTelemetry/Encryption/Hkdf.cs,82,AltitudeAngelWings.Service.AltitudeAngelTelemetry.Encryption,ExtLibs/AltitudeAngelWings/AltitudeAngelWings.csproj,T3,hand-port,,,S,,,,,dropped,,,,a65b238b86a1a47c03f3d8b75ec0a4f4b3423f8bd82eb6aea52ecbdd3e4b7992,,"out of scope, owner's ruling §12 D13 (2026-09-25): Altitude Angel Wings (ExtLibs/AltitudeAngelWings)"
ExtLibs/AltitudeAngelWings/Service/AltitudeAngelTelemetry/Encryption/HmacKeyGenerator.cs,26,AltitudeAngelWings.Service.AltitudeAngelTelemetry.Encryption,ExtLibs/AltitudeAngelWings/AltitudeAngelWings.csproj,T3,hand-port,,,S,,,,,dropped,,,,0e43872ed23fd18b60c7786298dc29e290956f8a420fb061c80e130332b2347e,,"out of scope, owner's ruling §12 D13 (2026-09-25): Altitude Angel Wings (ExtLibs/AltitudeAngelWings)"
ExtLibs/AltitudeAngelWings/Service/AltitudeAngelTelemetry/Encryption/IAutpService.cs,9,AltitudeAngelWings.Service.AltitudeAngelTelemetry.Encryption,ExtLibs/AltitudeAngelWings/AltitudeAngelWings.csproj,T3,hand-port,,,S,,,,,dropped,,,,3d95aa933f27e232f82bb0bba852e4c6b7238a26664e91468f22710d3717792c,,"out of scope, owner's ruling §12 D13 (2026-09-25): Altitude Angel Wings (ExtLibs/AltitudeAngelWings)"
ExtLibs/AltitudeAngelWings/Service/AltitudeAngelTelemetry/Encryption/IEncryptionAlgorithm.cs,12,AltitudeAngelWings.Service.AltitudeAngelTelemetry.Encryption,ExtLibs/AltitudeAngelWings/AltitudeAngelWings.csproj,T3,hand-port,,,S,,,,,dropped,,,,617a30402902767da8f6a85ac8b27b3f2773f2c3732af459953da5ec0b856b05,,"out of scope, owner's ruling §12 D13 (2026-09-25): Altitude Angel Wings (ExtLibs/AltitudeAngelWings)"
ExtLibs/AltitudeAngelWings/Service/AltitudeAngelTelemetry/Encryption/IEncryptionKeyGenerator.cs,16,AltitudeAngelWings.Service.AltitudeAngelTelemetry.Encryption,ExtLibs/AltitudeAngelWings/AltitudeAngelWings.csproj,T3,hand-port,,,S,,,,,dropped,,,,d37432faddc27c861f4a1214c99a4657407c2ba239bcb96cb8ca48bccfee458b,,"out of scope, owner's ruling §12 D13 (2026-09-25): Altitude Angel Wings (ExtLibs/AltitudeAngelWings)"
ExtLibs/AltitudeAngelWings/Service/AltitudeAngelTelemetry/Encryption/SymmetricEncryptionAlgorithm.cs,118,AltitudeAngelWings.Service.AltitudeAngelTelemetry.Encryption,ExtLibs/AltitudeAngelWings/AltitudeAngelWings.csproj,T3,hand-port,,,S,,,,,dropped,,,,d56da8c87ea33b763e2e64da340313208efe3f4e33e4aa69d18badce772e981a,,"out of scope, owner's ruling §12 D13 (2026-09-25): Altitude Angel Wings (ExtLibs/AltitudeAngelWings)"
ExtLibs/AltitudeAngelWings/Service/AltitudeAngelTelemetry/Encryption/SymmetricEncryptionType.cs,9,AltitudeAngelWings.Service.AltitudeAngelTelemetry.Encryption,ExtLibs/AltitudeAngelWings/AltitudeAngelWings.csproj,T3,hand-port,,,S,,,,,dropped,,,,cf3ef803569817f0e1c335a6131d90069fc2f94f7853419c0c289f59f43b98e6,,"out of scope, owner's ruling §12 D13 (2026-09-25): Altitude Angel Wings (ExtLibs/AltitudeAngelWings)"
ExtLibs/AltitudeAngelWings/Service/AltitudeAngelTelemetry/Encryption/TelemetryDatagramSerializer.cs,66,AltitudeAngelWings.Service.AltitudeAngelTelemetry.Encryption,ExtLibs/AltitudeAngelWings/AltitudeAngelWings.csproj,T3,hand-port,,,S,,,,,dropped,,,,5ca17d31da30ef572446ceeb552d19c8380a7b1437999eeede5e01400c205920,,"out of scope, owner's ruling §12 D13 (2026-09-25): Altitude Angel Wings (ExtLibs/AltitudeAngelWings)"
ExtLibs/AltitudeAngelWings/Service/AltitudeAngelTelemetry/Encryption/TelemetryHeader.cs,30,AltitudeAngelWings.Service.AltitudeAngelTelemetry.Encryption,ExtLibs/AltitudeAngelWings/AltitudeAngelWings.csproj,T3,hand-port,,,S,,,,,dropped,,,,b394868b717f7c0904844254724cd89aa3724e03ff91a99110929c77387a2a7e,,"out of scope, owner's ruling §12 D13 (2026-09-25): Altitude Angel Wings (ExtLibs/AltitudeAngelWings)"
ExtLibs/AltitudeAngelWings/Service/AltitudeAngelTelemetry/Encryption/TelemetryWrapper.cs,36,AltitudeAngelWings.Service.AltitudeAngelTelemetry.Encryption,ExtLibs/AltitudeAngelWings/AltitudeAngelWings.csproj,T3,hand-port,,,S,,,,,dropped,,,,9c241e6862d934209990d7430f76a58f21226288716038d148346fb9d768caf6,,"out of scope, owner's ruling §12 D13 (2026-09-25): Altitude Angel Wings (ExtLibs/AltitudeAngelWings)"
ExtLibs/AltitudeAngelWings/Service/AltitudeAngelTelemetry/Encryption/TelemetryWrapperSerializer.cs,58,AltitudeAngelWings.Service.AltitudeAngelTelemetry.Encryption,ExtLibs/AltitudeAngelWings/AltitudeAngelWings.csproj,T3,hand-port,,,S,,,,,dropped,,,,2a92f2566ac4b0787bb978760f7655d280822f59ee1f449cbb5fd0f7b0579c97,,"out of scope, owner's ruling §12 D13 (2026-09-25): Altitude Angel Wings (ExtLibs/AltitudeAngelWings)"
ExtLibs/AltitudeAngelWings/Service/AltitudeAngelTelemetry/Encryption/UavPosition.cs,137,AltitudeAngelWings.Service.AltitudeAngelTelemetry.Encryption,ExtLibs/AltitudeAngelWings/AltitudeAngelWings.csproj,T3,hand-port,,,S,,,,,dropped,,,,e26fa74800dcf1842fecdd808c9dc23717f7a312fa23f9cab4dcc27617fce2c7,,"out of scope, owner's ruling §12 D13 (2026-09-25): Altitude Angel Wings (ExtLibs/AltitudeAngelWings)"
ExtLibs/AltitudeAngelWings/Service/AltitudeAngelTelemetry/Encryption/UavPositionReportExtensions.cs,79,AltitudeAngelWings.Service.AltitudeAngelTelemetry.Encryption,ExtLibs/AltitudeAngelWings/AltitudeAngelWings.csproj,T3,hand-port,,,S,,,,,dropped,,,,4b3252bd5d1938a49c3c33206c117327ab49ef099c81755da072599e062c80aa,,"out of scope, owner's ruling §12 D13 (2026-09-25): Altitude Angel Wings (ExtLibs/AltitudeAngelWings)"
ExtLibs/AltitudeAngelWings/Service/AltitudeAngelTelemetry/Encryption/UavPositionReportSerializer.cs,82,AltitudeAngelWings.Service.AltitudeAngelTelemetry.Encryption,ExtLibs/AltitudeAngelWings/AltitudeAngelWings.csproj,T3,hand-port,,,S,,,,,dropped,,,,2b3fee79b13b8e8306485079710aa1a9c871e09799f690547d6a7d52dc43fe23,,"out of scope, owner's ruling §12 D13 (2026-09-25): Altitude Angel Wings (ExtLibs/AltitudeAngelWings)"
ExtLibs/AltitudeAngelWings/Service/AltitudeAngelTelemetry/Encryption/UavStatusExtensions.cs,45,AltitudeAngelWings.Service.AltitudeAngelTelemetry.Encryption,ExtLibs/AltitudeAngelWings/AltitudeAngelWings.csproj,T3,hand-port,,,S,,,,,dropped,,,,1b7683b884eaa4b317eb265d265216a9c1424d954dd2bdfce8028b00ffd55d49,,"out of scope, owner's ruling §12 D13 (2026-09-25): Altitude Angel Wings (ExtLibs/AltitudeAngelWings)"
ExtLibs/AltitudeAngelWings/Service/AltitudeAngelTelemetry/Encryption/UdpTelemetryDatagram.cs,46,AltitudeAngelWings.Service.AltitudeAngelTelemetry.Encryption,ExtLibs/AltitudeAngelWings/AltitudeAngelWings.csproj,T3,hand-port,,,S,,,,,dropped,,,,81fa5a6d944073a5efefc4fa2c5f99b31e5bd2c89b7b38ddd325f00ff9dbd253,,"out of scope, owner's ruling §12 D13 (2026-09-25): Altitude Angel Wings (ExtLibs/AltitudeAngelWings)"
ExtLibs/AltitudeAngelWings/Service/AltitudeAngelTelemetry/ITelemetryService.cs,8,AltitudeAngelWings.Service.AltitudeAngelTelemetry,ExtLibs/AltitudeAngelWings/AltitudeAngelWings.csproj,T3,hand-port,,,S,,,,,dropped,,,,f6b1747e07c2e88bb241afd709b8ebc87b0947c07c31b1048699c87a6f55f41b,,"out of scope, owner's ruling §12 D13 (2026-09-25): Altitude Angel Wings (ExtLibs/AltitudeAngelWings)"
ExtLibs/AltitudeAngelWings/Service/AltitudeAngelTelemetry/Services/DatagramSender.cs,98,AltitudeAngelWings.Service.AltitudeAngelTelemetry.Services,ExtLibs/AltitudeAngelWings/AltitudeAngelWings.csproj,T3,hand-port,,,S,,,,,dropped,,,,325e658a2ccda2822b7704a37d324425f10d421842eb19fe6060ca8b33c114d3,,"out of scope, owner's ruling §12 D13 (2026-09-25): Altitude Angel Wings (ExtLibs/AltitudeAngelWings)"
ExtLibs/AltitudeAngelWings/Service/AltitudeAngelTelemetry/Services/IDatagramSender.cs,20,AltitudeAngelWings.Service.AltitudeAngelTelemetry.Services,ExtLibs/AltitudeAngelWings/AltitudeAngelWings.csproj,T3,hand-port,,,S,,,,,dropped,,,,15a9dfacc85191b83d59f81d560ce7b210f1ff0ca34d2cb12f0921a69b18c341,,"out of scope, owner's ruling §12 D13 (2026-09-25): Altitude Angel Wings (ExtLibs/AltitudeAngelWings)"
ExtLibs/AltitudeAngelWings/Service/AltitudeAngelTelemetry/TelemetryEvents/AirborneStatus.cs,23,AltitudeAngelWings.Service.AltitudeAngelTelemetry.TelemetryEvents,ExtLibs/AltitudeAngelWings/AltitudeAngelWings.csproj,T3,hand-port,,,S,,,,,dropped,,,,3c27970fa9c4920a65763b24c08b1cc191972a0a7052f1184b19c93cd48bfd4f,,"out of scope, owner's ruling §12 D13 (2026-09-25): Altitude Angel Wings (ExtLibs/AltitudeAngelWings)"
ExtLibs/AltitudeAngelWings/Service/AltitudeAngelTelemetry/TelemetryEvents/Altitude.cs,41,AltitudeAngelWings.Service.AltitudeAngelTelemetry.TelemetryEvents,ExtLibs/AltitudeAngelWings/AltitudeAngelWings.csproj,T3,hand-port,,,S,,,,,dropped,,,,eac97ffea19899309d984814ab04ea57ee7666c6790d73c7daa1108a3c95f414,,"out of scope, owner's ruling §12 D13 (2026-09-25): Altitude Angel Wings (ExtLibs/AltitudeAngelWings)"
ExtLibs/AltitudeAngelWings/Service/AltitudeAngelTelemetry/TelemetryEvents/AltitudeDatum.cs,28,AltitudeAngelWings.Service.AltitudeAngelTelemetry.TelemetryEvents,ExtLibs/AltitudeAngelWings/AltitudeAngelWings.csproj,T3,hand-port,,,S,,,,,dropped,,,,b839c6427296bd28e04dff347afc877d88370d7de00d94051f61082d9da5fc2b,,"out of scope, owner's ruling §12 D13 (2026-09-25): Altitude Angel Wings (ExtLibs/AltitudeAngelWings)"
ExtLibs/AltitudeAngelWings/Service/AltitudeAngelTelemetry/TelemetryEvents/EquipmentId.cs,43,AltitudeAngelWings.Service.AltitudeAngelTelemetry.TelemetryEvents,ExtLibs/AltitudeAngelWings/AltitudeAngelWings.csproj,T3,hand-port,,,S,,,,,dropped,,,,bc82397153393e9664a39cd053ce183f439e97fc92875357ecd611dd27388a2f,,"out of scope, owner's ruling §12 D13 (2026-09-25): Altitude Angel Wings (ExtLibs/AltitudeAngelWings)"
ExtLibs/AltitudeAngelWings/Service/AltitudeAngelTelemetry/TelemetryEvents/EquipmentStatus.cs,23,AltitudeAngelWings.Service.AltitudeAngelTelemetry.TelemetryEvents,ExtLibs/AltitudeAngelWings/AltitudeAngelWings.csproj,T3,hand-port,,,S,,,,,dropped,,,,2aaeab007a57eafb36ac2b80baa9b4fc735db3447b6afc7fae857d0dc037fb7f,,"out of scope, owner's ruling §12 D13 (2026-09-25): Altitude Angel Wings (ExtLibs/AltitudeAngelWings)"
ExtLibs/AltitudeAngelWings/Service/AltitudeAngelTelemetry/TelemetryEvents/ITelemetryEvent.cs,25,AltitudeAngelWings.Service.AltitudeAngelTelemetry.TelemetryEvents,ExtLibs/AltitudeAngelWings/AltitudeAngelWings.csproj,T3,hand-port,,,S,,,,,dropped,,,,ee86aa7221cd8f13e75b6627208af61991c9b1ac60e18e2bdb5a3f71735a9937,,"out of scope, owner's ruling §12 D13 (2026-09-25): Altitude Angel Wings (ExtLibs/AltitudeAngelWings)"
ExtLibs/AltitudeAngelWings/Service/AltitudeAngelTelemetry/TelemetryEvents/ITelemetryMessage.cs,21,AltitudeAngelWings.Service.AltitudeAngelTelemetry.TelemetryEvents,ExtLibs/AltitudeAngelWings/AltitudeAngelWings.csproj,T3,hand-port,,,S,,,,,dropped,,,,01a086f8c46213d83abd41f9653aeeb8c93e508f3c6b1e7e3cfd2b8f8950abf2,,"out of scope, owner's ruling §12 D13 (2026-09-25): Altitude Angel Wings (ExtLibs/AltitudeAngelWings)"
ExtLibs/AltitudeAngelWings/Service/AltitudeAngelTelemetry/TelemetryEvents/MessageTypes.cs,8,AltitudeAngelWings.Service.AltitudeAngelTelemetry.TelemetryEvents,ExtLibs/AltitudeAngelWings/AltitudeAngelWings.csproj,T3,hand-port,,,S,,,,,dropped,,,,546e3002f46c1873a2c5c18915dddeceed53f409cb99a722de1526ea284f33ff,,"out of scope, owner's ruling §12 D13 (2026-09-25): Altitude Angel Wings (ExtLibs/AltitudeAngelWings)"
ExtLibs/AltitudeAngelWings/Service/AltitudeAngelTelemetry/TelemetryEvents/PilotPositionReport.cs,20,AltitudeAngelWings.Service.AltitudeAngelTelemetry.TelemetryEvents,ExtLibs/AltitudeAngelWings/AltitudeAngelWings.csproj,T3,hand-port,,,S,,,,,dropped,,,,ed476394021babf8b97bc4a025b3f718007b90202afcefc1a8057edf0f5a3bd3,,"out of scope, owner's ruling §12 D13 (2026-09-25): Altitude Angel Wings (ExtLibs/AltitudeAngelWings)"
ExtLibs/AltitudeAngelWings/Service/AltitudeAngelTelemetry/TelemetryEvents/Position.cs,35,AltitudeAngelWings.Service.AltitudeAngelTelemetry.TelemetryEvents,ExtLibs/AltitudeAngelWings/AltitudeAngelWings.csproj,T3,hand-port,,,S,,,,,dropped,,,,0e6955e3067d23019dda2d59705c83e45b3b6fdad3ed8e80b1cda63cbd470f22,,"out of scope, owner's ruling §12 D13 (2026-09-25): Altitude Angel Wings (ExtLibs/AltitudeAngelWings)"
ExtLibs/AltitudeAngelWings/Service/AltitudeAngelTelemetry/TelemetryEvents/TelemetryEvent.cs,68,AltitudeAngelWings.Service.AltitudeAngelTelemetry.TelemetryEvents,ExtLibs/AltitudeAngelWings/AltitudeAngelWings.csproj,T3,hand-port,,,S,,,,,dropped,,,,e7ac20aaace438e93fe10a35e1fb3773656ba1f82182fddf7c95653ccc066c1e,,"out of scope, owner's ruling §12 D13 (2026-09-25): Altitude Angel Wings (ExtLibs/AltitudeAngelWings)"
ExtLibs/AltitudeAngelWings/Service/AltitudeAngelTelemetry/TelemetryEvents/UavPositionReport.cs,57,AltitudeAngelWings.Service.AltitudeAngelTelemetry.TelemetryEvents,ExtLibs/AltitudeAngelWings/AltitudeAngelWings.csproj,T3,hand-port,,,S,,,,,dropped,,,,14a08ef05c8d8f8af61408a0d111869ba8ceeed7365c8e243686a0c2918d9f79,,"out of scope, owner's ruling §12 D13 (2026-09-25): Altitude Angel Wings (ExtLibs/AltitudeAngelWings)"
ExtLibs/AltitudeAngelWings/Service/AltitudeAngelTelemetry/TelemetryEvents/UavStatus.cs,46,AltitudeAngelWings.Service.AltitudeAngelTelemetry.TelemetryEvents,ExtLibs/AltitudeAngelWings/AltitudeAngelWings.csproj,T3,hand-port,,,S,,,,,dropped,,,,9cdcbe4010e9446bdc1864afb29458d2a616cf0c0ad025a083683b806996b896,,"out of scope, owner's ruling §12 D13 (2026-09-25): Altitude Angel Wings (ExtLibs/AltitudeAngelWings)"
ExtLibs/AltitudeAngelWings/Service/AltitudeAngelTelemetry/TelemetryEvents/Velocity.cs,41,AltitudeAngelWings.Service.AltitudeAngelTelemetry.TelemetryEvents,ExtLibs/AltitudeAngelWings/AltitudeAngelWings.csproj,T3,hand-port,,,S,,,,,dropped,,,,54c61d177898913bccfdb58d285708e8eacdc6f2ed637667a394f2abf4529504,,"out of scope, owner's ruling §12 D13 (2026-09-25): Altitude Angel Wings (ExtLibs/AltitudeAngelWings)"
ExtLibs/AltitudeAngelWings/Service/AltitudeAngelTelemetry/TelemetryService.cs,109,AltitudeAngelWings.Service.AltitudeAngelTelemetry,ExtLibs/AltitudeAngelWings/AltitudeAngelWings.csproj,T3,hand-port,,,S,,,,,dropped,,,,ff0fcd890cda193272a610903bf72aa0a168cea20ce7a5d38b9090d586aeda71,,"out of scope, owner's ruling §12 D13 (2026-09-25): Altitude Angel Wings (ExtLibs/AltitudeAngelWings)"
ExtLibs/AltitudeAngelWings/Service/FlightData/FlightDataService.cs,62,AltitudeAngelWings.Service.FlightData,ExtLibs/AltitudeAngelWings/AltitudeAngelWings.csproj,T3,hand-port,,,S,,,,,dropped,,,,6e7ce688ef0568c8ff70cd2b2d3e86f60efe177b2a7e5f5f4b7fb27691ca734a,,"out of scope, owner's ruling §12 D13 (2026-09-25): Altitude Angel Wings (ExtLibs/AltitudeAngelWings)"
ExtLibs/AltitudeAngelWings/Service/FlightData/IFlightDataService.cs,11,AltitudeAngelWings.Service.FlightData,ExtLibs/AltitudeAngelWings/AltitudeAngelWings.csproj,T3,hand-port,,,S,,,,,dropped,,,,8fc8f5908e7c43e22fd39d073b6fd9551aa49f48a98f928e2386a1f2f2bb645a,,"out of scope, owner's ruling §12 D13 (2026-09-25): Altitude Angel Wings (ExtLibs/AltitudeAngelWings)"
ExtLibs/AltitudeAngelWings/Service/FlightData/Providers/IFlightDataProvider.cs,7,AltitudeAngelWings.Service.FlightData.Providers,ExtLibs/AltitudeAngelWings/AltitudeAngelWings.csproj,T3,hand-port,,,S,,,,,dropped,,,,5497e9dbbf0904abf1e2307b1fd6e6abe2cb68f2ab6f343265437fb67440148b,,"out of scope, owner's ruling §12 D13 (2026-09-25): Altitude Angel Wings (ExtLibs/AltitudeAngelWings)"
ExtLibs/AltitudeAngelWings/Service/FlightData/Providers/MissionPlannerFlightDataProvider.cs,35,AltitudeAngelWings.Service.FlightData.Providers,ExtLibs/AltitudeAngelWings/AltitudeAngelWings.csproj,T3,hand-port,,,S,,,,,dropped,,,,9ec0ecdf62fc606722a1384ecbc86b8a2faa36980a2c451ab738d6a17f5043ec,,"out of scope, owner's ruling §12 D13 (2026-09-25): Altitude Angel Wings (ExtLibs/AltitudeAngelWings)"
ExtLibs/AltitudeAngelWings/Service/FlightService/FlightService.cs,357,AltitudeAngelWings.Service.FlightService,ExtLibs/AltitudeAngelWings/AltitudeAngelWings.csproj,T3,hand-port,,,M,,,,,dropped,,,,43b955f575b5d3c9271915d67b112d25226f206e24cb70c91f7633c1c6531ba3,,"out of scope, owner's ruling §12 D13 (2026-09-25): Altitude Angel Wings (ExtLibs/AltitudeAngelWings)"
ExtLibs/AltitudeAngelWings/Service/FlightService/IFlightService.cs,8,AltitudeAngelWings.Service.FlightService,ExtLibs/AltitudeAngelWings/AltitudeAngelWings.csproj,T3,hand-port,,,S,,,,,dropped,,,,8097bcdbcf2679c1865b34a54fef08b9e1637934e4670e1f6e1dd0f1ffa00cf5,,"out of scope, owner's ruling §12 D13 (2026-09-25): Altitude Angel Wings (ExtLibs/AltitudeAngelWings)"
ExtLibs/AltitudeAngelWings/Service/IAltitudeAngelService.cs,18,AltitudeAngelWings.Service,ExtLibs/AltitudeAngelWings/AltitudeAngelWings.csproj,T3,hand-port,,,S,,,,,dropped,,,,6cbabd65c961df3c2038ea1120f89383871a6949dfc4bb1424dc82c043bcb514,,"out of scope, owner's ruling §12 D13 (2026-09-25): Altitude Angel Wings (ExtLibs/AltitudeAngelWings)"
ExtLibs/AltitudeAngelWings/Service/Messaging/IMessageDisplay.cs,9,AltitudeAngelWings.Service.Messaging,ExtLibs/AltitudeAngelWings/AltitudeAngelWings.csproj,T3,hand-port,,,S,,,,,dropped,,,,2c8948d3d01a3226caeddfb46546af82a579833612fe5098b531952a5b70861c,,"out of scope, owner's ruling §12 D13 (2026-09-25): Altitude Angel Wings (ExtLibs/AltitudeAngelWings)"
ExtLibs/AltitudeAngelWings/Service/Messaging/IMessagesService.cs,10,AltitudeAngelWings.Service.Messaging,ExtLibs/AltitudeAngelWings/AltitudeAngelWings.csproj,T3,hand-port,,,S,,,,,dropped,,,,e08510d3f21b2603f7a3b5960c0faf7589529326f682bac2fea7cf4ebf4084b8,,"out of scope, owner's ruling §12 D13 (2026-09-25): Altitude Angel Wings (ExtLibs/AltitudeAngelWings)"
ExtLibs/AltitudeAngelWings/Service/Messaging/MessagesService.cs,32,AltitudeAngelWings.Service.Messaging,ExtLibs/AltitudeAngelWings/AltitudeAngelWings.csproj,T3,hand-port,,,S,,,,,dropped,,,,378aed401b65fdf7fae8a6b25a2064e39b86352fd5bfbdb807f1d9e99232d0a9,,"out of scope, owner's ruling §12 D13 (2026-09-25): Altitude Angel Wings (ExtLibs/AltitudeAngelWings)"
ExtLibs/AltitudeAngelWings/Service/Messaging/MultipleMessageDisplay.cs,29,AltitudeAngelWings.Service.Messaging,ExtLibs/AltitudeAngelWings/AltitudeAngelWings.csproj,T3,hand-port,,,S,,,,,dropped,,,,17cfee5d9012ab1940f5474f064147b8aa3dc05f743238503b03ff4ebafabc9b,,"out of scope, owner's ruling §12 D13 (2026-09-25): Altitude Angel Wings (ExtLibs/AltitudeAngelWings)"
ExtLibs/AltitudeAngelWings/Service/Messaging/TextWriterMessageDisplay.cs,29,AltitudeAngelWings.Service.Messaging,ExtLibs/AltitudeAngelWings/AltitudeAngelWings.csproj,T3,hand-port,,,S,,,,,dropped,,,,c97c4c34f68f6b63bd8e567c8caecaab9de15e778fee581c55c5746cee6e4c96,,"out of scope, owner's ruling §12 D13 (2026-09-25): Altitude Angel Wings (ExtLibs/AltitudeAngelWings)"
ExtLibs/AltitudeAngelWings/Service/OutboundNotifications/ClientWebSocket.cs,78,AltitudeAngelWings.Service.OutboundNotifications,ExtLibs/AltitudeAngelWings/AltitudeAngelWings.csproj,T3,hand-port,,,S,,,,,dropped,,,,79cbd1f440aa24e5242b047e60d1e8f07c8ecdb5b79f0ddfbdaad6889e202e8f,,"out of scope, owner's ruling §12 D13 (2026-09-25): Altitude Angel Wings (ExtLibs/AltitudeAngelWings)"
ExtLibs/AltitudeAngelWings/Service/OutboundNotifications/IOutboundNotificationsService.cs,12,AltitudeAngelWings.Service.OutboundNotifications,ExtLibs/AltitudeAngelWings/AltitudeAngelWings.csproj,T3,hand-port,,,S,,,,,dropped,,,,ed38fb57c9b9eeb6add5cb48d4a3ac666cde20d6d6b9c000a972245c181d295d,,"out of scope, owner's ruling §12 D13 (2026-09-25): Altitude Angel Wings (ExtLibs/AltitudeAngelWings)"
ExtLibs/AltitudeAngelWings/Service/OutboundNotifications/OutboundNotificationsCommands.cs,39,AltitudeAngelWings.Service.OutboundNotifications,ExtLibs/AltitudeAngelWings/AltitudeAngelWings.csproj,T3,hand-port,,,S,,,,,dropped,,,,9514f3288677be6fdb5be374f5c1ed10f66f5f7ad76bb5fe7eba64d46eb2208c,,"out of scope, owner's ruling §12 D13 (2026-09-25): Altitude Angel Wings (ExtLibs/AltitudeAngelWings)"
ExtLibs/AltitudeAngelWings/Service/OutboundNotifications/OutboundNotificationsService.cs,188,AltitudeAngelWings.Service.OutboundNotifications,ExtLibs/AltitudeAngelWings/AltitudeAngelWings.csproj,T3,hand-port,,,S,,,,,dropped,,,,703d47b3d94e099c44e1566863b852bb18da94b878abc37606287e641db91620,,"out of scope, owner's ruling §12 D13 (2026-09-25): Altitude Angel Wings (ExtLibs/AltitudeAngelWings)"
ExtLibs/AltitudeAngelWings/Service/OutboundNotifications/WebSocket.cs,75,AltitudeAngelWings.Service.OutboundNotifications,ExtLibs/AltitudeAngelWings/AltitudeAngelWings.csproj,T3,hand-port,,,S,,,,,dropped,,,,c0a294bf4ad9d24126690aa5c684e799870f713ae5500ffc853233cff271cb8d,,"out of scope, owner's ruling §12 D13 (2026-09-25): Altitude Angel Wings (ExtLibs/AltitudeAngelWings)"
ExtLibs/AltitudeAngelWings/ServiceLocator.cs,131,AltitudeAngelWings,ExtLibs/AltitudeAngelWings/AltitudeAngelWings.csproj,T3,hand-port,,,S,,,,,dropped,,,,0d30a023c9ef4551f07bb2135142eef9d82cc74733dc2d0882a3c652a2ec460b,,"out of scope, owner's ruling §12 D13 (2026-09-25): Altitude Angel Wings (ExtLibs/AltitudeAngelWings)"
ExtLibs/AltitudeAngelWings/ServiceLocatorConfiguration.cs,172,AltitudeAngelWings,ExtLibs/AltitudeAngelWings/AltitudeAngelWings.csproj,T3,hand-port,,,S,,,,,dropped,,,,99d7c0c59ea53935f65f4d56269d1cd8aee5e6ca83ecd9bdf2bb0d63d23a5e6e,,"out of scope, owner's ruling §12 D13 (2026-09-25): Altitude Angel Wings (ExtLibs/AltitudeAngelWings)"
ExtLibs/AltitudeAngelWings/Settings.cs,331,AltitudeAngelWings,ExtLibs/AltitudeAngelWings/AltitudeAngelWings.csproj,T3,hand-port,,,M,,,,,dropped,,,,331337a1bb2c266ff908048e41d2924e01a4fba33828f831e7f43faa9ca3e41a,,"out of scope, owner's ruling §12 D13 (2026-09-25): Altitude Angel Wings (ExtLibs/AltitudeAngelWings)"
ExtLibs/AltitudeAngelWings/UiThreadInvoke.cs,29,AltitudeAngelWings,ExtLibs/AltitudeAngelWings/AltitudeAngelWings.csproj,T3,hand-port,,,S,,,,,dropped,,,,1db77286914f746da2827dfc8e67347bc10abff000eb0363ec956c07a6a358d6,,"out of scope, owner's ruling §12 D13 (2026-09-25): Altitude Angel Wings (ExtLibs/AltitudeAngelWings)"
ExtLibs/Antenna/ArduTracker.cs,175,MissionPlanner.Antenna,ExtLibs/Antenna/MissionPlanner.Antenna.csproj,T3,hand-port,,,S,,,,,dropped,,,,d48d3d421e23d311c1c5021d715a8b02c56f33645c9ac7ddc81daa21ee559592,,"out of scope, owner's ruling §12 D13 (2026-09-25): the Antenna Tracker (Antenna/, ConfigAntennaTracker, TrackerUI; ExtLibs/Antenna is its output library, used only by Antenna/TrackerGeneric.cs)"
ExtLibs/Antenna/DegreeTracker.cs,138,MissionPlanner.Antenna,ExtLibs/Antenna/MissionPlanner.Antenna.csproj,T3,hand-port,,,S,,,,,dropped,,,,6860f721974e3b8c44c132d9d76fd65d8161f7fd6bcf61ec910689dc99da6e1f,,"out of scope, owner's ruling §12 D13 (2026-09-25): the Antenna Tracker (Antenna/, ConfigAntennaTracker, TrackerUI; ExtLibs/Antenna is its output library, used only by Antenna/TrackerGeneric.cs)"
ExtLibs/Antenna/ITrackerOutput.cs,38,MissionPlanner.Antenna,ExtLibs/Antenna/MissionPlanner.Antenna.csproj,T3,hand-port,,,S,,,,,dropped,,,,82392f8f0d12b347c743cac63ae0f7b28f2421083e2a721252c7dcaf1cb91d97,,"out of scope, owner's ruling §12 D13 (2026-09-25): the Antenna Tracker (Antenna/, ConfigAntennaTracker, TrackerUI; ExtLibs/Antenna is its output library, used only by Antenna/TrackerGeneric.cs)"
ExtLibs/Antenna/Maestro.cs,234,MissionPlanner.Antenna,ExtLibs/Antenna/MissionPlanner.Antenna.csproj,T3,hand-port,,,M,,,,,dropped,,,,fc4488ec0323e77a7ed6bd8d971d9df84cd3e38807609ef3eaee42ca7acaa8bf,,"out of scope, owner's ruling §12 D13 (2026-09-25): the Antenna Tracker (Antenna/, ConfigAntennaTracker, TrackerUI; ExtLibs/Antenna is its output library, used only by Antenna/TrackerGeneric.cs)"
ExtLibs/ArduPilot/AIS.cs,54,MissionPlanner.ArduPilot,ExtLibs/ArduPilot/MissionPlanner.ArduPilot.csproj,T3,hand-port,,,S,,,,,ready,,,,3c3a1c704ec30c4605583d74dcb69e759b19899b38fff174ad2a85cc408bc1e5,,
ExtLibs/ArduPilot/APFirmware.cs,335,MissionPlanner.ArduPilot,ExtLibs/ArduPilot/MissionPlanner.ArduPilot.csproj,T3,hand-port,mp-firmware,,M,behaviour-equivalent,,golden,,tested,,,crates/mp-firmware/src/manifest.rs;crates/mp-firmware/tests/manifest.rs;testdata/firmware,8e04135518793fef9786a035fbdfc807f7588201112950bbcfbb2245b3cb065d,every download re-fetched (no Last-Modified); the C# keeps no cache file and neither does this,"GetRelease/GetBoardID/GetOptions/LookForPort on a 240-record excerpt and the whole 97,251-record manifest when named"
ExtLibs/ArduPilot/AP_REPL.cs,162,MissionPlanner.ArduPilot,ExtLibs/ArduPilot/MissionPlanner.ArduPilot.csproj,T3,hand-port,,,S,,,,,dropped,,,,5fbb8a0ea2c509e13f4ab618cb87d29aaf12db384946e62d782dc83f0637402e,,"out of scope, owner's ruling §12 D13 (2026-09-25): the Python REPL (ConfigREPL; ExtLibs/ArduPilot/AP_REPL.cs is its link, used by nothing else)"
ExtLibs/ArduPilot/Camera.cs,51,MissionPlanner.Utilities,ExtLibs/ArduPilot/MissionPlanner.ArduPilot.csproj,T3,hand-port,,,S,,,,,ready,,,,b2c8471bb17b1d703e96402bbe7a0fcd39f8af06f4da109fc4ca86bebd52632c,,"1 method with no callers, see dead-functions.csv"
ExtLibs/ArduPilot/Common.cs,290,MissionPlanner.ArduPilot,ExtLibs/ArduPilot/MissionPlanner.ArduPilot.csproj,T3,hand-port,,,M,,,,,ready,,,,efef3e2bd989d9cf790b5009b85aae7f3c627b6af1ca7cf918be596fe81dfb1d,,
ExtLibs/ArduPilot/CurrentState.cs,5016,MissionPlanner,ExtLibs/ArduPilot/MissionPlanner.ArduPilot.csproj,T3,hand-port,mp-vehicle,,XL,behaviour-equivalent,,golden,,tested,,,crates/mp-vehicle/src/coverage.rs;docs/coverage/currentstate.md;crates/mp-vehicle/tests/current_state.rs;crates/mp-vehicle/tests/current_state_replay.rs,7583d8a7fb1d21b1a20f47c0df71f5d80155aede9a494a90d8bf8c826222f67f,"55 of 550 members: NAMED_VALUE_FLOAT slots, HIL, the packet-clock fields, per-stream rates, gimbal point, planned home","416 done, 48 derived, 30 plumbing, 1 dropped; the table is matched to the C# file by a test"
ExtLibs/ArduPilot/DeviceInfo.cs,21,MissionPlanner.ArduPilot,ExtLibs/ArduPilot/MissionPlanner.ArduPilot.csproj,T3,hand-port,,,S,,,,,ready,,,,7489fe692fa1840e728c5bfebf780d4b9d59fd9350a50e020d04ed2b780ab529,,
ExtLibs/ArduPilot/Fence.cs,141,MissionPlanner.Utilities,ExtLibs/ArduPilot/MissionPlanner.ArduPilot.csproj,T3,hand-port,,,S,,,,,ready,,,,a4a234ca3cb4dd6c4b0e9d22c7a5c4e326bbd5f69c646924fb938f18b90237b3,,"4 methods with no callers, see dead-functions.csv"
ExtLibs/ArduPilot/FenceCircle.cs,15,MissionPlanner.Utilities,ExtLibs/ArduPilot/MissionPlanner.ArduPilot.csproj,T3,hand-port,,,S,,,,,ready,,,,437559065890ad52597d044935f5997912899e7398025a038b6891787a8237c3,,
ExtLibs/ArduPilot/FencePolygon.cs,16,MissionPlanner.Utilities,ExtLibs/ArduPilot/MissionPlanner.ArduPilot.csproj,T3,hand-port,,,S,,,,,ready,,,,bb3ba430fdcdaea3e60bc769c01c199e1c9c196e5f1afcc96e9da6c9ced94bc1,,
ExtLibs/ArduPilot/FenceReturn.cs,6,MissionPlanner.Utilities,ExtLibs/ArduPilot/MissionPlanner.ArduPilot.csproj,T3,hand-port,,,S,,,,,ready,,,,7c0e20a4d7e331e14da71208ea207ab3eb07ab3867863c4f6e16e2f1dbc33e40,,
ExtLibs/ArduPilot/Firmwares.cs,18,MissionPlanner.ArduPilot,ExtLibs/ArduPilot/MissionPlanner.ArduPilot.csproj,T3,hand-port,,,S,,,,,ready,,,,46e5d107d4f12142dab0000ac59ef5c12610d973b5f3350bb29181cfde405f00,,
ExtLibs/ArduPilot/Frame.cs,13,MissionPlanner.ArduPilot,ExtLibs/ArduPilot/MissionPlanner.ArduPilot.csproj,T3,hand-port,,,S,,,,,ready,,,,a454659d5c3cbd1f78567e1ab86fe1b8248ee62a544e90cf96c2e7533638bbf2,,
ExtLibs/ArduPilot/GimbalPoint.cs,212,MissionPlanner.Utilities,ExtLibs/ArduPilot/MissionPlanner.ArduPilot.csproj,T3,hand-port,,,M,,,,,ready,,,,f8f1b542ed0063330df3d5e5b027691da2fe454bc00ce9db340cb0e47b349eff,,
ExtLibs/ArduPilot/HW/ScanHW.cs,163,MissionPlanner.Utilities.HW,ExtLibs/ArduPilot/MissionPlanner.ArduPilot.csproj,T3,hand-port,,,S,,,,,ready,,,,1b965b77ee982e2d8178f7fa299853de31f8fde57d2fe36e6c14608e5d619e7c,,
ExtLibs/ArduPilot/Joystick/IMyJoystickState.cs,32,MissionPlanner.Joystick,ExtLibs/ArduPilot/MissionPlanner.ArduPilot.csproj,T3,hand-port,,,S,,,,,ready,,,,81c367c555ee5936bb24ccc6cb272e5f2f6f5917486dadfa748acf6c502765c4,,
ExtLibs/ArduPilot/Joystick/JoyButton.cs,48,MissionPlanner.Joystick,ExtLibs/ArduPilot/MissionPlanner.ArduPilot.csproj,T3,hand-port,,,S,,,,,ready,,,,89ccd99a648bbaa4737bd536da4a21d7bb8034e5bc1723f85839c6c971c8b25c,,
ExtLibs/ArduPilot/Joystick/JoyChannel.cs,13,MissionPlanner.Joystick,ExtLibs/ArduPilot/MissionPlanner.ArduPilot.csproj,T3,hand-port,,,S,,,,,ready,,,,0ce05550f34c02a8278b7be73889eb991f16461604b493b321539f5010757b11,,
ExtLibs/ArduPilot/Joystick/JoystickBase.cs,1361,MissionPlanner.Joystick,ExtLibs/ArduPilot/MissionPlanner.ArduPilot.csproj,T3,hand-port,,,L,,,,,ready,,,,7bae54d0008c0c81b0784b8204fdecd8b4344fda2d9877651a678a17ac3989f0,,"1 method with no callers, see dead-functions.csv"
ExtLibs/ArduPilot/Joystick/JoystickLinux.cs,407,MissionPlanner.Joystick,ExtLibs/ArduPilot/MissionPlanner.ArduPilot.csproj,T3,hand-port,,,M,,,,,ready,,,,5d02e55e17a65ed4b4104582e5aecb93b7d3285d77d9b8a8806fca2380841f4a,,
ExtLibs/ArduPilot/Joystick/JoystickWindows.cs,132,MissionPlanner.Joystick,ExtLibs/ArduPilot/MissionPlanner.ArduPilot.csproj,T3,hand-port,,,S,,,,,ready,,,,db03265c8183abc52f566bdc442c18d63007990bc3da28be958c97490a9d337e,,
ExtLibs/ArduPilot/Joystick/MyJoystickState.cs,246,MissionPlanner.Joystick,ExtLibs/ArduPilot/MissionPlanner.ArduPilot.csproj,T3,hand-port,,,M,,,,,ready,,,,9a779346edb9c129e47044589e2bc5305a345683dd0f85392563c4fdb875d5a2,,
ExtLibs/ArduPilot/Joystick/Native.cs,22,MissionPlanner.Joystick,ExtLibs/ArduPilot/MissionPlanner.ArduPilot.csproj,T3,hand-port,,,S,,,,,ready,,,,858dfe524b89ceaba99bc690783b9e6e850ff00d6de7a4b32d89b8f7e33e3041,,
ExtLibs/ArduPilot/Joystick/buttonfunction.cs,20,MissionPlanner.Joystick,ExtLibs/ArduPilot/MissionPlanner.ArduPilot.csproj,T3,hand-port,,,S,,,,,ready,,,,e84a0371ade7a40d3eac54ce8d229affdda8af1ef358f355538968990602337f,,
ExtLibs/ArduPilot/Joystick/joystickaxis.cs,38,MissionPlanner.Joystick,ExtLibs/ArduPilot/MissionPlanner.ArduPilot.csproj,T3,hand-port,,,S,,,,,ready,,,,1e5cacde90d1ecb1fd01a54346be649abc250c649f5766c823d05a5fd06a30bc,,
ExtLibs/ArduPilot/Linux.cs,50,MissionPlanner.Utilities,ExtLibs/ArduPilot/MissionPlanner.ArduPilot.csproj,T3,hand-port,,,S,,,,,ready,,,,4583ab5eae6b77f79c1a8da5d0e1a9e5d1a895cdcd440ead0795a4caa4f54819,,
ExtLibs/ArduPilot/LogMetaData.cs,164,MissionPlanner.ArduPilot,ExtLibs/ArduPilot/MissionPlanner.ArduPilot.csproj,T3,hand-port,,,S,,,,,ready,,,,4acf3a5a8c3578df18cca61421d16de9f41367622e39739cc8a9c596de7a91bc,,
ExtLibs/ArduPilot/MavFtpDokan.cs,497,MissionPlanner.ArduPilot,ExtLibs/ArduPilot/MissionPlanner.ArduPilot.csproj,T3,hand-port,,,M,,,,,ready,,,,a45f833c27ff431d91bc58f83805c8b864fc2a46b488895aea4dbb8633139f25,,
ExtLibs/ArduPilot/Mavlink/CameraProtocol.cs,664,MissionPlanner.ArduPilot.Mavlink,ExtLibs/ArduPilot/MissionPlanner.ArduPilot.csproj,T3,hand-port,,,L,,,,,ready,,,,7b2bd72e772dcf72724793013fff6033d04d0c51d12bc92ae76cb8c557ea14c3,,"3 methods with no callers, see dead-functions.csv"
ExtLibs/ArduPilot/Mavlink/Extension.cs,49,,ExtLibs/ArduPilot/MissionPlanner.ArduPilot.csproj,T3,hand-port,,,S,,,,,ready,,,,974a53182ef9752a7aa2a9546468ab0b11215a9468ba1f6cb73618ee721fe4e6,,"1 method with no callers, see dead-functions.csv"
ExtLibs/ArduPilot/Mavlink/GimbalManagerProtocol.cs,357,MissionPlanner.ArduPilot.Mavlink,ExtLibs/ArduPilot/MissionPlanner.ArduPilot.csproj,T3,hand-port,,,M,,,,,ready,,,,d6ab6792bb8fd00ceee186f38936ca16485377258693d82a2c271ee712b938d2,,"6 methods with no callers, see dead-functions.csv"
ExtLibs/ArduPilot/Mavlink/GimbalProtocol.cs,349,MissionPlanner.ArduPilot.Mavlink,ExtLibs/ArduPilot/MissionPlanner.ArduPilot.csproj,T3,hand-port,,,M,,,,,ready,,,,61a6658dcfd83f06641dced0d1beecec7fffaeeb4f0373eaacfcd76337bc9b2c,,"6 methods with no callers, see dead-functions.csv"
ExtLibs/ArduPilot/Mavlink/MAVAuthKeys.cs,95,MissionPlanner.Mavlink,ExtLibs/ArduPilot/MissionPlanner.ArduPilot.csproj,T3,hand-port,mp-gui,,S,behaviour-equivalent,,spec+review,,tested,,,crates/mp-gui/src/config/auth_keys.rs,4136528fc1d6e03c6aadc46823517b8346894c0dd3b61cea0c044755ec630a6d,"on Linux the MAC comes from /sys/class/net as Mono orders interfaces; elsewhere the fixed key is used (a store Mission Planner wrote on Windows does not open here); the store loads at the first frame, not on first use","the DataContractSerializer XML encrypted by Crypto, read and written byte for byte against files Mono wrote"
ExtLibs/ArduPilot/Mavlink/MAVFtp.cs,2456,MissionPlanner.ArduPilot.Mavlink,ExtLibs/ArduPilot/MissionPlanner.ArduPilot.csproj,T3,hand-port,mp-ftp,,XL,bit-exact,,oracle,,tested,,,crates/mp-ftp/src/lib.rs;crates/mp-link/src/ftp.rs;crates/mp-ftp/tests/csharp.rs;crates/mp-ftp/tests/mavftp.rs;tools/csharp-reference/MpFtp.cs;testdata/ftp,517500f924193a9d7c9e72eaceaf54809ae9df94207667c83a75f2c99281b873,kCmdOpenFileWO and kCmdTruncateFile (AP_REPL only); the no-sessions recovery awaited here where the C# never sees its answer (divergence),"768 names, the CRC vectors and 13 payloads byte for byte; param.pck from SITL the same sha256 as the C#"
ExtLibs/ArduPilot/Mavlink/MAVLinkInterface.cs,6906,MissionPlanner,ExtLibs/ArduPilot/MissionPlanner.ArduPilot.csproj,T3,hand-port,mp-link,,XL,behaviour-equivalent,,spec+review,,ported,,,crates/mp-link/src/timeouts.rs;crates/mp-link/src/requests.rs;crates/mp-link/src/param_download.rs;crates/mp-link/src/mission_transfer.rs;crates/mp-link/tests/retries.rs;crates/mp-link/tests/routing.rs;crates/mp-link/src/mission_points.rs;crates/mp-link/src/fence_points.rs,54656cd1473c3e7b49b4f11173bf744f8edcb840e88d8b23b7738475e2689d21,"MAVFTP, log download, signing setup, uploadPartial, getHomePosition, doCommandInt, the serial-port and TCP/UDP connection code (mp-transport), the float MISSION_ITEM path","the retry table (1748-4380) and the parameter/command/mission machines; nine recorded divergences in tests/retries.rs; MAVState.wps, rallypoints and fencepoints filled from the stream, the link's uploads and single set-WPs (mission_points.rs, fence_points.rs)"
ExtLibs/ArduPilot/Mavlink/MAVLinkSerialPort.cs,316,MissionPlanner.Comms,ExtLibs/ArduPilot/MissionPlanner.ArduPilot.csproj,T3,hand-port,,,M,,,,,ready,,,,4506c2c755cfa85685ab9c0bfa2cf1fa808400bf62f678a0bd103f1debe3dd32,,
ExtLibs/ArduPilot/Mavlink/MAVList.cs,157,MissionPlanner.Mavlink,ExtLibs/ArduPilot/MissionPlanner.ArduPilot.csproj,T3,hand-port,,,S,,,,,ready,,,,b0864848e90915d62743d791fefa4dcbab1e152ab299333ae7baf625a5e196d5,,
ExtLibs/ArduPilot/Mavlink/MAVState.cs,340,MissionPlanner,ExtLibs/ArduPilot/MissionPlanner.ArduPilot.csproj,T3,hand-port,,,M,,,,,ready,,,,c76779bda41e8ccb3bb0234492e9ed0634db0ee846096637b57ccfd8239218c7,,
ExtLibs/ArduPilot/Mavlink/ProgressEventHandler.cs,3,MissionPlanner,ExtLibs/ArduPilot/MissionPlanner.ArduPilot.csproj,T3,hand-port,,,S,,,,,ready,,,,0c395e0d631eeabb4181a5ee22f0cbe617ff0985cb82a2a62bbaeddda8d68916,,
ExtLibs/ArduPilot/OpenDroneID.cs,177,MissionPlanner.ArduPilot,ExtLibs/ArduPilot/MissionPlanner.ArduPilot.csproj,T3,hand-port,,,S,,,,,ready,,,,dee63bc7fe2266957e818bbf73b8bce4dc09c1a5b2d6760fdbeebca85e9671ea,,
ExtLibs/ArduPilot/OpticalFlow.cs,135,MissionPlanner.Utilities,ExtLibs/ArduPilot/MissionPlanner.ArduPilot.csproj,T3,hand-port,,,S,,,,,ready,,,,3e63033eb9e2a887588cfee37d14f319ca89a1f107fee391e36620fb9622bb79,,
ExtLibs/ArduPilot/PX4_CUSTOM_MAIN_MODE.cs,13,MissionPlanner.ArduPilot,ExtLibs/ArduPilot/MissionPlanner.ArduPilot.csproj,T3,hand-port,,,S,,,,,ready,,,,b2bafb1b9afa6ad50e436b96c76383b318af10f4e8b4ed652219b52f47e3a8f6,,
ExtLibs/ArduPilot/PX4_CUSTOM_SUB_MODE_AUTO.cs,12,MissionPlanner.ArduPilot,ExtLibs/ArduPilot/MissionPlanner.ArduPilot.csproj,T3,hand-port,,,S,,,,,ready,,,,6a623f218b60e37d897130737f78078f743ffc13e0ec9a5385279dbf7515534b,,
ExtLibs/ArduPilot/PacketInspector.cs,222,MissionPlanner,ExtLibs/ArduPilot/MissionPlanner.ArduPilot.csproj,T3,hand-port,mp-link,,M,behaviour-equivalent,,spec+review,,tested,,,crates/mp-link/src/inspector.rs,483629a25dcb896b8b837bec6b0072830271c4158ffc10846c4d950eae80aa44,"NewSysidCompid, SeenSysid and SeenCompid (they fill MAVLinkInspector's invisible combo boxes); Clear() and the [sysid, compid] indexer (no callers); SeenBps(sysid, compid) (DroneCANInspector's only)","Add with Clear(sysid, compid)'s tables, GetPacketMessages, SeenRate and SeenBps(sysid, compid, msgid) over RateHistory 200 and three seconds; DateTime.Now handed in as an Instant; ordered maps where the C#'s enumerate in insertion order (its one reader sorts); fed by Link::on_packet, MAVLinkInterface's OnPacketReceived and OnPacketSent"
ExtLibs/ArduPilot/PolygonTools.cs,155,MissionPlanner.ArduPilot,ExtLibs/ArduPilot/MissionPlanner.ArduPilot.csproj,T3,hand-port,,,S,,,,,ready,,,,5adf0bc64399cfb45da7c58239df131e44953e930dd4b83655aa56ae1c305e63,,
ExtLibs/ArduPilot/Properties/Resources.Designer.cs,73,MissionPlanner.ArduPilot.Properties,ExtLibs/ArduPilot/MissionPlanner.ArduPilot.csproj,T1,regenerate,,,S,,,,,ready,,,,9675e9a3cf8596645f526253a8ac4a67685098ccbc99718dbbc1a029ffe1d2b7,,
ExtLibs/ArduPilot/Proximity.cs,248,MissionPlanner.Utilities,ExtLibs/ArduPilot/MissionPlanner.ArduPilot.csproj,T3,hand-port,mp-gui,,M,behaviour-equivalent,,spec+review,,tested,,,crates/mp-vehicle/src/proximity.rs,6e6047eb8e115ddbd7f1948bd89d2fb7efdc942f87c0318a8958333675b8d9b4,"GetClosest and GetWarnings (no callers, dead-functions.csv), DataAvailable (its only reader commented out); the list holds 128 readings, the oldest dropped when full","messageReceived and directionState: the reading list, its matching rules, 3 s / 0.2 s expiry; fed by DISTANCE_SENSOR and OBSTACLE_DISTANCE"
ExtLibs/ArduPilot/RemoteLog.cs,109,MissionPlanner.ArduPilot,ExtLibs/ArduPilot/MissionPlanner.ArduPilot.csproj,T3,hand-port,,,S,,,,,ready,,,,3e950fb50266f6cd658a59d49bbc287d9f6fff325317fe8e87ae7c9696b8c189,,
ExtLibs/ArduPilot/RetryTimeout.cs,86,MissionPlanner.ArduPilot,ExtLibs/ArduPilot/MissionPlanner.ArduPilot.csproj,T3,hand-port,,,S,,,,,ready,,,,5381566f425172078eb20677fbcb902ae9df027322f62805e04c3dd9ef1956c0,,
ExtLibs/ArduPilot/Serial.cs,22,MissionPlanner,ExtLibs/ArduPilot/MissionPlanner.ArduPilot.csproj,T3,hand-port,,,S,,,,,ready,,,,7a785880bb9da8e3d868d20714cc9743afc191e40f8d3cd188223b52ccfa2ec6,,"1 method with no callers, see dead-functions.csv"
ExtLibs/ArduPilot/StreamCombiner.cs,217,MissionPlanner.Utilities,ExtLibs/ArduPilot/MissionPlanner.ArduPilot.csproj,T3,hand-port,,,M,,,,,ready,,,,d4b991ccc0d85434eaf482965006cea6cf35d1750c0be7201a4d9a0d6e0f5012,,
ExtLibs/ArduPilot/UserAlert.cs,177,MissionPlanner.ArduPilot,ExtLibs/ArduPilot/MissionPlanner.ArduPilot.csproj,T3,hand-port,,,S,,,,,ready,,,,038a065f796905947d224a61c8f9b022080f94ad9ffd0e4e2d0e6cd2774a638f,,
ExtLibs/ArduPilot/ap_product.cs,45,MissionPlanner.ArduPilot,ExtLibs/ArduPilot/MissionPlanner.ArduPilot.csproj,T3,hand-port,,,S,,,,,ready,,,,6a8e7c9b03ec5ef7907dd91e0524ed7ee943faebf31600b6cc24bbb78d52bef4,,
ExtLibs/ArduPilot/hal_ins_i2c.cs,74,MissionPlanner.ArduPilot,ExtLibs/ArduPilot/MissionPlanner.ArduPilot.csproj,T3,hand-port,,,S,,,,,dropped,,,,5979a5de3b609832781d79ae5059c703e312e053bc7422ba92e7a2fe8231307f,,no callers in the C# tree as of efb0801 (D16): no other file names its types (comments aside); declares hal_ins_i2c
ExtLibs/ArduPilot/hal_ins_spi.cs,24,MissionPlanner.ArduPilot,ExtLibs/ArduPilot/MissionPlanner.ArduPilot.csproj,T3,hand-port,,,S,,,,,dropped,,,,48ab8bd287b5ab301db9e66638a28f5c24d8b724fb43f3f72f2970907250fe68,,no callers in the C# tree as of efb0801 (D16): no other file names its types (comments aside); declares hal_ins_spi
ExtLibs/ArduPilot/mav_mission.cs,257,MissionPlanner.ArduPilot,ExtLibs/ArduPilot/MissionPlanner.ArduPilot.csproj,T3,hand-port,mp-link,,M,behaviour-equivalent,,spec+review,,tested,,,crates/mp-link/src/mission_transfer.rs;crates/mp-link/tests/retries.rs,4f8c736bae1527a603fc97a8ab2de731f6bde4e9e0bafdde829c40bc44d6a9dc,the download side of the file (getWPs) is in mission_transfer.rs too; the float MISSION_ITEM reply path and the this-GCS address check are not ported,"every MAV_MISSION_RESULT handled as 101-151 does, in its words"
ExtLibs/ArduPilot/missionpck.cs,93,MissionPlanner.ArduPilot,ExtLibs/ArduPilot/MissionPlanner.ArduPilot.csproj,T3,hand-port,,,S,,,,,ready,,,,03dbee537da2abe4ed8c386daa96011469b6163046f113c749f90759a24a5d17,,
ExtLibs/ArduPilot/motor_frame_class.cs,22,MissionPlanner.ArduPilot,ExtLibs/ArduPilot/MissionPlanner.ArduPilot.csproj,T3,hand-port,,,S,,,,,ready,,,,bf0930a12581d0c80d779256370f7aceac2d2d040a8cb29a01790cbefff4bff5,,
ExtLibs/ArduPilot/motor_frame_type.cs,24,MissionPlanner.ArduPilot,ExtLibs/ArduPilot/MissionPlanner.ArduPilot.csproj,T3,hand-port,,,S,,,,,ready,,,,c58c56de42759adddee8ea22f24d9ba95c4351895126b670422b8047c271b3ab,,
ExtLibs/ArduPilot/parampck.cs,144,MissionPlanner.ArduPilot,ExtLibs/ArduPilot/MissionPlanner.ArduPilot.csproj,T3,hand-port,,,S,,,,,ready,,,,39a923bd843757f071402643f56671b17e061f8d32ad2ba64016ffae9d236391,,
ExtLibs/Arduino/ArduinoSTK.cs,379,MissionPlanner.Arduino,ExtLibs/Arduino/Arduino.csproj,T3,hand-port,,,M,,,,,ready,,,,2324c2cffaeccf009c129ea6b264c0c1a6f018d971a44077f6abe2e5d210fc09,,
ExtLibs/Arduino/ArduinoSTKv2.cs,441,MissionPlanner.Arduino,ExtLibs/Arduino/Arduino.csproj,T3,hand-port,,,M,,,,,ready,,,,9fc553693a5340dfd14418823bd94604e2ee56a9d15d3ed8a6c237780570e643,,
ExtLibs/Arduino/IArduinoComms.cs,98,MissionPlanner.Arduino,ExtLibs/Arduino/Arduino.csproj,T3,hand-port,,,S,,,,,ready,,,,f1e776573315a3cce2cf35d2ae88aef5764dffac943d1574875ae746296da1e2,,
ExtLibs/Arduino/Properties/AssemblyInfo.cs,36,,ExtLibs/Arduino/Arduino.csproj,T3,hand-port,,,S,,,,,dropped,,,,77b884269a65417f7e91aca60a980cde33cce69b2f798e2c4def8f8ebf844360,,"no callers in the C# tree as of efb0801 (D16): compiled by no project (ExtLibs/Arduino/Arduino.csproj has Compile Remove=""Properties\AssemblyInfo.cs""); declares nothing"
ExtLibs/AviFile/AssemblyInfo.cs,58,,ExtLibs/AviFile/AviFile.csproj,T0,delete,,,S,,,,,dropped,,,,c0633bd8b432e36c3b2c1fb63e72d5604014cf4524a457ecd737a584d55567fe,,"no callers in the C# tree as of efb0801 (D16): compiled by no project (ExtLibs/AviFile/AviFile.csproj has Compile Remove=""AssemblyInfo.cs""); declares nothing"
ExtLibs/AviFile/AudioStream.cs,124,AviFile,ExtLibs/AviFile/AviFile.csproj,T0,delete,,,S,,,,,ready,,,,91dd4431649dbde4b63e673d06b6a9ea78f60f8ac5c8090a02971c60756e3e00,,
ExtLibs/AviFile/Avi.cs,391,AviFile,ExtLibs/AviFile/AviFile.csproj,T0,delete,,,M,,,,,ready,,,,015b02b1c8dc03dab2ae1ecff19365b689cf07e4d84ed08656021ca0e2374fe0,,
ExtLibs/AviFile/AviManager.cs,350,AviFile,ExtLibs/AviFile/AviFile.csproj,T0,delete,,,M,,,,,ready,,,,bc7befead01232da577f316e86ed8e02f19eb62eff27e54259c40b99a5429c38,,
ExtLibs/AviFile/AviPlayer.cs,105,AviFile,ExtLibs/AviFile/AviFile.csproj,T0,delete,,,S,,,,,ready,,,,5e329c1d960f45d3704477522ba33f0d75a33789582ea3a9664e827666d4a49a,,
ExtLibs/AviFile/AviStream.cs,40,AviFile,ExtLibs/AviFile/AviFile.csproj,T0,delete,,,S,,,,,ready,,,,e47df792fe375041d425247e5e827f384a77410fc179c28222f3b65e67301cbd,,
ExtLibs/AviFile/EditableVideoStream.cs,119,AviFile,ExtLibs/AviFile/AviFile.csproj,T0,delete,,,S,,,,,ready,,,,63577aa2635dc0766e05ec1c857f9006c7277e09c51d159ab6a84c4a35179d59,,
ExtLibs/AviFile/VideoStream.cs,579,AviFile,ExtLibs/AviFile/AviFile.csproj,T0,delete,,,M,,,,,ready,,,,d9575464976bc335b5831492a34475a4292287279c7fed69f801349e6d8ae978,,
ExtLibs/BSE.Windows.Forms/ProgressBar/ProgressBar.Designer.cs,38,BSE.Windows.Forms,ExtLibs/BSE.Windows.Forms/BSE.Windows.Forms.csproj,T0,delete,,,S,,,,,ready,,,,192b2420252591875b9656606251e9cdc3c107bad9e370e8c0da5a87c6a8e21e,,
ExtLibs/BSE.Windows.Forms/ProgressBar/ProgressBar.cs,474,BSE.Windows.Forms,ExtLibs/BSE.Windows.Forms/BSE.Windows.Forms.csproj,T0,delete,,,M,,,,,ready,,,,9ecc884c5d79fc7a8412a5d9d14693d7d9e5ca6e7ecc98ac64e56630290af89c,,
ExtLibs/BSE.Windows.Forms/ProgressBar/ToolStripProgressBar.cs,260,BSE.Windows.Forms,ExtLibs/BSE.Windows.Forms/BSE.Windows.Forms.csproj,T0,delete,,,M,,,,,ready,,,,f3ef7df78aa7861b04b0f2e0ad5b2307048497c9f1f7cf882bc679c911cf30c8,,
ExtLibs/BSE.Windows.Forms/Properties/AssemblyInfo.cs,39,,ExtLibs/BSE.Windows.Forms/BSE.Windows.Forms.csproj,T0,delete,,,S,,,,,ready,,,,bded60c5295e72da41bb0b0573a15b139f5db57bb052b3da3ff698ea2e2d476d,,
ExtLibs/BSE.Windows.Forms/Properties/Resources.Designer.cs,192,BSE.Windows.Forms.Properties,ExtLibs/BSE.Windows.Forms/BSE.Windows.Forms.csproj,T0,delete,,,S,,,,,ready,,,,2d8da5c43502b7bdaff022b5b05b5085bd88fc9bf534855d15fe733c061534c8,,
ExtLibs/BSE.Windows.Forms/Renderer/BseColorTable.cs,13,BSE.Windows.Forms,ExtLibs/BSE.Windows.Forms/BSE.Windows.Forms.csproj,T0,delete,,,S,,,,,ready,,,,5e6ecfefe96660908c51a3f2bc47b0230d15f65845294b94f3f10ac2107819f5,,
ExtLibs/BSE.Windows.Forms/Renderer/BseRenderer.cs,790,BSE.Windows.Forms,ExtLibs/BSE.Windows.Forms/BSE.Windows.Forms.csproj,T0,delete,,,L,,,,,ready,,,,d15180ea0c21e802d0b98e27f2f48d0d4a91d78454035292c4eb8bc35b35f565,,
ExtLibs/BSE.Windows.Forms/Renderer/ColorTableBlack.cs,84,BSE.Windows.Forms,ExtLibs/BSE.Windows.Forms/BSE.Windows.Forms.csproj,T0,delete,,,S,,,,,ready,,,,8fd1cc375567a7fce6e50ee5a5108798760bc44b6486d5480e1cdf21d6a3a4cc,,
ExtLibs/BSE.Windows.Forms/Renderer/ColorTableBlue.cs,84,BSE.Windows.Forms,ExtLibs/BSE.Windows.Forms/BSE.Windows.Forms.csproj,T0,delete,,,S,,,,,ready,,,,97fae3f27c9614300f8d1f83be09d4d399e0f95b517aff542fe022953f9a969f,,
ExtLibs/BSE.Windows.Forms/Renderer/Office2007BlackColorTable.cs,89,BSE.Windows.Forms,ExtLibs/BSE.Windows.Forms/BSE.Windows.Forms.csproj,T0,delete,,,S,,,,,ready,,,,6f08f3a560319f964bf069386fccbfa5487213b1fbef28899930d42b8965a3a0,,
ExtLibs/BSE.Windows.Forms/Renderer/Office2007BlueColorTable.cs,89,BSE.Windows.Forms,ExtLibs/BSE.Windows.Forms/BSE.Windows.Forms.csproj,T0,delete,,,S,,,,,ready,,,,d003ecb592853e39c407448477a431cbdd360c9681a9ac4f264826dfede3f180,,
ExtLibs/BSE.Windows.Forms/Renderer/Office2007Renderer.cs,245,BSE.Windows.Forms,ExtLibs/BSE.Windows.Forms/BSE.Windows.Forms.csproj,T0,delete,,,M,,,,,ready,,,,41392af6e2cd4c856d003a2e61d1e7d2bcfd3a0d5ec97626c8b7e96a8ab779a3,,
ExtLibs/BSE.Windows.Forms/Renderer/Office2007SilverColorTable.cs,88,BSE.Windows.Forms,ExtLibs/BSE.Windows.Forms/BSE.Windows.Forms.csproj,T0,delete,,,S,,,,,ready,,,,c2cde0512d6c12a0313c71b0528b915044d55f1f88961b9d51707788a383a40c,,
ExtLibs/BSE.Windows.Forms/Renderer/OfficeColorTable.cs,13,BSE.Windows.Forms,ExtLibs/BSE.Windows.Forms/BSE.Windows.Forms.csproj,T0,delete,,,S,,,,,ready,,,,3b20b534eabea1eb9df49d888e38ceeb96fd97d79b9b4ee0684dfee1fe93d6ff,,
ExtLibs/BSE.Windows.Forms/Renderer/ProfessionalColorTable.cs,883,BSE.Windows.Forms,ExtLibs/BSE.Windows.Forms/BSE.Windows.Forms.csproj,T0,delete,,,L,,,,,ready,,,,6353ad41b3d909eb648c827da9858fdc3842b656429b34303cf7c432f0d299cf,,
ExtLibs/BSE.Windows.Forms/Splitter/Splitter.Designer.cs,36,BSE.Windows.Forms,ExtLibs/BSE.Windows.Forms/BSE.Windows.Forms.csproj,T0,delete,,,S,,,,,ready,,,,3a55295a6e3f663c0f21546e8124e89fed293e438947c4bd3ae398af58d6e605,,
ExtLibs/BSE.Windows.Forms/Splitter/Splitter.cs,44,BSE.Windows.Forms,ExtLibs/BSE.Windows.Forms/BSE.Windows.Forms.csproj,T0,delete,,,S,,,,,ready,,,,3c8fb25083b52dd8b1f9532bb8f66c7a9d0ff729dd7e3e6535b7caabe79a3691,,
ExtLibs/BSE.Windows.Forms/XPander/BasePanel.cs,1665,BSE.Windows.Forms,ExtLibs/BSE.Windows.Forms/BSE.Windows.Forms.csproj,T0,delete,,,XL,,,,,ready,,,,5199d8b6fdbd909ceccecf981cfe2f49fc4d381e95cf2bb60c03b64ee1d4214b,,
ExtLibs/BSE.Windows.Forms/XPander/CaptionStyle.cs,28,BSE.Windows.Forms,ExtLibs/BSE.Windows.Forms/BSE.Windows.Forms.csproj,T0,delete,,,S,,,,,ready,,,,8ffa9207298f80cfaeefe654e6ce2fa8c8e65b466528be2f462a13ee04adacd9,,
ExtLibs/BSE.Windows.Forms/XPander/ColorScheme.cs,28,BSE.Windows.Forms,ExtLibs/BSE.Windows.Forms/BSE.Windows.Forms.csproj,T0,delete,,,S,,,,,ready,,,,e7edcb89369df5bf1b42cc0889f840862a60dc7e2391a688935b6c2b149b0b77,,
ExtLibs/BSE.Windows.Forms/XPander/ColorSchemeChangeEventArgs.cs,47,BSE.Windows.Forms,ExtLibs/BSE.Windows.Forms/BSE.Windows.Forms.csproj,T0,delete,,,S,,,,,ready,,,,05a109d4488045edace06a2ab4acca542f13f6dadc76e3132494f4647cbe4967,,
ExtLibs/BSE.Windows.Forms/XPander/Constants.cs,21,BSE.Windows.Forms,ExtLibs/BSE.Windows.Forms/BSE.Windows.Forms.csproj,T0,delete,,,S,,,,,ready,,,,94bb2bda2baa86f011fdad6b0237a449fb32722e9b4d48fe64bfcbe66f023e00,,
ExtLibs/BSE.Windows.Forms/XPander/CustomColors.cs,192,BSE.Windows.Forms,ExtLibs/BSE.Windows.Forms/BSE.Windows.Forms.csproj,T0,delete,,,S,,,,,ready,,,,a29c1a7acf9c71065234ca7541d7b9fa37660015fb80115b85895ff82c70e3a7,,
ExtLibs/BSE.Windows.Forms/XPander/CustomPanelColors.cs,112,BSE.Windows.Forms,ExtLibs/BSE.Windows.Forms/BSE.Windows.Forms.csproj,T0,delete,,,S,,,,,ready,,,,54105b70d41bc257a276858381c0d1f745d399999dad2f4e7159bce40cbab3a8,,
ExtLibs/BSE.Windows.Forms/XPander/CustomXPanderPanelColors.cs,248,BSE.Windows.Forms,ExtLibs/BSE.Windows.Forms/BSE.Windows.Forms.csproj,T0,delete,,,M,,,,,ready,,,,ec4a20ebb62404d60661de8b6413c61e5b4cda42418bed51ca704087c4928143,,
ExtLibs/BSE.Windows.Forms/XPander/DisplayInformation.cs,69,BSE.Windows.Forms,ExtLibs/BSE.Windows.Forms/BSE.Windows.Forms.csproj,T0,delete,,,S,,,,,ready,,,,a9784b2a05cbfd79ae7ede7bb811d4b8ebaa23d4a69ece7e9121ef7b67dd91de,,
ExtLibs/BSE.Windows.Forms/XPander/HoverState.cs,28,BSE.Windows.Forms,ExtLibs/BSE.Windows.Forms/BSE.Windows.Forms.csproj,T0,delete,,,S,,,,,ready,,,,a5c0c95e127935fcd641e86999b9ed569777269823b130e4db0700ecadcb255d,,
ExtLibs/BSE.Windows.Forms/XPander/HoverStateChangeEventArgs.cs,44,BSE.Windows.Forms,ExtLibs/BSE.Windows.Forms/BSE.Windows.Forms.csproj,T0,delete,,,S,,,,,ready,,,,4882b724290e9a33e600ec97a2759331918a97e1af39839425a3b1ff68c4fac5,,
ExtLibs/BSE.Windows.Forms/XPander/IPanel.cs,69,BSE.Windows.Forms,ExtLibs/BSE.Windows.Forms/BSE.Windows.Forms.csproj,T0,delete,,,S,,,,,ready,,,,bfd28386bee0af2232f10647df63231cdd8a0d1ae56ad58bc705bee67a2a5a88,,
ExtLibs/BSE.Windows.Forms/XPander/Panel.Designer.cs,41,BSE.Windows.Forms,ExtLibs/BSE.Windows.Forms/BSE.Windows.Forms.csproj,T0,delete,,,S,,,,,ready,,,,50d5cc4cf50f600fc20f5cd00bf382cc9b4701f2b650b80615ad12c3571d27ec,,
ExtLibs/BSE.Windows.Forms/XPander/Panel.cs,777,BSE.Windows.Forms,ExtLibs/BSE.Windows.Forms/BSE.Windows.Forms.csproj,T0,delete,,,L,,,,,ready,,,,86aa26adf7d8934f53d046d1cbd8a300dc951604d737a58bbdd171106e39369b,,
ExtLibs/BSE.Windows.Forms/XPander/PanelColors.cs,589,BSE.Windows.Forms,ExtLibs/BSE.Windows.Forms/BSE.Windows.Forms.csproj,T0,delete,,,M,,,,,ready,,,,c2690c586cc0e87409ec13ead8c5b5551d6b77221819656e319d9eb708090b9c,,
ExtLibs/BSE.Windows.Forms/XPander/PanelColorsBlack.cs,81,BSE.Windows.Forms,ExtLibs/BSE.Windows.Forms/BSE.Windows.Forms.csproj,T0,delete,,,S,,,,,ready,,,,aaa122b78ff169bcda224bf12eaee4174ddf4c8814c617b15090f517f4ac56bf,,
ExtLibs/BSE.Windows.Forms/XPander/PanelColorsBlue.cs,81,BSE.Windows.Forms,ExtLibs/BSE.Windows.Forms/BSE.Windows.Forms.csproj,T0,delete,,,S,,,,,ready,,,,4972341a9ccf39a7e1fdac4c46acb84b662fe2d51b8f2f7979a455bda3ebee6d,,
ExtLibs/BSE.Windows.Forms/XPander/PanelColorsBse.cs,71,BSE.Windows.Forms,ExtLibs/BSE.Windows.Forms/BSE.Windows.Forms.csproj,T0,delete,,,S,,,,,ready,,,,50a027f46676ad6174d242cddab278239656214dcdaa2c8c6da826ff17b69b8c,,
ExtLibs/BSE.Windows.Forms/XPander/PanelColorsOffice.cs,71,BSE.Windows.Forms,ExtLibs/BSE.Windows.Forms/BSE.Windows.Forms.csproj,T0,delete,,,S,,,,,ready,,,,128d2aba1c7ce3875fe57247e6cbc62ec936d863c2596ecdcfe05eb304605f1c,,
ExtLibs/BSE.Windows.Forms/XPander/PanelColorsOffice2007Black.cs,72,BSE.Windows.Forms,ExtLibs/BSE.Windows.Forms/BSE.Windows.Forms.csproj,T0,delete,,,S,,,,,ready,,,,15c566d08d71a3a9062f4e2cf0b7b3ba55db1b71affb0c72b0f38dd9a0dab064,,
ExtLibs/BSE.Windows.Forms/XPander/PanelColorsOffice2007Blue.cs,81,BSE.Windows.Forms,ExtLibs/BSE.Windows.Forms/BSE.Windows.Forms.csproj,T0,delete,,,S,,,,,ready,,,,22301d531494d6dd1ff24c0b12e084381f5ab20d06a276fb581184b78a02d165,,
ExtLibs/BSE.Windows.Forms/XPander/PanelColorsOffice2007Silver.cs,71,BSE.Windows.Forms,ExtLibs/BSE.Windows.Forms/BSE.Windows.Forms.csproj,T0,delete,,,S,,,,,ready,,,,54b04fe05cab5d30fbe4d91e5511bdbdb1ddb31b75134ceb19891f1318ce4d3a,,
ExtLibs/BSE.Windows.Forms/XPander/PanelColorsRed.cs,88,BSE.Windows.Forms,ExtLibs/BSE.Windows.Forms/BSE.Windows.Forms.csproj,T0,delete,,,S,,,,,ready,,,,44a1c40585df6ed890fef45f1df2d280caa9d711a5d9fd1e864f132eba2db287,,
ExtLibs/BSE.Windows.Forms/XPander/PanelSettingsManager.cs,206,BSE.Windows.Forms,ExtLibs/BSE.Windows.Forms/BSE.Windows.Forms.csproj,T0,delete,,,M,,,,,ready,,,,488660b9f79928d6dafe25b2187257d2962d8b72357bb415262fd0fe464ea926,,
ExtLibs/BSE.Windows.Forms/XPander/PanelStyle.cs,26,BSE.Windows.Forms,ExtLibs/BSE.Windows.Forms/BSE.Windows.Forms.csproj,T0,delete,,,S,,,,,ready,,,,1bea3e014ffff2b7299273b469972a6a7146d82734033b4132cba696cfc5685b,,
ExtLibs/BSE.Windows.Forms/XPander/PanelStyleChangeEventArgs.cs,48,BSE.Windows.Forms,ExtLibs/BSE.Windows.Forms/BSE.Windows.Forms.csproj,T0,delete,,,S,,,,,ready,,,,1d9260b380b4e1015f45da4e9d2a5cbd39d4326de438063a36decbb7b7200ac2,,
ExtLibs/BSE.Windows.Forms/XPander/UseAntiAlias.cs,72,BSE.Windows.Forms,ExtLibs/BSE.Windows.Forms/BSE.Windows.Forms.csproj,T0,delete,,,S,,,,,ready,,,,beda296b7a4e41a16564140a0a959310f8ae99007cc639ed5f5684a8f034df3f,,
ExtLibs/BSE.Windows.Forms/XPander/UseClearTypeGridFit.cs,70,BSE.Windows.Forms,ExtLibs/BSE.Windows.Forms/BSE.Windows.Forms.csproj,T0,delete,,,S,,,,,ready,,,,b41a03162b9610cf52f962a01c1e522623a18f7ec3dec653ad94fdaf50943ec6,,
ExtLibs/BSE.Windows.Forms/XPander/XPanderPanel.Designer.cs,37,BSE.Windows.Forms,ExtLibs/BSE.Windows.Forms/BSE.Windows.Forms.csproj,T0,delete,,,S,,,,,ready,,,,146005863060679d1485526b2ae88446c8cdd3d36e86014c71414edbc697449c,,
ExtLibs/BSE.Windows.Forms/XPander/XPanderPanel.cs,745,BSE.Windows.Forms,ExtLibs/BSE.Windows.Forms/BSE.Windows.Forms.csproj,T0,delete,,,L,,,,,ready,,,,37e374d0c08d86688399f599938cbbd9ad45fbbf86773470a08e68b321a2563d,,
ExtLibs/BSE.Windows.Forms/XPander/XPanderPanelList.Designer.cs,38,BSE.Windows.Forms,ExtLibs/BSE.Windows.Forms/BSE.Windows.Forms.csproj,T0,delete,,,S,,,,,ready,,,,d666d9c0a2a11afdd1fe099103bfb2699481a0b5c6ec3283a90addec4941c82a,,
ExtLibs/BSE.Windows.Forms/XPander/XPanderPanelList.cs,999,BSE.Windows.Forms,ExtLibs/BSE.Windows.Forms/BSE.Windows.Forms.csproj,T0,delete,,,L,,,,,ready,,,,6493089b97038fe6eefc6b45a73030a70ac3c2e554841cd3df5a1561eb4ec2b5,,
ExtLibs/BSE.Windows.Forms/XPander/XPanderStateChangeEventArgs.cs,47,BSE.Windows.Forms,ExtLibs/BSE.Windows.Forms/BSE.Windows.Forms.csproj,T0,delete,,,S,,,,,ready,,,,d331148ebd0846070b0fa935bae0728799113067c6e79a30f0cdb30acbeb602a,,
ExtLibs/BaseClasses/BaseClasses.cs,13861,DirectShow.BaseClasses,ExtLibs/BaseClasses/BaseClasses.csproj,T0,delete,,,XL,,,,,ready,,,,f2735af35747f238bb9e8bf0a7500eab4b10c42b46e2e53a7145818b13e0de7d,,
ExtLibs/BaseClasses/DSHelper.cs,3965,Sonic,ExtLibs/BaseClasses/BaseClasses.csproj,T0,delete,,,XL,,,,,ready,,,,d96dc51a8fa92c45a766b0e7067bdd78212635a4e5719f31a338c3c2863e1a7e,,
ExtLibs/BaseClasses/DirectShow.cs,6472,DirectShow,ExtLibs/BaseClasses/BaseClasses.csproj,T0,delete,,,XL,,,,,ready,,,,232d7969a16e3afdb65ac1ce0cf7d211f5dd10df9ba6cc2675e4dcdbb0efd2e2,,
ExtLibs/Benchmark/Program.cs,178,benchmark,ExtLibs/Benchmark/benchmark.csproj,T3,hand-port,,,S,,,,,dropped,,,,890585639d2c95688ab30590f17cbc4794030e7251efae89fa8aacb50c231498,,no callers in the C# tree as of efb0801 (D16): its project ExtLibs/Benchmark/benchmark.csproj is in no build (neither MissionPlanner.sln nor MissionPlannerLib.sln reaches it); declares Program
ExtLibs/Comms/CircularBuffer.cs,48,MissionPlanner.Comms,ExtLibs/Comms/MissionPlanner.Comms.csproj,T3,hand-port,,,S,,,,,ready,,,,196699734b92af5447d0f9145cf9c0f111cdb27ef4bd607f66737c17dd8ea1f3,,
ExtLibs/Comms/CommsBLE.cs,1423,MissionPlanner.Comms,ExtLibs/Comms/MissionPlanner.Comms.csproj,T3,hand-port,,,L,,,,,ready,,,,6e51df8c1cd87b71a34e2fe2e752caa025a42fba5cca40cef02d38e7d8db030e,,
ExtLibs/Comms/CommsBase.cs,68,MissionPlanner.Comms,ExtLibs/Comms/MissionPlanner.Comms.csproj,T3,hand-port,,,S,,,,,ready,,,,8b0fc61a066dc69dfc6737930c2ce8d9c6db2f90224784e0f531054d393ca791,,
ExtLibs/Comms/CommsFile.cs,212,MissionPlanner.Comms,ExtLibs/Comms/MissionPlanner.Comms.csproj,T3,hand-port,,,M,,,,,ready,,,,601e776b2836a3e8ef5de20ed06e58181f8c96608483238a7d12cb5f4313d947,,
ExtLibs/Comms/CommsInjection.cs,192,MissionPlanner.Comms,ExtLibs/Comms/MissionPlanner.Comms.csproj,T3,hand-port,,,S,,,,,ready,,,,aa600035da2a369a38b297a81f16778009fb5707153fe9e3c1a069e7c427f800,,
ExtLibs/Comms/CommsNTRIP.cs,496,MissionPlanner.Comms,ExtLibs/Comms/MissionPlanner.Comms.csproj,T3,hand-port,mp-transport,,M,bit-exact,,oracle,,tested,,,crates/mp-transport/src/ntrip.rs;crates/mp-transport/tests/csharp_goldens.rs;tools/csharp-reference/MpComms.cs;testdata/comms/golden,9e70e92225cf20caac88bdfa8c5b271ea050f257559ae43d780a249bb3b45451,"TLS (wss://, https casters) unported; divergences at the sites: a caster hang-up closes the link, a failed websocket open returns its error, one multicast join","request bytes, GGA cadence, the socket.io conversation and the UDP reads/writes held to the class compiled from the reference tree under mono"
ExtLibs/Comms/CommsSerialPipe.cs,445,MissionPlanner.Comms,ExtLibs/Comms/MissionPlanner.Comms.csproj,T3,hand-port,,,M,,,,,ready,,,,7172608856ef6a204d8fe0ee8f6b65a892b0bdbc6fe4e9ca5410c3d17498c123,,
ExtLibs/Comms/CommsSerialPort.cs,764,MissionPlanner.Comms,ExtLibs/Comms/MissionPlanner.Comms.csproj,T3,hand-port,mp-transport,,L,behaviour-equivalent,,golden,,tested,,,crates/mp-transport/src/enumerate.rs;crates/mp-transport/tests/enumerate.rs;testdata/ports,c40dacf403095f3e46252e7610ef8ec7e1bf2d56c9d7c5d4617b729ddf007761,the port I/O itself is the serialport crate; WMI friendly names; the Bluetooth/BLE/WinUSB sources,"GetPortNames and the Bluetooth COM fix rule for rule; fixtures are hand-made, not captured from Mission Planner"
ExtLibs/Comms/CommsStream.cs,50,MissionPlanner.Comms,ExtLibs/Comms/MissionPlanner.Comms.csproj,T3,hand-port,,,S,,,,,ready,,,,ebe80cb00861787368d21040b8ea354917236e3a33239def6866eac6de83da59,,
ExtLibs/Comms/CommsTCPSerial.cs,399,MissionPlanner.Comms,ExtLibs/Comms/MissionPlanner.Comms.csproj,T3,hand-port,,,M,,,,,ready,,,,62fc58e209134290c5a0ea1b6e636fd777e89c6e55a66a422d043e74528a8c5a,,
ExtLibs/Comms/CommsUDPSerialConnect.cs,365,MissionPlanner.Comms,ExtLibs/Comms/MissionPlanner.Comms.csproj,T3,hand-port,mp-transport,,M,bit-exact,,oracle,,tested,,,crates/mp-transport/src/udp_client.rs;crates/mp-transport/tests/csharp_goldens.rs;tools/csharp-reference/MpComms.cs;testdata/comms/golden,28f386f8f17f63055b1a79559a255f56e3a9a931c7e65bf3418b88ae63d71272,"TLS (wss://, https casters) unported; divergences at the sites: a caster hang-up closes the link, a failed websocket open returns its error, one multicast join","request bytes, GGA cadence, the socket.io conversation and the UDP reads/writes held to the class compiled from the reference tree under mono"
ExtLibs/Comms/CommsUdpSerial.cs,356,MissionPlanner.Comms,ExtLibs/Comms/MissionPlanner.Comms.csproj,T3,hand-port,,,M,,,,,ready,,,,053f748d52139330fed5d937a987f56af3a3f97f67d8efaa65344f7bff61ba38,,
ExtLibs/Comms/CommsWebSocket.cs,380,MissionPlanner.Comms,ExtLibs/Comms/MissionPlanner.Comms.csproj,T3,hand-port,mp-transport,,M,bit-exact,,oracle,,tested,,,crates/mp-transport/src/websocket.rs;crates/mp-transport/tests/csharp_goldens.rs;tools/csharp-reference/MpComms.cs;testdata/comms/golden,2c6becf8ea51d25a6077e97e0727f195f66dd495dd67d0f719421357271ffea7,"TLS (wss://, https casters) unported; divergences at the sites: a caster hang-up closes the link, a failed websocket open returns its error, one multicast join","request bytes, GGA cadence, the socket.io conversation and the UDP reads/writes held to the class compiled from the reference tree under mono"
ExtLibs/Comms/CommsWinUSB.cs,924,MissionPlanner.Comms,ExtLibs/Comms/MissionPlanner.Comms.csproj,T3,hand-port,,,L,,,,,ready,,,,a0d115fa5528ed497a1a241bef01c5636c56dec575454c369ae84ea35811c0bb,,
ExtLibs/Comms/SerialTest.cs,42,MissionPlanner.Comms,ExtLibs/Comms/MissionPlanner.Comms.csproj,T3,hand-port,,,S,,,,,dropped,,,,e466a5f6a34de9e1a39fbc53e620730754ab8a1b7367fdd29e3c375ee129f127,,no callers in the C# tree as of efb0801 (D16): no other file names its types (comments aside); declares SerialTest
ExtLibs/Comms/System.IO.Ports/Handshake.cs,21,System.IO.Ports,ExtLibs/Comms/MissionPlanner.Comms.csproj,T0,delete,,,S,,,,,ready,,,,5485b1bee018cdbb17f69672a5795a971e19440c842641b9da932d21d6e4f93f,,
ExtLibs/Comms/System.IO.Ports/ISerialStream.cs,33,System.IO.Ports,ExtLibs/Comms/MissionPlanner.Comms.csproj,T0,delete,,,S,,,,,ready,,,,671d3707ec646aa406891c6d7d6369b47a91ecc70491eae1a94864b1fd840de6,,
ExtLibs/Comms/System.IO.Ports/MonoTODOAttribute.cs,27,System.IO.Ports,ExtLibs/Comms/MissionPlanner.Comms.csproj,T0,delete,,,S,,,,,ready,,,,27ed166336ee9d480b51401fa7b6fb593439d5b3dafc589fca89b1f1d802d885,,
ExtLibs/Comms/System.IO.Ports/Parity.cs,22,System.IO.Ports,ExtLibs/Comms/MissionPlanner.Comms.csproj,T0,delete,,,S,,,,,ready,,,,6aea65f0fdecf4e37cf61a2c9d3dcc2c005cb730a26780b0943d0433a1ea8a10,,
ExtLibs/Comms/System.IO.Ports/SerialData.cs,18,System.IO.Ports,ExtLibs/Comms/MissionPlanner.Comms.csproj,T0,delete,,,S,,,,,ready,,,,dd4cef41b2589c3cce2e123e20e3cb75a70a01aff25b480eeb3e13aca4f7fc5e,,
ExtLibs/Comms/System.IO.Ports/SerialError.cs,22,System.IO.Ports,ExtLibs/Comms/MissionPlanner.Comms.csproj,T0,delete,,,S,,,,,ready,,,,afef891d61d34602eb2f40e0d7f225cefb36742dd57492c4717fe145105db66e,,
ExtLibs/Comms/System.IO.Ports/SerialErrorEventArgs.cs,24,System.IO.Ports,ExtLibs/Comms/MissionPlanner.Comms.csproj,T0,delete,,,S,,,,,ready,,,,4262a72a2b95b27feff6af1ec6d3b65c9f6aadc6c21dda6933bb5b71c12ad4a1,,
ExtLibs/Comms/System.IO.Ports/SerialPinChange.cs,22,System.IO.Ports,ExtLibs/Comms/MissionPlanner.Comms.csproj,T0,delete,,,S,,,,,ready,,,,04772e3bb3698dc1631dbee9f05f4b63017383c6a074ce01017ccb4039fd738f,,
ExtLibs/Comms/System.IO.Ports/SerialPinChangedEventArgs.cs,23,System.IO.Ports,ExtLibs/Comms/MissionPlanner.Comms.csproj,T0,delete,,,S,,,,,ready,,,,0189a85bc555ef1ed8d78fa186f2bbc263352091f6df56ecfad23fd7922a3b6e,,
ExtLibs/Comms/System.IO.Ports/SerialPort.cs,848,System.IO.Ports,ExtLibs/Comms/MissionPlanner.Comms.csproj,T0,delete,mp-transport,,L,,,,,ported,,,crates/mp-transport/src/enumerate.rs,4c1609583d6f9b9bbe022ee091100b4ca5e49916c2d57f6dbcbdfb2d5d6c19e6,everything but GetPortNames (536-575): the port I/O is the serialport crate,"only GetPortNames (536-575) is ported, as the mono runtime list; the rest is the serialport crate"
ExtLibs/Comms/System.IO.Ports/SerialPortStream.cs,335,System.IO.Ports,ExtLibs/Comms/MissionPlanner.Comms.csproj,T0,delete,,,M,,,,,ready,,,,bcfe60b72f54be30c81b9031776960fad0c4cc8343520123abbdbffb9e1237b1,,
ExtLibs/Comms/System.IO.Ports/SerialReceivedEventArgs.cs,22,System.IO.Ports,ExtLibs/Comms/MissionPlanner.Comms.csproj,T0,delete,,,S,,,,,ready,,,,405fd38fbb623e2489faa98ba4366b2a26962716782070fa154524b733298e9c,,
ExtLibs/Comms/System.IO.Ports/SerialSignal.cs,21,System.IO.Ports,ExtLibs/Comms/MissionPlanner.Comms.csproj,T0,delete,,,S,,,,,ready,,,,0f5d46de09a797015450d90c9f9dab4c96a461a404ca3be1e28bd350d4f49802,,
ExtLibs/Comms/System.IO.Ports/StopBits.cs,20,System.IO.Ports,ExtLibs/Comms/MissionPlanner.Comms.csproj,T0,delete,,,S,,,,,ready,,,,b09712094c2b10899e4c9aadb7b1a31fc2bbfbbea5db4f8a14dcbce8994311ea,,
ExtLibs/Comms/System.IO.Ports/WinSerialStream.cs,579,System.IO.Ports,ExtLibs/Comms/MissionPlanner.Comms.csproj,T0,delete,,,M,,,,,ready,,,,6c78f4c6a6640989805c4bc1d4d93b0f6fc5807533f9f42ef1c552274b8494c8,,
ExtLibs/Comms/UDPStream.cs,48,MissionPlanner.Comms,ExtLibs/Comms/MissionPlanner.Comms.csproj,T3,hand-port,,,S,,,,,ready,,,,3940dec3d395b3d7976bac63c4744846416c0283a5e7cccd4a18c904e93650ab,,
ExtLibs/Controls/AGauge.cs,2029,AGaugeApp,ExtLibs/Controls/MissionPlanner.Controls.csproj,T3,hand-port,mp-gui,,XL,behaviour-equivalent,,spec+review,,tested,,,crates/mp-gui/src/gauge.rs;tests/gui/fly-gauges.gui,4914d3d33be4a6f258fa5dcf28a37a370e4ea89f9eb0f45ddaf0b56ccaee0e44,the face image is not drawn,the speed dial from AGauge.cs:1499-1987 and its double-click prompt
ExtLibs/Controls/AltInputBox.cs,141,MissionPlanner.Controls,ExtLibs/Controls/MissionPlanner.Controls.csproj,T3,hand-port,,,S,,,,,ready,,,,21f6749766d57b11b47755ed3a45d83d93b35813b5100e546d92ed5dbb5a97ad,,
ExtLibs/Controls/BackstageView/BackStageViewMenuPanel.cs,53,MissionPlanner.Controls.BackstageView,ExtLibs/Controls/MissionPlanner.Controls.csproj,T3,hand-port,,,S,,,,,ready,,,,c94aa0c99964b2a6969b877ea76cc343f4728d7eeabdb0e75a30e8ecfe941cd5,,
ExtLibs/Controls/BackstageView/BackstageView.Designer.cs,71,MissionPlanner.Controls.BackstageView,ExtLibs/Controls/MissionPlanner.Controls.csproj,T2,extract,,,S,,,,,ready,,,,12957443e717fcf47a555c243636ece474a535a0643b0477d3824fab1c18676f,,
ExtLibs/Controls/BackstageView/BackstageView.cs,582,MissionPlanner.Controls.BackstageView,ExtLibs/Controls/MissionPlanner.Controls.csproj,T3,hand-port,,,M,,,,,ready,,,,dfc668b528dd916788f6b00536ee0d4a2e5252c4af7a6da85e5fdd9408137e00,,
ExtLibs/Controls/BackstageView/BackstageViewButton.cs,153,MissionPlanner.Controls.BackstageView,ExtLibs/Controls/MissionPlanner.Controls.csproj,T3,hand-port,,,S,,,,,ready,,,,8e977f59424eb65d31ee41b8a8370f6ccf74d62434092354ac2318040190a8d1,,
ExtLibs/Controls/BackstageView/BackstageViewCollection.cs,48,MissionPlanner.Controls.BackstageView,ExtLibs/Controls/MissionPlanner.Controls.csproj,T3,hand-port,,,S,,,,,ready,,,,821f22f894a4794e16d235433616552b576124e11811a354f0b07c9048e39c3a,,
ExtLibs/Controls/BackstageView/BackstageViewPage.cs,136,MissionPlanner.Controls.BackstageView,ExtLibs/Controls/MissionPlanner.Controls.csproj,T3,hand-port,,,S,,,,,ready,,,,145e0b76d47a55f3de667c1079338dce94428977bfbe44de0f1c59ebf2e7881c,,
ExtLibs/Controls/BindableListView.cs,613,InteractSw.BindingDemo,ExtLibs/Controls/MissionPlanner.Controls.csproj,T3,hand-port,,,L,,,,,dropped,,,,187a38bb3249ef7676a2cf9cde4cc9d6b9b2531504e147e52c5f0cd39eeded7f,,no callers in the C# tree as of efb0801 (D16): no other file names its types (comments aside); declares BindableListView
ExtLibs/Controls/ClickBindingButton.cs,208,MissionPlanner.Controls,ExtLibs/Controls/MissionPlanner.Controls.csproj,T3,hand-port,,,M,,,,,ready,,,,b3e7925425895358e34aa90144c39381ec47b74da6d4f4171c3f854e330e6a71,,
ExtLibs/Controls/ControlExt.cs,31,MissionPlanner.Controls,ExtLibs/Controls/MissionPlanner.Controls.csproj,T3,hand-port,,,S,,,,,ready,,,,8e6eed0161f7e9062a35244389f333d9d2a1a15e42e6375736aa390f8ad727e8,,
ExtLibs/Controls/ControlHelpers.cs,113,MissionPlanner.Controls,ExtLibs/Controls/MissionPlanner.Controls.csproj,T3,hand-port,,,S,,,,,ready,,,,c3d0944be124a42a4e239863b526225d1de12441430f0e4303a16fa1682fb979,,
ExtLibs/Controls/Coords.Designer.cs,62,MissionPlanner.Controls,ExtLibs/Controls/MissionPlanner.Controls.csproj,T2,extract,,,S,,,,,ready,,,,c12926904d253a0f46e64fe20f96e0ed63a9f4bb203c476a8eb2e5ea9aa1b24c,,
ExtLibs/Controls/Coords.cs,172,MissionPlanner.Controls,ExtLibs/Controls/MissionPlanner.Controls.csproj,T3,hand-port,,,S,,,,,ready,,,,aceb1c36a4e821d281965d34dc91760eeb51a72c0562fa429076438724f0df02,,
ExtLibs/Controls/CustomMessageBox.cs,411,MissionPlanner.MsgBox,ExtLibs/Controls/MissionPlanner.Controls.csproj,T3,hand-port,,,M,,,,,ready,,,,f37c98061bae4ff90a307d6177140336a2fa9af8f44edf71e03b4100e6a1f5c2,,
ExtLibs/Controls/FileBrowse.Designer.cs,84,MissionPlanner.Controls,ExtLibs/Controls/MissionPlanner.Controls.csproj,T2,extract,,,S,,,,,dropped,,,,be6b000e193d5b6b8c769ea767b1037c81f0d7e6f598637ba9be78f2a1080058,,no callers in the C# tree as of efb0801 (D16): no other file names its types (comments aside); declares FileBrowse
ExtLibs/Controls/FileBrowse.cs,50,MissionPlanner.Controls,ExtLibs/Controls/MissionPlanner.Controls.csproj,T3,hand-port,,,S,,,,,dropped,,,,579c004f24ee07546b4eb96a546877b2c8b13a67012a577824b454efac733107,,no callers in the C# tree as of efb0801 (D16): no other file names its types (comments aside); declares FileBrowse
ExtLibs/Controls/FlashMessage.cs,142,MissionPlanner.Controls,ExtLibs/Controls/MissionPlanner.Controls.csproj,T3,hand-port,,,S,,,,,dropped,,,,d22af5363659f2310ed30f9e70cf00925c75634eeeac7baaba4ccec44741026c,,no callers in the C# tree as of efb0801 (D16): no other file names its types (comments aside); declares FlashMessage
ExtLibs/Controls/FlashMessage.designer.cs,46,MissionPlanner.Controls,ExtLibs/Controls/MissionPlanner.Controls.csproj,T2,extract,,,S,,,,,dropped,,,,a8c268924806b2a5e692a2061ba351b003055c8523ed2b7e62ca8375cc423a08,,no callers in the C# tree as of efb0801 (D16): no other file names its types (comments aside); declares FlashMessage
ExtLibs/Controls/GradientBG.Designer.cs,76,MissionPlanner.Controls,ExtLibs/Controls/MissionPlanner.Controls.csproj,T2,extract,,,S,,,,,ready,,,,1fff641f022beca603f27348d3ee5ac0156f6476f021140972b9de5bf67f203a,,
ExtLibs/Controls/GradientBG.cs,51,MissionPlanner.Controls,ExtLibs/Controls/MissionPlanner.Controls.csproj,T3,hand-port,,,S,,,,,ready,,,,2b12476d9d13c672dd3edb330e6825f4fd7e4d9938aead020f76199f8cd0f712,,
ExtLibs/Controls/HSI.Designer.cs,43,MissionPlanner.Controls,ExtLibs/Controls/MissionPlanner.Controls.csproj,T2,extract,,,S,,,,,ready,,,,b021b6240e41ea9055300e86203e2c55b4f447d84c46976f760247729aaf4f9c,,
ExtLibs/Controls/HSI.cs,192,MissionPlanner.Controls,ExtLibs/Controls/MissionPlanner.Controls.csproj,T3,hand-port,,,S,,,,,ready,,,,797491042aa99e6e7fde9dfeb6c137f91728b30e67805c50052956eac7c495aa,,
ExtLibs/Controls/HUD.cs,3856,MissionPlanner.Controls,ExtLibs/Controls/MissionPlanner.Controls.csproj,T3,hand-port,mp-gui,,XL,behaviour-equivalent,,spec+review,,tested,,,crates/mp-gui/src/hud.rs;tests/gui/hud.gui;tests/gui/hud-health.gui,7f590edc95ffdadeb2a21fa483b9098be8498274bf184aad70fabf6e1750aefa,"the click handlers on Vibe/EKF/pre-arm (1207-1231), custom renderers, the icon layout, OpenGL path, AVI recording, the russian HUD",all 24 doPaint elements in a pure scene builder with a coverage table
ExtLibs/Controls/HUDT.Designer.cs,527,MissionPlanner.Controls,ExtLibs/Controls/MissionPlanner.Controls.csproj,T1,regenerate,,,M,,,,,ready,,,,6beff7dec3b04d886dd40b0675f5383769259b49a77de0836724b8923b63c19e,,
ExtLibs/Controls/HorizontalProgressBar.cs,229,MissionPlanner.Controls,ExtLibs/Controls/MissionPlanner.Controls.csproj,T3,hand-port,,,M,,,,,ready,,,,3311951f521543c0db64339214ac96f547c21235bc6a422b64b18f161db602fe,,
ExtLibs/Controls/HorizontalProgressBar2.cs,256,MissionPlanner.Controls,ExtLibs/Controls/MissionPlanner.Controls.csproj,T3,hand-port,,,M,,,,,ready,,,,a307dd899cd6c11e05ef7070894fe643239a7420d095f4aca55b0c5d16605b57,,
ExtLibs/Controls/IDynamicParameterControl.cs,29,MissionPlanner.Controls,ExtLibs/Controls/MissionPlanner.Controls.csproj,T3,hand-port,,,S,,,,,ready,,,,418db10a132ccd8f1ac197556689db364bcf150dc78af8688064d11bc80ce983,,
ExtLibs/Controls/IHudIconRenderer.cs,30,MissionPlanner.Controls,ExtLibs/Controls/MissionPlanner.Controls.csproj,T3,hand-port,,,S,,,,,ready,,,,200939b14ad48fa22a621687474d9afb69a6123cf53079c0afc0399076ccc07c,,
ExtLibs/Controls/ImageLabel.Designer.cs,74,MissionPlanner.Controls,ExtLibs/Controls/MissionPlanner.Controls.csproj,T2,extract,,,S,,,,,ready,,,,21100c3b3a32464cdc024628c27e49789d2d555ce7cfc0d04cf7d1529a800a63,,
ExtLibs/Controls/ImageLabel.cs,57,MissionPlanner.Controls,ExtLibs/Controls/MissionPlanner.Controls.csproj,T3,hand-port,,,S,,,,,ready,,,,89996d257b1862412f113f0a218ad8d2089b3203245caccc5dfde9e564c46354,,
ExtLibs/Controls/InputBox.cs,206,MissionPlanner.Controls,ExtLibs/Controls/MissionPlanner.Controls.csproj,T3,hand-port,,,M,,,,,ready,,,,07a5e457f4236164ae0dd206c27882db39a862f2664eb1e19a396f21efe70303,,
ExtLibs/Controls/KeyBindingButton.cs,247,MissionPlanner.Controls,ExtLibs/Controls/MissionPlanner.Controls.csproj,T3,hand-port,,,M,,,,,ready,,,,77f0f5b43f9eee9d5db482742484ee3b5b72a571b6c4b10b2104778f9e226d29,,
ExtLibs/Controls/LabelWithPseudoOpacity.cs,60,MissionPlanner.Controls,ExtLibs/Controls/MissionPlanner.Controls.csproj,T3,hand-port,,,S,,,,,ready,,,,479ad10da728df3e12fd9218fc91cb8f1f89ff64bded3aa8b9cfd075c58048a2,,
ExtLibs/Controls/LineSeparator.cs,72,MissionPlanner.Controls,ExtLibs/Controls/MissionPlanner.Controls.csproj,T3,hand-port,,,S,,,,,ready,,,,fc688122b4e820dbc9effe69b9cedffc821d090432c6cf92447ec8f810061e5c,,
ExtLibs/Controls/MainSwitcher.cs,276,MissionPlanner.Controls,ExtLibs/Controls/MissionPlanner.Controls.csproj,T3,hand-port,,,M,,,,,ready,,,,0a19d0fb9bd6fb4dec2febe83e3cc38260cc45da5180cfb84d2ddddd26d638e9,,
ExtLibs/Controls/MyButton.cs,199,MissionPlanner.Controls,ExtLibs/Controls/MissionPlanner.Controls.csproj,T3,hand-port,,,S,,,,,ready,,,,485b83f6d2c30f2af36c501c976cba254c7cc1eff7e9cd936116e57e9e0b985b,,
ExtLibs/Controls/MyLabel.cs,121,MissionPlanner.Controls,ExtLibs/Controls/MissionPlanner.Controls.csproj,T3,hand-port,,,S,,,,,ready,,,,1d7fcc56fde00ceef1a4c939c15980892975f8e3cb984a9cbdc54f28049ff6e3,,
ExtLibs/Controls/MyProgressBar.Designer.cs,53,MissionPlanner.Controls,ExtLibs/Controls/MissionPlanner.Controls.csproj,T2,extract,,,S,,,,,ready,,,,bcf02f60a5ae3163ba584c2561a87a13d3d52873d7c999660b37bc1f348a8f7b,,
ExtLibs/Controls/MyProgressBar.cs,159,MissionPlanner.Controls,ExtLibs/Controls/MissionPlanner.Controls.csproj,T3,hand-port,,,S,,,,,ready,,,,00357e2447240eb17cf48b59bd2a5204de6e4553cb5e17d4537bc25bcbf4e966,,
ExtLibs/Controls/MyTrackBar.cs,29,MissionPlanner.Controls,ExtLibs/Controls/MissionPlanner.Controls.csproj,T3,hand-port,,,S,,,,,ready,,,,2e26f8cdae66c11bf73d7cd8d6e573e36475d8420ba997c51d12891843649685,,
ExtLibs/Controls/MyUserControl.cs,335,System.Windows.Forms,ExtLibs/Controls/MissionPlanner.Controls.csproj,T3,hand-port,,,M,,,,,ready,,,,7f6fe211586847c8752c2fde0879205db4c9c3f2b46bfcd2872d9e6a0c599473,,
ExtLibs/Controls/OptionForm.Designer.cs,90,MissionPlanner.Controls,ExtLibs/Controls/MissionPlanner.Controls.csproj,T2,extract,,,S,,,,,ready,,,,f30480181e3cfdb1342e974db229569f6ca640275bc4e49d93aa9ad226c2cc49,,
ExtLibs/Controls/OptionForm.cs,46,MissionPlanner.Controls,ExtLibs/Controls/MissionPlanner.Controls.csproj,T3,hand-port,,,S,,,,,ready,,,,16d00c8dcfe52d2ae4144bbb55eafa04f8881003c8c015b77549fae0a656efe9,,
ExtLibs/Controls/PictureBoxMouseOver.cs,52,MissionPlanner.Controls,ExtLibs/Controls/MissionPlanner.Controls.csproj,T3,hand-port,,,S,,,,,ready,,,,e8c21fc4eecf42ab47a77b8c330f08babc66c726d6162891afbb4f0f5f4085c0,,
ExtLibs/Controls/PictureBoxWithPseudoOpacity.cs,48,MissionPlanner.Controls,ExtLibs/Controls/MissionPlanner.Controls.csproj,T3,hand-port,,,S,,,,,ready,,,,35ca879afc69111bdf75a9dd1a7a731eab66285a7b569f059b946712f0900b70,,
ExtLibs/Controls/ProgressReporterDialogue.cs,361,MissionPlanner.Controls,ExtLibs/Controls/MissionPlanner.Controls.csproj,T3,hand-port,,,M,,,,,ready,,,,9a3cb0f3801a00876d52091edd551bb3ce97f6dd7d396fa77bf24a8a9d9e8085,,
ExtLibs/Controls/ProgressReporterDialogue.designer.cs,129,MissionPlanner.Controls,ExtLibs/Controls/MissionPlanner.Controls.csproj,T2,extract,,,S,,,,,ready,,,,f0c0fbd749719c079708fbe7a60ff940a30cb5a7314109ee805d00e9d06a38c2,,
ExtLibs/Controls/ProgressReporterSphere.cs,122,MissionPlanner.Controls,ExtLibs/Controls/MissionPlanner.Controls.csproj,T3,hand-port,,,S,,,,,ready,,,,cf9915c5c940d3e1be64627f3fe97107cf33cfc1c508c439f61d08d42f66b740,,
ExtLibs/Controls/ProgressStep.Designer.cs,81,MissionPlanner.Controls,ExtLibs/Controls/MissionPlanner.Controls.csproj,T2,extract,,,S,,,,,dropped,,,,f192ee422ce8fe88b8e08158f217ea1cd7087ecbc1047b875b865f305c95a009,,no callers in the C# tree as of efb0801 (D16): no other file names its types (comments aside); declares ProgressStep
ExtLibs/Controls/ProgressStep.cs,30,MissionPlanner.Controls,ExtLibs/Controls/MissionPlanner.Controls.csproj,T3,hand-port,,,S,,,,,dropped,,,,1abcb3e162a9576ce72d4357949d2d5e3b46cf0049f614a1d092c1c46a01628a,,no callers in the C# tree as of efb0801 (D16): no other file names its types (comments aside); declares ProgressStep
ExtLibs/Controls/Properties/AssemblyInfo.cs,33,,ExtLibs/Controls/MissionPlanner.Controls.csproj,T3,hand-port,,,S,,,,,ready,,,,6e4c9e6990fe4085fefaef5148715eb78626370d2287c28e503b0d018cc30f96,,
ExtLibs/Controls/Properties/Resources.Designer.cs,93,MissionPlanner.Controls.Properties,ExtLibs/Controls/MissionPlanner.Controls.csproj,T1,regenerate,,,S,,,,,ready,,,,402bc78d069f359e874d6cb12c7eabe97f5cf1f75d9e17c4741fc6cf47bef6ee,,
ExtLibs/Controls/PseudoOpacityHelper.cs,20,MissionPlanner.Controls,ExtLibs/Controls/MissionPlanner.Controls.csproj,T3,hand-port,,,S,,,,,ready,,,,f6c6eb5ef40944f6b3e90370234c20ddbe32e226a0f649313a72c4e4f6e1260d,,
ExtLibs/Controls/QuickView.Designer.cs,55,MissionPlanner.Controls,ExtLibs/Controls/MissionPlanner.Controls.csproj,T2,extract,,,S,,,,,ready,,,,3565af8917d331e0304a5b195a4db4af77bfdcda2160eebc59b2e44679bf7070,,
ExtLibs/Controls/QuickView.cs,139,MissionPlanner.Controls,ExtLibs/Controls/MissionPlanner.Controls.csproj,T3,hand-port,,,S,,,,,ready,,,,d8949e06a24e737fcd06266e2a943a7de4bd6afa09bbfbdf5c146547593c0fbe,,
ExtLibs/Controls/RadialGradientBG.Designer.cs,61,MissionPlanner.Controls,ExtLibs/Controls/MissionPlanner.Controls.csproj,T2,extract,,,S,,,,,ready,,,,035bdd1f9b048820f9d1f92d260407c2e64ab744c46cafa0326573440952617c,,
ExtLibs/Controls/RadialGradientBG.cs,57,MissionPlanner.Controls,ExtLibs/Controls/MissionPlanner.Controls.csproj,T3,hand-port,,,S,,,,,ready,,,,05954c4f47a3d4d21170957aacb71aca36a667211e341b09cbe3b91a698df226,,
ExtLibs/Controls/RangeControl.Designer.cs,104,MissionPlanner.Controls,ExtLibs/Controls/MissionPlanner.Controls.csproj,T2,extract,mp-gui,,S,behaviour-equivalent,,spec+review,,tested,,,crates/mp-gui/src/config/adsb.rs,169c9c011cc760736385fa44e59a770993c94de7896dd885b4885141f41ea165,,"the label, the trackbar and the number box as the Designer places them; the layout at the Designer's places"
ExtLibs/Controls/RangeControl.cs,236,MissionPlanner.Controls,ExtLibs/Controls/MissionPlanner.Controls.csproj,T3,hand-port,mp-gui,,M,behaviour-equivalent,,spec+review,,tested,,,crates/mp-gui/src/config/adsb.rs;tests/gui/config-advanced-params.gui,797816b57a3dfaedef632eb4031d4e74a915827b66594ca2fd9479e197dd3718,the Windows trackbar's tick marks are not drawn,"the track bar at 0..1000 mapped onto the parameter's range, LargeChange and SmallChange 10, the thumb dragged, the bar's keys (arrows, Page Up/Down, Home, End), the number box written to three places, the up/down buttons"
ExtLibs/Controls/SKControl.cs,114,SkiaSharp.Views.Desktop,ExtLibs/Controls/MissionPlanner.Controls.csproj,T3,hand-port,,,S,,,,,ready,,,,6159f638b637a45c5b2107fd86ef802530ab7d1805226d01aba7ea4cf37f4468,,
ExtLibs/Controls/SKGLControl.cs,0,,ExtLibs/Controls/MissionPlanner.Controls.csproj,T3,hand-port,,,S,,,,,dropped,,,,f1945cd6c19e56b3c1c78943ef5ec18116907a4ca1efc40a57d48ab1db7adfc5,,"declares nothing: the file holds no type, member or attribute, only whitespace, comments or an empty namespace"
ExtLibs/Controls/Sphere.cs,312,MissionPlanner.Controls,ExtLibs/Controls/MissionPlanner.Controls.csproj,T3,hand-port,,,M,,,,,ready,,,,9deb2f293a394c53fa552f51789bfdcade3f919e9934b7b549925a9616501e8d,,
ExtLibs/Controls/SuspendUpdate.cs,31,MissionPlanner.Controls,ExtLibs/Controls/MissionPlanner.Controls.csproj,T3,hand-port,,,S,,,,,dropped,,,,9ed5965eac3153f30a76dc53fa7ba7e3000dc8816bfd1435f498a69d14c76f31,,no callers in the C# tree as of efb0801 (D16): no other file names its types (comments aside); declares SuspendUpdate
ExtLibs/Controls/TransparentPanel.cs,33,MissionPlanner.Controls,ExtLibs/Controls/MissionPlanner.Controls.csproj,T3,hand-port,,,S,,,,,dropped,,,,9bbc7b50fd4fb97f771c0eb62adb0eb083bb09c04591b0dc96a792e1d90d5e65,,no callers in the C# tree as of efb0801 (D16): no other file names its types (comments aside); declares TransparentPanel
ExtLibs/Controls/ValuesControl.Designer.cs,90,MissionPlanner.Controls,ExtLibs/Controls/MissionPlanner.Controls.csproj,T2,extract,mp-gui,,S,behaviour-equivalent,,spec+review,,tested,,,crates/mp-gui/src/config/adsb.rs,8583c99f596fa483521ed086b03f94963b8fb3845384307672dab60454bfb95d,,the label and the combo as the Designer places them; the layout at the Designer's places
ExtLibs/Controls/ValuesControl.cs,82,MissionPlanner.Controls,ExtLibs/Controls/MissionPlanner.Controls.csproj,T3,hand-port,mp-gui,,S,behaviour-equivalent,,spec+review,,tested,,,crates/mp-gui/src/config/adsb.rs;tests/gui/config-standard-params.gui,51127088fb0ade896d0dfac2152b6b081aaa0a1c50de4b57b5a8adb5af0f9878,,"the DropDown combo: the row chosen from the list, or typed - the exact-matching row (case aside) selected, no match leaves SelectedIndex -1 and the C#'s NullReferenceException text on the status line"
ExtLibs/Controls/VerticalProgressBar.cs,20,MissionPlanner.Controls,ExtLibs/Controls/MissionPlanner.Controls.csproj,T3,hand-port,,,S,,,,,ready,,,,01b55b7a4b1e52f00dc2db92584f85ba6bea0706fecabbf35d01f70d588b6293,,
ExtLibs/Controls/VerticalProgressBar2.cs,19,MissionPlanner.Controls,ExtLibs/Controls/MissionPlanner.Controls.csproj,T3,hand-port,,,S,,,,,ready,,,,c6a7f46f29aadc6f9172a1aab8cabaee5a133e6e67f66e4fc06367798ee68705,,
ExtLibs/Controls/WindDir.Designer.cs,46,MissionPlanner.Controls,ExtLibs/Controls/MissionPlanner.Controls.csproj,T2,extract,,,S,,,,,ready,,,,175f756725f991f3dabd620342b9e3bf9a16ae5a5dd225732f30ca2acd6c879e,,
ExtLibs/Controls/WindDir.cs,116,MissionPlanner.Controls,ExtLibs/Controls/MissionPlanner.Controls.csproj,T3,hand-port,,,S,,,,,ready,,,,ab951711b04af92481d87267e57638e9b47c2ce76cc98d270b1a0c61afec3678,,
ExtLibs/Controls/myGMAP.cs,375,MissionPlanner.Controls,ExtLibs/Controls/MissionPlanner.Controls.csproj,T3,hand-port,,,M,,,,,ready,,,,d64cd342f0f22b706e78c76918d8da055abf32d8c973bf445aa3142972e92635,,
ExtLibs/Controls/netstandard2.0/Shim.cs,2214,SvgNet.SvgGdi,ExtLibs/Controls/MissionPlanner.Controls.csproj,T3,hand-port,,,XL,,,,,ready,,,,1c4041f28c4ee6009ae6c9515224ae55a2ac88e5c68f29dacb543f35231bc273,,
ExtLibs/Core/CommonObjects/IdNameColorItem.cs,173,Core.CommonObjects,ExtLibs/Core/Core.csproj,T3,hand-port,,,S,,,,,dropped,,,,4851c019df886d2995fc48eb47d22002499e56039ddbd2623c64a0b2a2893971,,"no callers in the C# tree as of efb0801 (D16): named only by files that are themselves dead (XmlIdDictionary.cs); declares AIdItem, AIdNameColorItem, AIdNameItem, IDisplayNameItem, IIdItem, IIdNameColorItem, IIdNameItem, INameItem"
ExtLibs/Core/Events.cs,29,Core,ExtLibs/Core/Core.csproj,T3,hand-port,,,S,,,,,dropped,,,,f580fa06414ed6998afa6f14c6a1f4df4be807d26ac65054ce3d380eacee34cc,,"no callers in the C# tree as of efb0801 (D16): named only by files that are themselves dead (EventList.cs); declares GenericEventArgs, GenericEventHandler"
ExtLibs/Core/ExtendedObjects/EventList.cs,77,Core.ExtendedObjects,ExtLibs/Core/Core.csproj,T3,hand-port,,,S,,,,,dropped,,,,30ece2ff1be6285252b4ce76725b0ba13c13f7d7977c67c8569ab23baa9eb35e,,no callers in the C# tree as of efb0801 (D16): named only by files that are themselves dead (XmlList.cs); declares EventList
ExtLibs/Core/FileHandling/LoadSave.cs,223,Core.FileHandling,ExtLibs/Core/Core.csproj,T3,hand-port,,,M,,,,,dropped,,,,0c51227315b9bf69c1b39ae373d6d0aeecf5de028767527583df7f1e53c9b6b9,,no callers in the C# tree as of efb0801 (D16): no other file names its types (comments aside); declares LoadSave
ExtLibs/Core/Geometry/AShapeE.cs,104,Core.Geometry,ExtLibs/Core/Core.csproj,T3,hand-port,,,S,,,,,ready,,,,fff90d384563d795f5434d1886626c0095affa1085e7b6f591a06389f148f3f6,,
ExtLibs/Core/Geometry/Calc.cs,13,Core.Geometry,ExtLibs/Core/Core.csproj,T3,hand-port,,,S,,,,,ready,,,,ede4045fe7ec831302dbbbfbe580e286000301d2b10dd5b90021baea9cb071d1,,
ExtLibs/Core/Geometry/IntervalE.cs,125,Core.Geometry,ExtLibs/Core/Core.csproj,T3,hand-port,,,S,,,,,ready,,,,30cef8dd5b315f585e0b3169182dca9afca8d9717a9221a1598f67ce81ac1c45,,
ExtLibs/Core/Geometry/Point3D.cs,110,Core.Geometry,ExtLibs/Core/Core.csproj,T3,hand-port,,,S,,,,,ready,,,,427e02a0590bf64bd038baa8c3ab654093b1dc1d809fe587a3f8122e49cafe07,,
ExtLibs/Core/Geometry/PointE.cs,262,Core.Geometry,ExtLibs/Core/Core.csproj,T3,hand-port,,,M,,,,,ready,,,,3d3d7e8d062dc855e2ab33c538c28351d5d9aab6132ad1b4fe23138e6acedfe4,,
ExtLibs/Core/Geometry/RectangleE.cs,401,Core.Geometry,ExtLibs/Core/Core.csproj,T3,hand-port,,,M,,,,,ready,,,,09faa6d696a770fe50cb147a7652a9fbcb3f03ec76809f141d434b1cfe706e85,,
ExtLibs/Core/Geometry/SizeE.cs,268,Core.Geometry,ExtLibs/Core/Core.csproj,T3,hand-port,,,M,,,,,ready,,,,77bbdd95739e29b593cb54d4f41c886ee98aea8e6b8c74dbf38b87bade8caefd,,
ExtLibs/Core/Utils/ColorUtils.cs,344,Core.Utils,ExtLibs/Core/Core.csproj,T3,hand-port,,,M,,,,,dropped,,,,6c8b788463ebdd2c3c596b4e7846a56e61f20ac467eb177aa0e6adfc76a644d0,,no callers in the C# tree as of efb0801 (D16): named only by files that are themselves dead (IdNameColorItem.cs); declares ColorUtils
ExtLibs/Core/Utils/MathUtils.cs,58,Core.Utils,ExtLibs/Core/Core.csproj,T3,hand-port,,,S,,,,,dropped,,,,f9280e2e6f7758abeb914c8488f5a0c9160b21bca1d2e324120b40e9290d6a10,,no callers in the C# tree as of efb0801 (D16): no other file names its types (comments aside); declares MathUtils
ExtLibs/Core/Utils/MiscUtils.cs,19,Core.Utils,ExtLibs/Core/Core.csproj,T3,hand-port,,,S,,,,,dropped,,,,60a58ab9dc836ff28a691fe65f9b40e2b25368dec5f6505cc64b07aa40ef8bec,,no callers in the C# tree as of efb0801 (D16): no other file names its types (comments aside); declares MiscUtils
ExtLibs/Core/Utils/StringUtils.cs,360,Core.Utils,ExtLibs/Core/Core.csproj,T3,hand-port,,,M,,,,,ready,,,,10788144c596325272e0be434334ca065b1e6f303bfce67d8a0c80e64272f982,,
ExtLibs/Core/Xml/AXmlHandler.cs,49,Core.Xml,ExtLibs/Core/Core.csproj,T3,hand-port,,,S,,,,,dropped,,,,bd2f43b5a76b9bebc867595d9dd811ba634450959eee5038834a5466d4cc0115,,no callers in the C# tree as of efb0801 (D16): no other file names its types (comments aside); declares AXmlHandler
ExtLibs/Core/Xml/XmlDictionary.cs,98,Core.Xml,ExtLibs/Core/Core.csproj,T3,hand-port,,,S,,,,,dropped,,,,6903607fa591661f9ddcc199547ad6562e69ff52a282051504e3538f886eee74,,no callers in the C# tree as of efb0801 (D16): no other file names its types (comments aside); declares XmlDictionary
ExtLibs/Core/Xml/XmlIdDictionary.cs,115,Core.Xml,ExtLibs/Core/Core.csproj,T3,hand-port,,,S,,,,,dropped,,,,e1753352e01fb7d444694121207e6791f7fc2092a59d17059b90ad6a2ba82f56,,no callers in the C# tree as of efb0801 (D16): no other file names its types (comments aside); declares XmlIdDictionary
ExtLibs/Core/Xml/XmlItem.cs,58,Core.Xml,ExtLibs/Core/Core.csproj,T3,hand-port,,,S,,,,,dropped,,,,a1ca12006dfaaf1f4062f4bfac0c2380297b4a5d1b286d5c468eca3d9b0eb314,,no callers in the C# tree as of efb0801 (D16): no other file names its types (comments aside); declares XmlItem
ExtLibs/Core/Xml/XmlList.cs,56,Core.Xml,ExtLibs/Core/Core.csproj,T3,hand-port,,,S,,,,,dropped,,,,13d75e64941f1648dd611c7a8a9e58a0cbab40a000c42b077a2cb8a5d0403187,,no callers in the C# tree as of efb0801 (D16): named only by files that are themselves dead (XmlTypeAssociator.cs); declares XmlList
ExtLibs/Core/Xml/XmlSerializer.cs,202,Core.Xml,ExtLibs/Core/Core.csproj,T3,hand-port,,,M,,,,,ready,,,,5ecfc4e222833bc493e27c4bdc465c0ab6e2ecce069d48f935b67faf3358ec19,,
ExtLibs/Core/Xml/XmlTypeAssociator.cs,81,Core.Xml,ExtLibs/Core/Core.csproj,T3,hand-port,,,S,,,,,dropped,,,,5fb4b25cfc1bb83b8f95c3d09d0798fcf99f0e10122894254faab263d4c54c1d,,"no callers in the C# tree as of efb0801 (D16): named only by files that are themselves dead (XmlDictionary.cs, XmlIdDictionary.cs, XmlItem.cs, XmlList.cs); declares XmlTypeAssociator"
ExtLibs/CsAssortedWidgets/Events/Event.cs,59,AssortedWidgets.Events,ExtLibs/CsAssortedWidgets/CsAssortedWidgets.csproj,T0,delete,,,S,,,,,dropped,,,,6a87df3678bc35053a4fc4b06023c8878e5a7e07f485206efc13290be9fe6f37,,"no callers in the C# tree as of efb0801 (D16): its project ExtLibs/CsAssortedWidgets/CsAssortedWidgets.csproj is in no build (neither MissionPlanner.sln nor MissionPlannerLib.sln reaches it); declares EKeyEventTypes, EMouseEventTypes, Event"
ExtLibs/CsAssortedWidgets/Events/MouseEvent.cs,62,AssortedWidgets.Events,ExtLibs/CsAssortedWidgets/CsAssortedWidgets.csproj,T0,delete,,,S,,,,,dropped,,,,1769ccfe43c111c01481b6591d4f4474e1d22ee7984a4a2503fffe812415bc00,,no callers in the C# tree as of efb0801 (D16): its project ExtLibs/CsAssortedWidgets/CsAssortedWidgets.csproj is in no build (neither MissionPlanner.sln nor MissionPlannerLib.sln reaches it); declares MouseEvent
ExtLibs/CsAssortedWidgets/GLFont/Text.cs,265,AssortedWidgets.GLFont,ExtLibs/CsAssortedWidgets/CsAssortedWidgets.csproj,T0,delete,,,M,,,,,dropped,,,,44393f99ceae7dac20f56e2c1c2a2891e8cc62a196db80ceec119aea1ef4a171,,no callers in the C# tree as of efb0801 (D16): its project ExtLibs/CsAssortedWidgets/CsAssortedWidgets.csproj is in no build (neither MissionPlanner.sln nor MissionPlannerLib.sln reaches it); declares Text
ExtLibs/CsAssortedWidgets/Graphics/IndexStream.cs,128,AssortedWidgets.Graphics,ExtLibs/CsAssortedWidgets/CsAssortedWidgets.csproj,T0,delete,,,S,,,,,dropped,,,,b744d309fff99726c6301f75b2c8e42bdba1915c43d6175a933bc8ed138ad231,,no callers in the C# tree as of efb0801 (D16): its project ExtLibs/CsAssortedWidgets/CsAssortedWidgets.csproj is in no build (neither MissionPlanner.sln nor MissionPlannerLib.sln reaches it); declares IndexStream
ExtLibs/CsAssortedWidgets/Graphics/Mesh.cs,155,AssortedWidgets.Graphics,ExtLibs/CsAssortedWidgets/CsAssortedWidgets.csproj,T0,delete,,,S,,,,,dropped,,,,a8322b8ba41fce653d5d5b6f673709f4cae7c45245e6223d25a28c7dae1ef9f7,,"no callers in the C# tree as of efb0801 (D16): its project ExtLibs/CsAssortedWidgets/CsAssortedWidgets.csproj is in no build (neither MissionPlanner.sln nor MissionPlannerLib.sln reaches it); declares Mesh, PrimitiveGroup"
ExtLibs/CsAssortedWidgets/Graphics/SubImage.cs,39,AssortedWidgets.Graphics,ExtLibs/CsAssortedWidgets/CsAssortedWidgets.csproj,T0,delete,,,S,,,,,dropped,,,,c353e84bdd8b14c7308178b2418131b9c382dc3d7d1a15677512ead4e5e5ca25,,no callers in the C# tree as of efb0801 (D16): its project ExtLibs/CsAssortedWidgets/CsAssortedWidgets.csproj is in no build (neither MissionPlanner.sln nor MissionPlannerLib.sln reaches it); declares SubImage
ExtLibs/CsAssortedWidgets/Graphics/TColor.cs,960,AssortedWidgets.Graphics,ExtLibs/CsAssortedWidgets/CsAssortedWidgets.csproj,T0,delete,,,L,,,,,dropped,,,,da08b967266916f09ad9a0145d32b483f21fda9436f8cdd529180ca38265a33d,,no callers in the C# tree as of efb0801 (D16): its project ExtLibs/CsAssortedWidgets/CsAssortedWidgets.csproj is in no build (neither MissionPlanner.sln nor MissionPlannerLib.sln reaches it); declares TColor
ExtLibs/CsAssortedWidgets/Graphics/VectorStream.cs,302,AssortedWidgets.Graphics,ExtLibs/CsAssortedWidgets/CsAssortedWidgets.csproj,T0,delete,,,M,,,,,dropped,,,,9d9c24c88c0b59101ab79d98f941570a0773a7692b6ecf2b9f97aba1e56465a0,,no callers in the C# tree as of efb0801 (D16): its project ExtLibs/CsAssortedWidgets/CsAssortedWidgets.csproj is in no build (neither MissionPlanner.sln nor MissionPlannerLib.sln reaches it); declares VectorStream
ExtLibs/CsAssortedWidgets/Graphics/textures.cs,435,AssortedWidgets.Graphics,ExtLibs/CsAssortedWidgets/CsAssortedWidgets.csproj,T0,delete,,,M,,,,,dropped,,,,60be1468540117dbcad3435dbf71209efce0f847d1d8ebf7f9604530be9ec8e3,,"no callers in the C# tree as of efb0801 (D16): its project ExtLibs/CsAssortedWidgets/CsAssortedWidgets.csproj is in no build (neither MissionPlanner.sln nor MissionPlannerLib.sln reaches it); declares Glyph, TextFontTexture, Texture, Texture2D, TextureManager"
ExtLibs/CsAssortedWidgets/Layouts/BorderLayout.cs,657,AssortedWidgets.Layouts,ExtLibs/CsAssortedWidgets/CsAssortedWidgets.csproj,T0,delete,,,L,,,,,dropped,,,,a8a3c03a8c0e65b494ab20f3924a136a1054eb80faa2f872de94dc4def6e1a8c,,"no callers in the C# tree as of efb0801 (D16): its project ExtLibs/CsAssortedWidgets/CsAssortedWidgets.csproj is in no build (neither MissionPlanner.sln nor MissionPlannerLib.sln reaches it); declares BorderLayout, EArea, EFormat, EHorizontalAlignment, EVerticalAlignment"
ExtLibs/CsAssortedWidgets/Layouts/FlowLayout.cs,91,AssortedWidgets.Layouts,ExtLibs/CsAssortedWidgets/CsAssortedWidgets.csproj,T0,delete,,,S,,,,,dropped,,,,093961fe4490e66acab99918fa0227049bfc29fcfe81d75cc5bdc766b4952e73,,no callers in the C# tree as of efb0801 (D16): its project ExtLibs/CsAssortedWidgets/CsAssortedWidgets.csproj is in no build (neither MissionPlanner.sln nor MissionPlannerLib.sln reaches it); declares FlowLayout
ExtLibs/CsAssortedWidgets/Layouts/GirdLayout.cs,314,AssortedWidgets.Layouts,ExtLibs/CsAssortedWidgets/CsAssortedWidgets.csproj,T0,delete,,,M,,,,,dropped,,,,9a442b9cfe31ea23b0768b45c5f29f7460c5ac3f46aef270566b8b976402b2d6,,"no callers in the C# tree as of efb0801 (D16): its project ExtLibs/CsAssortedWidgets/CsAssortedWidgets.csproj is in no build (neither MissionPlanner.sln nor MissionPlannerLib.sln reaches it); declares EHAlignment, EVAlignment, GirdLayout"
ExtLibs/CsAssortedWidgets/Layouts/Layout.cs,83,AssortedWidgets.Layouts,ExtLibs/CsAssortedWidgets/CsAssortedWidgets.csproj,T0,delete,,,S,,,,,dropped,,,,d613baf8af9b0e9a95ee21155c7b236e371cbe34d0ed0a56a7aae6b447bd2249,,no callers in the C# tree as of efb0801 (D16): its project ExtLibs/CsAssortedWidgets/CsAssortedWidgets.csproj is in no build (neither MissionPlanner.sln nor MissionPlannerLib.sln reaches it); declares Layout
ExtLibs/CsAssortedWidgets/Managers/DialogManager.cs,294,AssortedWidgets.Managers,ExtLibs/CsAssortedWidgets/CsAssortedWidgets.csproj,T0,delete,,,M,,,,,dropped,,,,3359296b68d826ea5e5b6adef26ad19b1ecbe221099ac1fc649b53ca69ffbec0,,no callers in the C# tree as of efb0801 (D16): its project ExtLibs/CsAssortedWidgets/CsAssortedWidgets.csproj is in no build (neither MissionPlanner.sln nor MissionPlannerLib.sln reaches it); declares DialogManager
ExtLibs/CsAssortedWidgets/Managers/DragManager.cs,121,AssortedWidgets.Managers,ExtLibs/CsAssortedWidgets/CsAssortedWidgets.csproj,T0,delete,,,S,,,,,dropped,,,,86eb0132cc41cfc6c0084968d46c18d27d047fed773fe57d425bbd8dff497a43,,no callers in the C# tree as of efb0801 (D16): its project ExtLibs/CsAssortedWidgets/CsAssortedWidgets.csproj is in no build (neither MissionPlanner.sln nor MissionPlannerLib.sln reaches it); declares DragManager
ExtLibs/CsAssortedWidgets/Managers/DropListManager.cs,204,AssortedWidgets.Managers,ExtLibs/CsAssortedWidgets/CsAssortedWidgets.csproj,T0,delete,,,M,,,,,dropped,,,,ca4b7a3b5aa89cd3a5f1e7d4acf2ce7604cfa5f0c08f551507526ef4a5dae14c,,no callers in the C# tree as of efb0801 (D16): its project ExtLibs/CsAssortedWidgets/CsAssortedWidgets.csproj is in no build (neither MissionPlanner.sln nor MissionPlannerLib.sln reaches it); declares DropListManager
ExtLibs/CsAssortedWidgets/Math3D/Matrix4f.cs,255,AssortedWidgets.Math3D,ExtLibs/CsAssortedWidgets/CsAssortedWidgets.csproj,T0,delete,,,M,,,,,dropped,,,,64da7ea36b8f4169cdb0332001253a637baf424ea34b40ea7482b61728371a11,,no callers in the C# tree as of efb0801 (D16): its project ExtLibs/CsAssortedWidgets/CsAssortedWidgets.csproj is in no build (neither MissionPlanner.sln nor MissionPlannerLib.sln reaches it); declares Matrix4f
ExtLibs/CsAssortedWidgets/Math3D/Vector2f.cs,50,AssortedWidgets.Math3D,ExtLibs/CsAssortedWidgets/CsAssortedWidgets.csproj,T0,delete,,,S,,,,,dropped,,,,27d1cb5d6d3ca8095b81bbef450e6c25ecea4598b818521e75c78cf67d9a7500,,no callers in the C# tree as of efb0801 (D16): its project ExtLibs/CsAssortedWidgets/CsAssortedWidgets.csproj is in no build (neither MissionPlanner.sln nor MissionPlannerLib.sln reaches it); declares Vector2f
ExtLibs/CsAssortedWidgets/Math3D/Vector3f.cs,63,AssortedWidgets.Math3D,ExtLibs/CsAssortedWidgets/CsAssortedWidgets.csproj,T0,delete,,,S,,,,,dropped,,,,e952ca23aa89bc5d9634fef653cc990882b241f124c09d5b0dfaefc46090597a,,no callers in the C# tree as of efb0801 (D16): its project ExtLibs/CsAssortedWidgets/CsAssortedWidgets.csproj is in no build (neither MissionPlanner.sln nor MissionPlannerLib.sln reaches it); declares Vector3f
ExtLibs/CsAssortedWidgets/Math3D/Vector4f.cs,64,AssortedWidgets.Math3D,ExtLibs/CsAssortedWidgets/CsAssortedWidgets.csproj,T0,delete,,,S,,,,,dropped,,,,7ec67812cefeae187091e61ce2382b346f588b32b70e33500fb5ad10d80a0232,,no callers in the C# tree as of efb0801 (D16): its project ExtLibs/CsAssortedWidgets/CsAssortedWidgets.csproj is in no build (neither MissionPlanner.sln nor MissionPlannerLib.sln reaches it); declares Vector4f
ExtLibs/CsAssortedWidgets/Test/CheckNRadioTestDialog.cs,103,AssortedWidgets.Test,ExtLibs/CsAssortedWidgets/CsAssortedWidgets.csproj,T0,delete,,,S,,,,,dropped,,,,1292ba0bd30bd4f99188fdad4ae521e4370f1b1b91f50f3bb7d9e623650bb795,,no callers in the C# tree as of efb0801 (D16): its project ExtLibs/CsAssortedWidgets/CsAssortedWidgets.csproj is in no build (neither MissionPlanner.sln nor MissionPlannerLib.sln reaches it); declares CheckNRadioTestDialog
ExtLibs/CsAssortedWidgets/Test/DialogTestDialog.cs,97,AssortedWidgets.Test,ExtLibs/CsAssortedWidgets/CsAssortedWidgets.csproj,T0,delete,,,S,,,,,dropped,,,,16e32e94cfd79599f55644f7ef38de6fcbbdd24e9992b87ea96733031b6df11e,,no callers in the C# tree as of efb0801 (D16): its project ExtLibs/CsAssortedWidgets/CsAssortedWidgets.csproj is in no build (neither MissionPlanner.sln nor MissionPlannerLib.sln reaches it); declares DialogTestDialog
ExtLibs/CsAssortedWidgets/Test/MultipleLayoutTestDialog.cs,159,AssortedWidgets.Test,ExtLibs/CsAssortedWidgets/CsAssortedWidgets.csproj,T0,delete,,,S,,,,,dropped,,,,50ab70b67df92aa72dfe361c588fb3ccd9a47edf097e89d5d781e240d5a1bb4d,,no callers in the C# tree as of efb0801 (D16): its project ExtLibs/CsAssortedWidgets/CsAssortedWidgets.csproj is in no build (neither MissionPlanner.sln nor MissionPlannerLib.sln reaches it); declares MultipleLayoutTestDialog
ExtLibs/CsAssortedWidgets/Test/ProgressNSliderTestDialog.cs,137,AssortedWidgets.Test,ExtLibs/CsAssortedWidgets/CsAssortedWidgets.csproj,T0,delete,,,S,,,,,dropped,,,,7628c3900047bd98be9928cab95a833d60b1a8aab2fcad3722887da963cda16a,,no callers in the C# tree as of efb0801 (D16): its project ExtLibs/CsAssortedWidgets/CsAssortedWidgets.csproj is in no build (neither MissionPlanner.sln nor MissionPlannerLib.sln reaches it); declares ProgressNSliderTestDialog
ExtLibs/CsAssortedWidgets/Test/ScrollPanelTestDialog.cs,65,AssortedWidgets.Test,ExtLibs/CsAssortedWidgets/CsAssortedWidgets.csproj,T0,delete,,,S,,,,,dropped,,,,c2a2c4d1f037bf63fde18d24820f84210807c5f3a21459cdb970d60a67803ed4,,no callers in the C# tree as of efb0801 (D16): its project ExtLibs/CsAssortedWidgets/CsAssortedWidgets.csproj is in no build (neither MissionPlanner.sln nor MissionPlannerLib.sln reaches it); declares ScrollPanelTestDialog
ExtLibs/CsAssortedWidgets/Test/TextNDropTestDialog.cs,87,AssortedWidgets.Test,ExtLibs/CsAssortedWidgets/CsAssortedWidgets.csproj,T0,delete,,,S,,,,,dropped,,,,b07eb69819316879e8e70a39a7a095a65e8596b813a8381f361e3919f3d12024,,no callers in the C# tree as of efb0801 (D16): its project ExtLibs/CsAssortedWidgets/CsAssortedWidgets.csproj is in no build (neither MissionPlanner.sln nor MissionPlannerLib.sln reaches it); declares TextNDropTestDialog
ExtLibs/CsAssortedWidgets/Themes/DefaultTheme.cs,1076,AssortedWidgets.Themes,ExtLibs/CsAssortedWidgets/CsAssortedWidgets.csproj,T0,delete,,,L,,,,,dropped,,,,bd5ddee9471d400492e94a74789115a07e960bf024f61563064523300d0a956e,,no callers in the C# tree as of efb0801 (D16): its project ExtLibs/CsAssortedWidgets/CsAssortedWidgets.csproj is in no build (neither MissionPlanner.sln nor MissionPlannerLib.sln reaches it); declares DefaultTheme
ExtLibs/CsAssortedWidgets/Themes/Theme.cs,113,AssortedWidgets.Themes,ExtLibs/CsAssortedWidgets/CsAssortedWidgets.csproj,T0,delete,,,S,,,,,dropped,,,,a2ec596ccd08733a41458b9a16b84174326668ab15be28023f7a3160184029d5,,no callers in the C# tree as of efb0801 (D16): its project ExtLibs/CsAssortedWidgets/CsAssortedWidgets.csproj is in no build (neither MissionPlanner.sln nor MissionPlannerLib.sln reaches it); declares Theme
ExtLibs/CsAssortedWidgets/UI.cs,539,AssortedWidgets,ExtLibs/CsAssortedWidgets/CsAssortedWidgets.csproj,T0,delete,,,M,,,,,dropped,,,,2fa88a068f6bf3440d1a60241c05a8eeff1f91d73c82e72ce75c484ca64c13d1,,no callers in the C# tree as of efb0801 (D16): its project ExtLibs/CsAssortedWidgets/CsAssortedWidgets.csproj is in no build (neither MissionPlanner.sln nor MissionPlannerLib.sln reaches it); declares UI
ExtLibs/CsAssortedWidgets/Util/BoundingBox.cs,96,AssortedWidgets.Util,ExtLibs/CsAssortedWidgets/CsAssortedWidgets.csproj,T0,delete,,,S,,,,,dropped,,,,a511a05237bafca57e8f996d65c66038faa37b4f25d99aa77ecce17416565915,,no callers in the C# tree as of efb0801 (D16): its project ExtLibs/CsAssortedWidgets/CsAssortedWidgets.csproj is in no build (neither MissionPlanner.sln nor MissionPlannerLib.sln reaches it); declares BoundingBox
ExtLibs/CsAssortedWidgets/Util/Position.cs,103,AssortedWidgets.Util,ExtLibs/CsAssortedWidgets/CsAssortedWidgets.csproj,T0,delete,,,S,,,,,dropped,,,,03fadea9b864b2e229a91b8f1dc3db56b1c3955a6894287559b65c8821d8aa0f,,no callers in the C# tree as of efb0801 (D16): its project ExtLibs/CsAssortedWidgets/CsAssortedWidgets.csproj is in no build (neither MissionPlanner.sln nor MissionPlannerLib.sln reaches it); declares Position
ExtLibs/CsAssortedWidgets/Util/Size.cs,125,AssortedWidgets.Util,ExtLibs/CsAssortedWidgets/CsAssortedWidgets.csproj,T0,delete,,,S,,,,,dropped,,,,06f2c0d7f4a8f3238a270e8473d41befcba5d869fea5bb834dd47d1769d316b5,,no callers in the C# tree as of efb0801 (D16): its project ExtLibs/CsAssortedWidgets/CsAssortedWidgets.csproj is in no build (neither MissionPlanner.sln nor MissionPlannerLib.sln reaches it); declares Size
ExtLibs/CsAssortedWidgets/Widgets/Component.cs,121,AssortedWidgets.Widgets,ExtLibs/CsAssortedWidgets/CsAssortedWidgets.csproj,T0,delete,,,S,,,,,dropped,,,,7ce177fcb2bb6d8e83a0a5841de751e26a2fa99033b78dd3f451c129953bc882,,"no callers in the C# tree as of efb0801 (D16): its project ExtLibs/CsAssortedWidgets/CsAssortedWidgets.csproj is in no build (neither MissionPlanner.sln nor MissionPlannerLib.sln reaches it); declares Component, MouseEnteredHandler, MouseExitedHandler, MouseMoveHandler, MousePressedHandler, MouseReleasedHandler"
ExtLibs/CsAssortedWidgets/Widgets/Container.cs,74,AssortedWidgets.Widgets,ExtLibs/CsAssortedWidgets/CsAssortedWidgets.csproj,T0,delete,,,S,,,,,dropped,,,,acf905a735f42ba7a104bbed4ac31b728657f997a191d39872f2c717649a6c55,,"no callers in the C# tree as of efb0801 (D16): its project ExtLibs/CsAssortedWidgets/CsAssortedWidgets.csproj is in no build (neither MissionPlanner.sln nor MissionPlannerLib.sln reaches it); declares Container, EElementStyle"
ExtLibs/CsAssortedWidgets/Widgets/Cursor.cs,6,System.Windows.Forms,ExtLibs/CsAssortedWidgets/CsAssortedWidgets.csproj,T0,delete,,,S,,,,,dropped,,,,f3be93909c36b0be11076ecfd211a1cba49f13ed1f4fe00898e88c0c4dd26616,,no callers in the C# tree as of efb0801 (D16): its project ExtLibs/CsAssortedWidgets/CsAssortedWidgets.csproj is in no build (neither MissionPlanner.sln nor MissionPlannerLib.sln reaches it); declares Cursor
ExtLibs/CsAssortedWidgets/Widgets/Cursors.cs,12,System.Windows.Forms,ExtLibs/CsAssortedWidgets/CsAssortedWidgets.csproj,T0,delete,,,S,,,,,dropped,,,,da6223e2bf8394345b4b5bfc580a8c27ccc9bb6371f84e6197b7ae8e072ead21,,no callers in the C# tree as of efb0801 (D16): its project ExtLibs/CsAssortedWidgets/CsAssortedWidgets.csproj is in no build (neither MissionPlanner.sln nor MissionPlannerLib.sln reaches it); declares Cursors
ExtLibs/CsAssortedWidgets/Widgets/DragAble.cs,78,AssortedWidgets.Widgets,ExtLibs/CsAssortedWidgets/CsAssortedWidgets.csproj,T0,delete,,,S,,,,,dropped,,,,3d5e20917ef8b25bc7010d57d00e9a80911cdcbfad3ba28307d9f43b303f574b,,"no callers in the C# tree as of efb0801 (D16): its project ExtLibs/CsAssortedWidgets/CsAssortedWidgets.csproj is in no build (neither MissionPlanner.sln nor MissionPlannerLib.sln reaches it); declares DragAble, DragMovedHandler, DragReleasedHandler"
ExtLibs/CsAssortedWidgets/Widgets/IElement.cs,46,AssortedWidgets.Widgets,ExtLibs/CsAssortedWidgets/CsAssortedWidgets.csproj,T0,delete,,,S,,,,,dropped,,,,3207dea27605bfbaedcad2989f48f28e80d1603ac047f2c29c7354654535a588,,no callers in the C# tree as of efb0801 (D16): its project ExtLibs/CsAssortedWidgets/CsAssortedWidgets.csproj is in no build (neither MissionPlanner.sln nor MissionPlannerLib.sln reaches it); declares IElement
ExtLibs/CsAssortedWidgets/Widgets/Label.cs,115,AssortedWidgets.Widgets,ExtLibs/CsAssortedWidgets/CsAssortedWidgets.csproj,T0,delete,,,S,,,,,dropped,,,,38d1ea0f37e968045499ad32c5f1fbbc51190c821bccec6f9ca6706377da2373,,no callers in the C# tree as of efb0801 (D16): its project ExtLibs/CsAssortedWidgets/CsAssortedWidgets.csproj is in no build (neither MissionPlanner.sln nor MissionPlannerLib.sln reaches it); declares Label
ExtLibs/CsAssortedWidgets/Widgets/Menus.cs,1033,AssortedWidgets.Widgets,ExtLibs/CsAssortedWidgets/CsAssortedWidgets.csproj,T0,delete,,,L,,,,,dropped,,,,c29d0cb7fc1389e65657dcc44f0e6e9e6d198a7c68188695975a9c27d137bbd5,,"no callers in the C# tree as of efb0801 (D16): its project ExtLibs/CsAssortedWidgets/CsAssortedWidgets.csproj is in no build (neither MissionPlanner.sln nor MissionPlannerLib.sln reaches it); declares EStatus, EStyle, Menu, MenuBar, MenuItem, MenuItemButton, MenuItemSeparator, MenuItemSubMenu, MenuList"
ExtLibs/CsAssortedWidgets/Widgets/Panel.cs,215,AssortedWidgets.Widgets,ExtLibs/CsAssortedWidgets/CsAssortedWidgets.csproj,T0,delete,,,M,,,,,dropped,,,,945964baf14b41aa2fcedaf615c144531526bbf0a56432728cdfcd6e91b30fd9,,no callers in the C# tree as of efb0801 (D16): its project ExtLibs/CsAssortedWidgets/CsAssortedWidgets.csproj is in no build (neither MissionPlanner.sln nor MissionPlannerLib.sln reaches it); declares Panel
ExtLibs/CsAssortedWidgets/Widgets/ProgressBar.cs,142,AssortedWidgets.Widgets,ExtLibs/CsAssortedWidgets/CsAssortedWidgets.csproj,T0,delete,,,S,,,,,dropped,,,,59df075dc156a01ebb3b789b1fcd1915529bf6f54ced355a7b5365ce4d9b0828,,"no callers in the C# tree as of efb0801 (D16): its project ExtLibs/CsAssortedWidgets/CsAssortedWidgets.csproj is in no build (neither MissionPlanner.sln nor MissionPlannerLib.sln reaches it); declares ETypeOrientation, ProgressBar"
ExtLibs/CsAssortedWidgets/Widgets/Scrolls.cs,90,AssortedWidgets.Widgets,ExtLibs/CsAssortedWidgets/CsAssortedWidgets.csproj,T0,delete,,,S,,,,,dropped,,,,c4cc24e358b041c0f08b125f246d6e2820d1d3885e8ccd817dfd6a002693daae,,"no callers in the C# tree as of efb0801 (D16): its project ExtLibs/CsAssortedWidgets/CsAssortedWidgets.csproj is in no build (neither MissionPlanner.sln nor MissionPlannerLib.sln reaches it); declares EScrollStyle, ScrollPanel"
ExtLibs/CsAssortedWidgets/Widgets/Spacer.cs,77,AssortedWidgets.Widgets,ExtLibs/CsAssortedWidgets/CsAssortedWidgets.csproj,T0,delete,,,S,,,,,dropped,,,,e8084f4ec2015a08c103d0c40ef25f32b5dc77c688f2ce9713a9a84af09de82a,,"no callers in the C# tree as of efb0801 (D16): its project ExtLibs/CsAssortedWidgets/CsAssortedWidgets.csproj is in no build (neither MissionPlanner.sln nor MissionPlannerLib.sln reaches it); declares ESpacerType, Spacer"
ExtLibs/CsAssortedWidgets/Widgets/buttons.cs,262,AssortedWidgets.Widgets,ExtLibs/CsAssortedWidgets/CsAssortedWidgets.csproj,T0,delete,,,M,,,,,dropped,,,,bd412c0e2ba6b525a622508465fb16fc8a8fc7e4b63f578048e0ff29a190e346,,"no callers in the C# tree as of efb0801 (D16): its project ExtLibs/CsAssortedWidgets/CsAssortedWidgets.csproj is in no build (neither MissionPlanner.sln nor MissionPlannerLib.sln reaches it); declares AbstractButton, Button, CheckButton, EButtonStatus, RadioButton, RadioGroup, public"
ExtLibs/CsAssortedWidgets/Widgets/dialogs.cs,630,AssortedWidgets.Widgets,ExtLibs/CsAssortedWidgets/CsAssortedWidgets.csproj,T0,delete,,,L,,,,,dropped,,,,5d25ac31da5da0076181c0e6b26f5d8faec40a5918e90937480c4df8b9657fa1,,"no callers in the C# tree as of efb0801 (D16): its project ExtLibs/CsAssortedWidgets/CsAssortedWidgets.csproj is in no build (neither MissionPlanner.sln nor MissionPlannerLib.sln reaches it); declares Dialog, DialogBorder, DialogTittleBar, EShowType"
ExtLibs/CsAssortedWidgets/Widgets/drop_list.cs,279,AssortedWidgets.Widgets,ExtLibs/CsAssortedWidgets/CsAssortedWidgets.csproj,T0,delete,,,M,,,,,dropped,,,,84e7bedfeeb457f7e668046dde2ae6138a13fee1de35e04406db0dcf36befc25,,"no callers in the C# tree as of efb0801 (D16): its project ExtLibs/CsAssortedWidgets/CsAssortedWidgets.csproj is in no build (neither MissionPlanner.sln nor MissionPlannerLib.sln reaches it); declares DropList, DropListButton, DropListItem"
ExtLibs/CsAssortedWidgets/Widgets/sliders.cs,261,AssortedWidgets.Widgets,ExtLibs/CsAssortedWidgets/CsAssortedWidgets.csproj,T0,delete,,,M,,,,,dropped,,,,4eaa97501ef010c09499462fd703eb3a00f24d14919f6c060f3ff895c8a4d2e1,,"no callers in the C# tree as of efb0801 (D16): its project ExtLibs/CsAssortedWidgets/CsAssortedWidgets.csproj is in no build (neither MissionPlanner.sln nor MissionPlannerLib.sln reaches it); declares SlideBar, SlideBarSlider"
ExtLibs/DirectShowLib/AXExtend.cs,4313,DirectShowLib,ExtLibs/DirectShowLib/DirectShowLib.csproj,T0,delete,,,XL,,,,,ready,,,,b563862b9870d01a783d1358fe43bd2f8037d0dfedc2a17c6db5c88c0cc66247,,
ExtLibs/DirectShowLib/AxCore.cs,998,DirectShowLib,ExtLibs/DirectShowLib/DirectShowLib.csproj,T0,delete,,,L,,,,,ready,,,,b4869ceca964d667c5ce5abbaa2d675bd9c22f4f17fea282fac186de9798eccf,,
ExtLibs/DirectShowLib/BDAIface.cs,1814,DirectShowLib.BDA,ExtLibs/DirectShowLib/DirectShowLib.csproj,T0,delete,,,XL,,,,,ready,,,,9454b7f871b499f0fad185cc0e79bf47ea734b730f1d5a3be2533b5f888bdde3,,
ExtLibs/DirectShowLib/BDATypes.cs,425,DirectShowLib.BDA,ExtLibs/DirectShowLib/DirectShowLib.csproj,T0,delete,,,M,,,,,ready,,,,52ac4e08a0e35486ba3ee16b09af5fe0a6a5895fc087b3f7c9ba2f0d13ef6b70,,
ExtLibs/DirectShowLib/Bdatif.cs,368,DirectShowLib.BDA,ExtLibs/DirectShowLib/DirectShowLib.csproj,T0,delete,,,M,,,,,ready,,,,0138146528b3bda7031323c6e5dcafd402b90bba8d499460ce6848f039d99789,,
ExtLibs/DirectShowLib/Control.cs,987,DirectShowLib,ExtLibs/DirectShowLib/DirectShowLib.csproj,T0,delete,,,L,,,,,ready,,,,2761e7b448ba7d57497c729a33a7aef769e61b869f7927bdecfca0d4711a585c,,
ExtLibs/DirectShowLib/DES.cs,2328,DirectShowLib.DES,ExtLibs/DirectShowLib/DirectShowLib.csproj,T0,delete,,,XL,,,,,ready,,,,5d254e454a6ddcaae0cc264805ea7875e311a3e768fa8bc4fb1d3555b0ecaac4,,
ExtLibs/DirectShowLib/DMODShow.cs,46,DirectShowLib,ExtLibs/DirectShowLib/DirectShowLib.csproj,T0,delete,,,S,,,,,ready,,,,fa520d9a92467c241c4a72c4c1e8ca74b459028250c810eaffd4fc7cdd4197e3,,
ExtLibs/DirectShowLib/DVDIf.cs,1550,DirectShowLib.Dvd,ExtLibs/DirectShowLib/DirectShowLib.csproj,T0,delete,,,XL,,,,,ready,,,,3b140a1e7d28ff5d27d163b391f2d9711d7b5fa085709db7d4595c4ddb1c3261,,
ExtLibs/DirectShowLib/DevEnum.cs,75,DirectShowLib,ExtLibs/DirectShowLib/DirectShowLib.csproj,T0,delete,,,S,,,,,ready,,,,4ff986f415246c5295a4cc4feb86240044b94854a97ab1986668ac1b8a601881,,
ExtLibs/DirectShowLib/DsUtils.cs,2223,DirectShowLib,ExtLibs/DirectShowLib/DirectShowLib.csproj,T0,delete,,,XL,,,,,ready,,,,69d874012a3367e83eab634cdd5c42f8e3a26cbab586951feb6c5cc7888657df,,
ExtLibs/DirectShowLib/DynGraph.cs,225,DirectShowLib,ExtLibs/DirectShowLib/DirectShowLib.csproj,T0,delete,,,M,,,,,ready,,,,3b4dcb4ec83b24dfeee32a078dfba16c010a327409b89c100448e3024a87276f,,
ExtLibs/DirectShowLib/EvCode.cs,153,DirectShowLib,ExtLibs/DirectShowLib/DirectShowLib.csproj,T0,delete,,,S,,,,,ready,,,,3d1e44f187f980b16b981708b392812200566108b1564cc5b7604d2b802841a7,,
ExtLibs/DirectShowLib/IL21Dec.cs,123,DirectShowLib,ExtLibs/DirectShowLib/DirectShowLib.csproj,T0,delete,,,S,,,,,ready,,,,e224f9f5fbc794cb4090b66e6f1b3b5f5b86e63667fac2fbfd4359256fd8c6c9,,
ExtLibs/DirectShowLib/MediaObj.cs,649,DirectShowLib.DMO,ExtLibs/DirectShowLib/DirectShowLib.csproj,T0,delete,,,L,,,,,ready,,,,807cd8c340f380c223669eca02c37d0504864711c6d896fac43c72dd89c963de,,
ExtLibs/DirectShowLib/MediaParam.cs,213,DirectShowLib.DMO,ExtLibs/DirectShowLib/DirectShowLib.csproj,T0,delete,,,M,,,,,ready,,,,4b4f3c13784c1666cbc7ed4819706100692fce7b9afb1c0bfc17d9bc88f83eec,,
ExtLibs/DirectShowLib/Misc.cs,152,DirectShowLib,ExtLibs/DirectShowLib/DirectShowLib.csproj,T0,delete,,,S,,,,,ready,,,,3ad8088bd80a375e7b2bce80cc09798b4cd6fb482f986efdc1d44aa6d76dbebd,,
ExtLibs/DirectShowLib/Mixerocx.cs,126,DirectShowLib,ExtLibs/DirectShowLib/DirectShowLib.csproj,T0,delete,,,S,,,,,ready,,,,4ebb9cfa7d125c1ab43e651c9809f312839876be9eb90d67aaa03151df66c9bd,,
ExtLibs/DirectShowLib/Mpeg2Data.cs,378,DirectShowLib,ExtLibs/DirectShowLib/DirectShowLib.csproj,T0,delete,,,M,,,,,ready,,,,73fed86422f82587d492919947dc6f99a590814daaf796bd50d97164b8bf021d,,
ExtLibs/DirectShowLib/Mpeg2Structs.cs,314,DirectShowLib.BDA,ExtLibs/DirectShowLib/DirectShowLib.csproj,T0,delete,,,M,,,,,ready,,,,a06a7ecda491b0f17905daddfa6698fbfb96d991d7d8f31f9abc7de70c0306db,,
ExtLibs/DirectShowLib/PlayList.cs,173,DirectShowLib,ExtLibs/DirectShowLib/DirectShowLib.csproj,T0,delete,,,S,,,,,ready,,,,c4a4d92a4f2639b2b6f04af7ce8eeb0ac4df7ba9c0ba6f22da3b8b898ad971f5,,
ExtLibs/DirectShowLib/Properties/AssemblyInfo.cs,49,,ExtLibs/DirectShowLib/DirectShowLib.csproj,T0,delete,,,S,,,,,dropped,,,,36db500d9d0e03f5a36871b1310c1cf604e9be7cf0afa33535f01c967cbd54fd,,"no callers in the C# tree as of efb0801 (D16): compiled by no project (ExtLibs/DirectShowLib/DirectShowLib.csproj has Compile Remove=""Properties\AssemblyInfo.cs""); declares nothing"
ExtLibs/DirectShowLib/QEdit.cs,176,DirectShowLib,ExtLibs/DirectShowLib/DirectShowLib.csproj,T0,delete,,,S,,,,,ready,,,,c349d84c7d756bf13d2c91837789e659b7ca5e627253c2b7405b0262e31041e2,,
ExtLibs/DirectShowLib/RegBag.cs,50,DirectShowLib,ExtLibs/DirectShowLib/DirectShowLib.csproj,T0,delete,,,S,,,,,ready,,,,7ab74d046ab5ce70a5397dbb4f4eb5cd12a62ac68bc7e7d86505ddbe40e4551d,,
ExtLibs/DirectShowLib/Sbe.cs,1069,DirectShowLib.SBE,ExtLibs/DirectShowLib/DirectShowLib.csproj,T0,delete,,,L,,,,,ready,,,,2ae7a90c273be01048b0e22e9b7788cd11c8694cb6b2555a7c610f9c04c00cf8,,
ExtLibs/DirectShowLib/Tuner.cs,4115,DirectShowLib.BDA,ExtLibs/DirectShowLib/DirectShowLib.csproj,T0,delete,,,XL,,,,,ready,,,,b67c2ae2ba58f7d79dd9903fa7a2f316296c65c6eef0cc725d2848f228361261,,
ExtLibs/DirectShowLib/TvRatings.cs,298,DirectShowLib.BDA,ExtLibs/DirectShowLib/DirectShowLib.csproj,T0,delete,,,M,,,,,ready,,,,61227f435f2abb2d21f3653af829420142f77c2096181efa8d77dd6948dc04dc,,
ExtLibs/DirectShowLib/Uuids.cs,2552,DirectShowLib,ExtLibs/DirectShowLib/DirectShowLib.csproj,T0,delete,,,XL,,,,,ready,,,,04fccb1515ab7231a2a176195f11ea005335ff404df31f2cf9df3d4f1197122c,,
ExtLibs/DirectShowLib/VidPort.cs,443,DirectShowLib,ExtLibs/DirectShowLib/DirectShowLib.csproj,T0,delete,,,M,,,,,ready,,,,610cb5f0e0cff0d097ab514db6b6500fd3bd85c25cf793b0fa4770715f4a1d76,,
ExtLibs/DirectShowLib/Vidcap.cs,775,DirectShowLib,ExtLibs/DirectShowLib/DirectShowLib.csproj,T0,delete,,,L,,,,,ready,,,,879e2f41c0cc326909a432c12bfca59dcbdaa296e1dbf2c6e1038dd7323086a0,,
ExtLibs/DirectShowLib/VmRender.cs,793,DirectShowLib,ExtLibs/DirectShowLib/DirectShowLib.csproj,T0,delete,,,L,,,,,ready,,,,365756a4e2516bf7bf57f2f0a91d76e2033dd19d4cf6247c9c107a5d10856ad5,,
ExtLibs/DirectShowLib/Vmr9.cs,803,DirectShowLib,ExtLibs/DirectShowLib/DirectShowLib.csproj,T0,delete,,,L,,,,,ready,,,,dc69c5bea55b4006a7187ef79e5e812a7e187c55e34d3dac33c8e75b67b65b58,,
ExtLibs/DirectShowLib/amstream.cs,578,DirectShowLib.MultimediaStreaming,ExtLibs/DirectShowLib/DirectShowLib.csproj,T0,delete,,,M,,,,,ready,,,,4a860f9f4f6a0cff53170d9d245c538a0ffe6463036475b684f87816be453447,,
ExtLibs/DirectShowLib/amvideo.cs,350,DirectShowLib,ExtLibs/DirectShowLib/DirectShowLib.csproj,T0,delete,,,M,,,,,ready,,,,e556e2d3caf8c08e58c17442bde2f3ef546050f47a5fbc90d7fc830b399d6283,,
ExtLibs/DirectShowLib/atscpsipparser.cs,729,DirectShowLib.BDA,ExtLibs/DirectShowLib/DirectShowLib.csproj,T0,delete,,,L,,,,,ready,,,,88de608b5d907880a0f72383d8dac10c6d6c16b1e0e0e70e294156d52f5287e8,,
ExtLibs/DirectShowLib/austream.cs,216,DirectShowLib.MultimediaStreaming,ExtLibs/DirectShowLib/DirectShowLib.csproj,T0,delete,,,M,,,,,ready,,,,1a695f282910ca4bc39be3760d2b4584d4af4190bdd8591df0b4801d181e3b30,,
ExtLibs/DirectShowLib/dsattrib.cs,258,DirectShowLib.BDA,ExtLibs/DirectShowLib/DirectShowLib.csproj,T0,delete,,,M,,,,,ready,,,,8cc1744970366e5330d4a1432b38cbf1ab6387a42573b91ac7065605c322d0c7,,
ExtLibs/DirectShowLib/dvbsiparser.cs,3890,DirectShowLib.BDA,ExtLibs/DirectShowLib/DirectShowLib.csproj,T0,delete,,,XL,,,,,ready,,,,afb80722062607d19b6fdd2ac619f7a3a0a28f9bfba736b5ed4f5ed035e244cf,,
ExtLibs/DirectShowLib/encdec.cs,724,DirectShowLib.BDA,ExtLibs/DirectShowLib/DirectShowLib.csproj,T0,delete,,,L,,,,,ready,,,,ae6c30d8bdd9dbe9035a59d3db36af235a83865fc6287f3e1d6b8d25f572303a,,
ExtLibs/DirectShowLib/mmstream.cs,401,DirectShowLib.MultimediaStreaming,ExtLibs/DirectShowLib/DirectShowLib.csproj,T0,delete,,,M,,,,,ready,,,,9997ee7fe6de53ba0ce85bede3c7b9beffaf33d0d0fbee68e36c22caa5277244,,
ExtLibs/DirectShowLib/mpconfig.cs,238,DirectShowLib,ExtLibs/DirectShowLib/DirectShowLib.csproj,T0,delete,,,M,,,,,ready,,,,a0de5162c9ba5f9c8c7ccf030f67c4c486fab9ca7fcb50ef301eed25ec0b2a2c,,
ExtLibs/DirectShowLib/mpeg2psiparser.cs,372,DirectShowLib.BDA,ExtLibs/DirectShowLib/DirectShowLib.csproj,T0,delete,,,M,,,,,ready,,,,3831d7ca7ac599cebeb703f3bc7b0f1bb9b7e8e6f160f06f5cca262c32b18c5c,,
ExtLibs/DirectShowLib/other.cs,774,DirectShowLib,ExtLibs/DirectShowLib/DirectShowLib.csproj,T0,delete,,,L,,,,,ready,,,,a2114c14333de13f1e8f71dc699d3d9fdf3959e4fb28336626df2483927fa042,,
ExtLibs/DirectShowLib/qnetwork.cs,343,DirectShowLib,ExtLibs/DirectShowLib/DirectShowLib.csproj,T0,delete,,,M,,,,,ready,,,,6376eadf30e64f0b339b2ea7c0b1e017d69c3435700ece58bac51f9b653f1a0c,,
ExtLibs/DriverCleanup/Program.cs,85,DriverCleanup,ExtLibs/DriverCleanup/DriverCleanup.csproj,T3,hand-port,,,S,,,,,dropped,,,,f9b91d44172c8d4c3321940b0483155510b517ffff40d4d67011e2ba1729da4b,,"a separate program, not the planner: ExtLibs/DriverCleanup/DriverCleanup.csproj, an Exe the planner ships prebuilt as Drivers/DriverCleanup.exe and never runs; the installer runs it (wix/Program.cs:204-205)"
ExtLibs/DriverCleanup/Properties/AssemblyInfo.cs,36,,ExtLibs/DriverCleanup/DriverCleanup.csproj,T3,hand-port,,,S,,,,,dropped,,,,a97d50ad5e1661029d87634da34628d61c0f9a78c6782cc536c67c98946f0f3f,,"a separate program, not the planner: ExtLibs/DriverCleanup/DriverCleanup.csproj, an Exe the planner ships prebuilt as Drivers/DriverCleanup.exe and never runs; the installer runs it (wix/Program.cs:204-205)"
ExtLibs/DroneCAN/CANFrame.cs,134,DroneCAN,ExtLibs/DroneCAN/DroneCAN.csproj,T3,hand-port,mp-gui,,S,behaviour-equivalent,,spec+review,,tested,,,crates/mp-dronecan/src/frame.rs,a6bd4e34d9bdfb8d465b1f9498ebbff297009e3a072bdd701df98a6f9987982e,,target crate mp-dronecan
ExtLibs/DroneCAN/CANPayload.cs,81,DroneCAN,ExtLibs/DroneCAN/DroneCAN.csproj,T3,hand-port,mp-gui,,S,behaviour-equivalent,,spec+review,,tested,,,crates/mp-dronecan/src/frame.rs,20c2f2c81c6cf447e192c15c218caf69e2933ec66319c377fc709beebe079679,,target crate mp-dronecan
ExtLibs/DroneCAN/Canard.cs,569,DroneCAN,ExtLibs/DroneCAN/DroneCAN.csproj,T3,hand-port,mp-gui,,M,behaviour-equivalent,,spec+review,,tested,,,crates/mp-dronecan/src/bits.rs;crates/mp-dronecan/src/transfer.rs,1de8c7e8e16dcd9fda66a0b88363c6e9b859638f87014a663bb4d6310afcdbbd,"the bit packing is exercised by the 27 types dsdl.rs decodes; the other 128 generated types are not decoded, so their scalar sizes go unexercised here",target crate mp-dronecan; the C#'s own bit round-trips
ExtLibs/DroneCAN/DroneCAN.cs,2277,DroneCAN,ExtLibs/DroneCAN/DroneCAN.csproj,T3,hand-port,mp-gui,,XL,behaviour-equivalent,,spec+review,,tested,,,crates/mp-dronecan/src/node.rs;crates/mp-dronecan/src/jobs.rs;crates/mp-dronecan/src/slcan.rs;crates/mp-dronecan/src/mavlink.rs;crates/mp-dronecan/src/mcast.rs,2cce581bc67b24ef9b06c2a57eae41dab2b0ff32abf480b956ce9fbb06faa450,"FileGetDirectoryEntrys, FileRead, FileWrite, ExecuteOpCode, ReadSLCAN, PrintDebugToConsole, testFile, test (nothing on the page calls them); sends and receives through a queue, not recursive handler calls; the ten-second info poll walks node ids in ascending order","target crate mp-dronecan: node 127, the transfer layer, SLCAN, the file server and the id allocator, the blocking calls as polled jobs"
ExtLibs/DroneCAN/Extension.cs,70,DroneCAN,ExtLibs/DroneCAN/DroneCAN.csproj,T3,hand-port,mp-gui,,S,behaviour-equivalent,,spec+review,,tested,,,crates/mp-dronecan/src/bits.rs,37e937d99b8e9164b26dcdac2fdcef128574b24a05184f79950abf565a55dcc4,,target crate mp-dronecan
ExtLibs/DroneCAN/IDroneCANSerialize.cs,9,DroneCAN,ExtLibs/DroneCAN/DroneCAN.csproj,T3,hand-port,mp-gui,,S,behaviour-equivalent,,spec+review,,tested,,,crates/mp-dronecan/src/dsdl.rs,3a6a35dad7931f1d77d9e48c6f912f81ec0293fe057dc4528348d402874bc57c,,target crate mp-dronecan
ExtLibs/DroneCAN/TransferCRC.cs,60,DroneCAN,ExtLibs/DroneCAN/DroneCAN.csproj,T3,hand-port,mp-gui,,S,behaviour-equivalent,,spec+review,,tested,,,crates/mp-dronecan/src/crc.rs,74b3dd20b720b29a2f5a26c9831960cd4b5d44253f9cafe53d9b38a5891b71bb,,target crate mp-dronecan; the check value tested
ExtLibs/DroneCAN/canard_dsdlc/messages.cs,159,DroneCAN,ExtLibs/DroneCAN/DroneCAN.csproj,T1,regenerate,,,S,,,,,ready,,,,fe8f30cebb52cc8f22a0868f152dbd02251ec44117dd2e3d693b07b3a731d1b9,,
ExtLibs/DroneCAN/out/include/ardupilot.equipment.power.BatteryCells.cs,47,DroneCAN,ExtLibs/DroneCAN/DroneCAN.csproj,T1,regenerate,,,S,,,,,ready,,,,3bb00c4ef798e26214b3d84be349489d77a1660835e316d8f93d8806426c5006,,
ExtLibs/DroneCAN/out/include/ardupilot.equipment.power.BatteryContinuous.cs,74,DroneCAN,ExtLibs/DroneCAN/DroneCAN.csproj,T1,regenerate,,,S,,,,,ready,,,,ee68e8be063e5b002d6c49fad82c2895cb9324b475e711ae697b4080353d8a54,,
ExtLibs/DroneCAN/out/include/ardupilot.equipment.power.BatteryInfoAux.cs,54,DroneCAN,ExtLibs/DroneCAN/DroneCAN.csproj,T1,regenerate,,,S,,,,,ready,,,,1b0e2b1c9769da02052786bcdbfcf9bb7b0c863af2ed7cf69c4016085cffc0f5,,
ExtLibs/DroneCAN/out/include/ardupilot.equipment.power.BatteryPeriodic.cs,60,DroneCAN,ExtLibs/DroneCAN/DroneCAN.csproj,T1,regenerate,,,S,,,,,ready,,,,42af3778fb583a42612bb158e514f8f578d1cd04f0a89e1a8be68d64e77d885f,,
ExtLibs/DroneCAN/out/include/ardupilot.equipment.power.BatteryTag.cs,51,DroneCAN,ExtLibs/DroneCAN/DroneCAN.csproj,T1,regenerate,,,S,,,,,ready,,,,50bb2b6d001bd82616cc94c278e300b87fde3f726dd6dcc137f56c8163b8dce7,,
ExtLibs/DroneCAN/out/include/ardupilot.equipment.proximity_sensor.Proximity.cs,56,DroneCAN,ExtLibs/DroneCAN/DroneCAN.csproj,T1,regenerate,,,S,,,,,ready,,,,51f4e15f49beb7ab1ec89d2adafb56c560b0e4e1e96d7de708954caeff69434d,,
ExtLibs/DroneCAN/out/include/ardupilot.equipment.trafficmonitor.TrafficReport.cs,91,DroneCAN,ExtLibs/DroneCAN/DroneCAN.csproj,T1,regenerate,,,S,,,,,ready,,,,6d15406d3066b03607e9ace106cc28131e4867c1c3081d77da44ebb0020ec621,,
ExtLibs/DroneCAN/out/include/ardupilot.gnss.Heading.cs,49,DroneCAN,ExtLibs/DroneCAN/DroneCAN.csproj,T1,regenerate,,,S,,,,,ready,,,,dede476c84d28673abfc0f32dae64167d152241181a2e6ac1c6e22a4c7b4141d,,
ExtLibs/DroneCAN/out/include/ardupilot.gnss.MovingBaselineData.cs,46,DroneCAN,ExtLibs/DroneCAN/DroneCAN.csproj,T1,regenerate,,,S,,,,,ready,,,,ef5e08859fafa64926ba7e4b7967b94f97553b34baf0c91ddb0a3847d806b273,,
ExtLibs/DroneCAN/out/include/ardupilot.gnss.RelPosHeading.cs,52,DroneCAN,ExtLibs/DroneCAN/DroneCAN.csproj,T1,regenerate,,,S,,,,,ready,,,,5467801afaf60c25f5e9a8aaa684e04decad03bcf12d32be8826794b9e1e4fd0,,
ExtLibs/DroneCAN/out/include/ardupilot.gnss.Status.cs,51,DroneCAN,ExtLibs/DroneCAN/DroneCAN.csproj,T1,regenerate,,,S,,,,,ready,,,,8469f9dfb2e01c9b6d0ecc9c6e91ec88b141355dd3298a6658488cd8b8ee4c97,,
ExtLibs/DroneCAN/out/include/ardupilot.indication.Button.cs,49,DroneCAN,ExtLibs/DroneCAN/DroneCAN.csproj,T1,regenerate,,,S,,,,,ready,,,,5baff4ef6de2461f14dc5248ea71264b474c265ecb2b049b2955c24fb3fda766,,
ExtLibs/DroneCAN/out/include/ardupilot.indication.NotifyState.cs,74,DroneCAN,ExtLibs/DroneCAN/DroneCAN.csproj,T1,regenerate,,,S,,,,,ready,,,,7da0b9c95c566b48bd2770bf33877359ea0fca2baeac34e3e32b97d47528529c,,
ExtLibs/DroneCAN/out/include/ardupilot.indication.SafetyState.cs,49,DroneCAN,ExtLibs/DroneCAN/DroneCAN.csproj,T1,regenerate,,,S,,,,,ready,,,,8e463e765cd9b3a63fc5fe61b8b84a80b1ae3d404de184cd72463762f973f7a1,,
ExtLibs/DroneCAN/out/include/com.hex.equipment.flow.Measurement.cs,49,DroneCAN,ExtLibs/DroneCAN/DroneCAN.csproj,T1,regenerate,,,S,,,,,ready,,,,ddefc0404bec3c37f22091fc001b655d640b11e3e0451cbebf178f16914b5b2b,,
ExtLibs/DroneCAN/out/include/com.himark.servo.ServoCmd.cs,46,DroneCAN,ExtLibs/DroneCAN/DroneCAN.csproj,T1,regenerate,,,S,,,,,ready,,,,aaf2833034b45b9eac879bf6759a8a098fe6a50f3d9e1b5655f7f7223cc76e9a,,
ExtLibs/DroneCAN/out/include/com.himark.servo.ServoInfo.cs,57,DroneCAN,ExtLibs/DroneCAN/DroneCAN.csproj,T1,regenerate,,,S,,,,,ready,,,,c41d290d92119db51ccb15de7eaf2a5baffe9f9806811a594c9707af7512a1b0,,
ExtLibs/DroneCAN/out/include/com.hobbywing.esc.GetEscID.cs,46,DroneCAN,ExtLibs/DroneCAN/DroneCAN.csproj,T1,regenerate,,,S,,,,,ready,,,,6bb39fd9a67a2f8aea50dc534e33f3f2f31f9c7438da6bb5ecf78b52bfd0617a,,
ExtLibs/DroneCAN/out/include/com.hobbywing.esc.GetMaintenanceInformation.cs,8,DroneCAN,ExtLibs/DroneCAN/DroneCAN.csproj,T1,regenerate,,,S,,,,,ready,,,,56946b571938ec40a0b6482d51b8ea2f2118e52e4126278a246baa896dea1778,,
ExtLibs/DroneCAN/out/include/com.hobbywing.esc.GetMaintenanceInformation_req.cs,48,DroneCAN,ExtLibs/DroneCAN/DroneCAN.csproj,T1,regenerate,,,S,,,,,ready,,,,61da8ce5e724f0b58f00f7f0ea03c2a29e92f6b72461f23522bf777efdcbf409,,
ExtLibs/DroneCAN/out/include/com.hobbywing.esc.GetMaintenanceInformation_res.cs,47,DroneCAN,ExtLibs/DroneCAN/DroneCAN.csproj,T1,regenerate,,,S,,,,,ready,,,,fcf2ecf268fbcbe5802e745e05ded7b6ea98730cce403d8c87645d73341124d4,,
ExtLibs/DroneCAN/out/include/com.hobbywing.esc.GetMajorConfig.cs,8,DroneCAN,ExtLibs/DroneCAN/DroneCAN.csproj,T1,regenerate,,,S,,,,,ready,,,,0baabe259dea42ccf8109bd69b24d15506f7a029976d8d1e2a54a9a643c454ae,,
ExtLibs/DroneCAN/out/include/com.hobbywing.esc.GetMajorConfig_req.cs,46,DroneCAN,ExtLibs/DroneCAN/DroneCAN.csproj,T1,regenerate,,,S,,,,,ready,,,,973dde61099dcb930921a5258ad4dc1aa0f618ed609b14656ec4553c43683607,,
ExtLibs/DroneCAN/out/include/com.hobbywing.esc.GetMajorConfig_res.cs,54,DroneCAN,ExtLibs/DroneCAN/DroneCAN.csproj,T1,regenerate,,,S,,,,,ready,,,,308af3ff0a85ffa0463a3def36102ee2f0b6d51849adf36be6ce727fa3e18c01,,
ExtLibs/DroneCAN/out/include/com.hobbywing.esc.RawCommand.cs,46,DroneCAN,ExtLibs/DroneCAN/DroneCAN.csproj,T1,regenerate,,,S,,,,,ready,,,,0970b07873048b7581c1f8475aaf0499184b8f672e5b139151e373b830afb4d7,,
ExtLibs/DroneCAN/out/include/com.hobbywing.esc.SelfTest.cs,8,DroneCAN,ExtLibs/DroneCAN/DroneCAN.csproj,T1,regenerate,,,S,,,,,ready,,,,60fbdfb11ee21a3fea79e59a866caf2a45c2d81597ab4563f7b09d9ec4f2af8c,,
ExtLibs/DroneCAN/out/include/com.hobbywing.esc.SelfTest_req.cs,45,DroneCAN,ExtLibs/DroneCAN/DroneCAN.csproj,T1,regenerate,,,S,,,,,ready,,,,88c544efb4d2c1f9fb173d64ec9edffafee25b4e6fe0c97e0039fb1d30706ded,,
ExtLibs/DroneCAN/out/include/com.hobbywing.esc.SelfTest_res.cs,49,DroneCAN,ExtLibs/DroneCAN/DroneCAN.csproj,T1,regenerate,,,S,,,,,ready,,,,a9c65e04e144210eca74f048fb97c2e1505f4fd613f7663b8d23adaf1fc65bb2,,
ExtLibs/DroneCAN/out/include/com.hobbywing.esc.SetAngle.cs,8,DroneCAN,ExtLibs/DroneCAN/DroneCAN.csproj,T1,regenerate,,,S,,,,,ready,,,,407494965266554918919449b882d955bd6a92a9d35ffd61392c9c162b2c3147,,
ExtLibs/DroneCAN/out/include/com.hobbywing.esc.SetAngle_req.cs,47,DroneCAN,ExtLibs/DroneCAN/DroneCAN.csproj,T1,regenerate,,,S,,,,,ready,,,,10a4886df0134e7b11fb637c6a9c071faaf7817e5d28632e58bbf711e1011f8c,,
ExtLibs/DroneCAN/out/include/com.hobbywing.esc.SetAngle_res.cs,47,DroneCAN,ExtLibs/DroneCAN/DroneCAN.csproj,T1,regenerate,,,S,,,,,ready,,,,d162a74458df760fb14299b376f518685c263a3a380757f782422507bfa4e9f4,,
ExtLibs/DroneCAN/out/include/com.hobbywing.esc.SetBaud.cs,8,DroneCAN,ExtLibs/DroneCAN/DroneCAN.csproj,T1,regenerate,,,S,,,,,ready,,,,c7ac7907c59eebc7152ef61022496bdb6289c16dd9154eb5e07dd34dc04e2430,,
ExtLibs/DroneCAN/out/include/com.hobbywing.esc.SetBaud_req.cs,53,DroneCAN,ExtLibs/DroneCAN/DroneCAN.csproj,T1,regenerate,,,S,,,,,ready,,,,a08e65a44f1dc47f7e11417da08959d2e6562fd66d3ba083f5e2d1678fc23f35,,
ExtLibs/DroneCAN/out/include/com.hobbywing.esc.SetBaud_res.cs,45,DroneCAN,ExtLibs/DroneCAN/DroneCAN.csproj,T1,regenerate,,,S,,,,,ready,,,,14f3cd9fc34fcccda638b68f34c427be293b9cfe5c799fcbf06a1e556a083eb9,,
ExtLibs/DroneCAN/out/include/com.hobbywing.esc.SetDirection.cs,8,DroneCAN,ExtLibs/DroneCAN/DroneCAN.csproj,T1,regenerate,,,S,,,,,ready,,,,ca283e69aebd155ae0aa11367b041821817b9af698418efa4efc998d8108e231,,
ExtLibs/DroneCAN/out/include/com.hobbywing.esc.SetDirection_req.cs,50,DroneCAN,ExtLibs/DroneCAN/DroneCAN.csproj,T1,regenerate,,,S,,,,,ready,,,,c8ffa9a40c9126ad15fb7ee3545fdca17dce19da422f926bec86146855b086c2,,
ExtLibs/DroneCAN/out/include/com.hobbywing.esc.SetDirection_res.cs,46,DroneCAN,ExtLibs/DroneCAN/DroneCAN.csproj,T1,regenerate,,,S,,,,,ready,,,,408e74c44e25363378fe340f19657fd70d3534367991f925038d04e3fe82b4dc,,
ExtLibs/DroneCAN/out/include/com.hobbywing.esc.SetID.cs,8,DroneCAN,ExtLibs/DroneCAN/DroneCAN.csproj,T1,regenerate,,,S,,,,,ready,,,,869a857c02bf66d866b947a1ea8b7a3c6602a2e67f265c62441d545d0177d901,,
ExtLibs/DroneCAN/out/include/com.hobbywing.esc.SetID_req.cs,47,DroneCAN,ExtLibs/DroneCAN/DroneCAN.csproj,T1,regenerate,,,S,,,,,ready,,,,2409f1e3da0e64088a90d586bb7669d88f4c1c21aa0e129b3c39b836566e2c69,,
ExtLibs/DroneCAN/out/include/com.hobbywing.esc.SetID_res.cs,47,DroneCAN,ExtLibs/DroneCAN/DroneCAN.csproj,T1,regenerate,,,S,,,,,ready,,,,0638558592216cbfdf1fc4ad72d90c75871fed9fbb2f63218b7b8a32a13a983c,,
ExtLibs/DroneCAN/out/include/com.hobbywing.esc.SetLED.cs,8,DroneCAN,ExtLibs/DroneCAN/DroneCAN.csproj,T1,regenerate,,,S,,,,,ready,,,,df39016d1f3383e7d405e65b84256a6985b3c263952388e7b074204ba702411e,,
ExtLibs/DroneCAN/out/include/com.hobbywing.esc.SetLED_req.cs,57,DroneCAN,ExtLibs/DroneCAN/DroneCAN.csproj,T1,regenerate,,,S,,,,,ready,,,,eacf0224600a93b054ccc5def7202e54504efe8cd928831401471db93d1d8e41,,
ExtLibs/DroneCAN/out/include/com.hobbywing.esc.SetLED_res.cs,48,DroneCAN,ExtLibs/DroneCAN/DroneCAN.csproj,T1,regenerate,,,S,,,,,ready,,,,f705a50a3e7aabec96ce7b8d9dd41016debc0c39a410000c33f102563c245c81,,
ExtLibs/DroneCAN/out/include/com.hobbywing.esc.SetReportingFrequency.cs,8,DroneCAN,ExtLibs/DroneCAN/DroneCAN.csproj,T1,regenerate,,,S,,,,,ready,,,,acfc1ce43ee114a18a42c10c56d78501d9a9a76414cea8025dd78bb28da5efb9,,
ExtLibs/DroneCAN/out/include/com.hobbywing.esc.SetReportingFrequency_req.cs,60,DroneCAN,ExtLibs/DroneCAN/DroneCAN.csproj,T1,regenerate,,,S,,,,,ready,,,,b4f83050b1c1b81f7a6b274fb469934dff136bb58e12fa8943046f764c1df4a2,,
ExtLibs/DroneCAN/out/include/com.hobbywing.esc.SetReportingFrequency_res.cs,48,DroneCAN,ExtLibs/DroneCAN/DroneCAN.csproj,T1,regenerate,,,S,,,,,ready,,,,48ae179836a00013e38245a94fdcf2bf36cf9d3a25ea7b67af3c610c91334956,,
ExtLibs/DroneCAN/out/include/com.hobbywing.esc.SetThrottleSource.cs,8,DroneCAN,ExtLibs/DroneCAN/DroneCAN.csproj,T1,regenerate,,,S,,,,,ready,,,,4ce729269b0760ab2f929df1df8353c40a2492cfe5ed775f40ce3cb7af925723,,
ExtLibs/DroneCAN/out/include/com.hobbywing.esc.SetThrottleSource_req.cs,49,DroneCAN,ExtLibs/DroneCAN/DroneCAN.csproj,T1,regenerate,,,S,,,,,ready,,,,1a216f29154dfacdc4a799f8eddfe01ae60fb8f5bdd7abcf8ee59f7ef24bb15a,,
ExtLibs/DroneCAN/out/include/com.hobbywing.esc.SetThrottleSource_res.cs,46,DroneCAN,ExtLibs/DroneCAN/DroneCAN.csproj,T1,regenerate,,,S,,,,,ready,,,,bd850504b8849c3c18af48302704d642cbe338eafa1fa80b5faab667bd577a02,,
ExtLibs/DroneCAN/out/include/com.hobbywing.esc.StatusMsg1.cs,48,DroneCAN,ExtLibs/DroneCAN/DroneCAN.csproj,T1,regenerate,,,S,,,,,ready,,,,0066b2a0647d582d37165abcdfc00de24d4c98819048f8f34880c5f960fca3aa,,
ExtLibs/DroneCAN/out/include/com.hobbywing.esc.StatusMsg2.cs,48,DroneCAN,ExtLibs/DroneCAN/DroneCAN.csproj,T1,regenerate,,,S,,,,,ready,,,,e7aa10b2200794ad6a53ae654e5b466ce1be150a9390b21a4bc48ae150dde7d5,,
ExtLibs/DroneCAN/out/include/com.hobbywing.esc.StatusMsg3.cs,48,DroneCAN,ExtLibs/DroneCAN/DroneCAN.csproj,T1,regenerate,,,S,,,,,ready,,,,0ad16e717a9d133faf7ee5fa42c9cea52ac4e63b47b93b8ac89407ffa7ee083f,,
ExtLibs/DroneCAN/out/include/com.tmotor.esc.FocCtrl.cs,50,DroneCAN,ExtLibs/DroneCAN/DroneCAN.csproj,T1,regenerate,,,S,,,,,ready,,,,4ba696325de08dfbe481b97f174a6c585d8b3a4fde5c5dd4f02d99decc4f3295,,
ExtLibs/DroneCAN/out/include/com.tmotor.esc.PUSHCAN.cs,47,DroneCAN,ExtLibs/DroneCAN/DroneCAN.csproj,T1,regenerate,,,S,,,,,ready,,,,2ca96b01fec4ad501b305935a6301876b44e0a0db6c3b271b79719eb38bb0221,,
ExtLibs/DroneCAN/out/include/com.tmotor.esc.PUSHSCI.cs,47,DroneCAN,ExtLibs/DroneCAN/DroneCAN.csproj,T1,regenerate,,,S,,,,,ready,,,,8f26f5ba3763473bc76d43cc5e5bbd155a67bdd0912459f78542bb3047320ccd,,
ExtLibs/DroneCAN/out/include/com.tmotor.esc.ParamCfg.cs,60,DroneCAN,ExtLibs/DroneCAN/DroneCAN.csproj,T1,regenerate,,,S,,,,,ready,,,,e35fb1b4b9424a5b6208266a506825999a6bdf376e8e24a9eb1cafb09e64c4f5,,
ExtLibs/DroneCAN/out/include/com.tmotor.esc.ParamGet.cs,65,DroneCAN,ExtLibs/DroneCAN/DroneCAN.csproj,T1,regenerate,,,S,,,,,ready,,,,c0055af6f33500ec2f999abf5c7913e6a597907854ce53a0cbcbf13bfcd4be2c,,
ExtLibs/DroneCAN/out/include/com.volz.servo.ActuatorStatus.cs,51,DroneCAN,ExtLibs/DroneCAN/DroneCAN.csproj,T1,regenerate,,,S,,,,,ready,,,,4aaeb0ba09790283df22c856184a6199c339bbd91021c49cad38ebd6bdff5334,,
ExtLibs/DroneCAN/out/include/com.xacti.CopterAttStatus.cs,47,DroneCAN,ExtLibs/DroneCAN/DroneCAN.csproj,T1,regenerate,,,S,,,,,ready,,,,1ed5deadcd335cd52235825ea8441b5177f3be022577f64204a3c80cf7728a23,,
ExtLibs/DroneCAN/out/include/com.xacti.GimbalAttitudeStatus.cs,51,DroneCAN,ExtLibs/DroneCAN/DroneCAN.csproj,T1,regenerate,,,S,,,,,ready,,,,e23eccea69f96332fcfa49ca7668a6b4a40718f372b43cd6f32ee6ce90ffd46a,,
ExtLibs/DroneCAN/out/include/com.xacti.GimbalControlData.cs,49,DroneCAN,ExtLibs/DroneCAN/DroneCAN.csproj,T1,regenerate,,,S,,,,,ready,,,,9a78ebb312de9cc02df5a225bea0d0ece5068fa2427e93fc545b069f1072b1a0,,
ExtLibs/DroneCAN/out/include/com.xacti.GnssStatus.cs,57,DroneCAN,ExtLibs/DroneCAN/DroneCAN.csproj,T1,regenerate,,,S,,,,,ready,,,,40bb1289ba05596adc32e9964054082faad125e8e8188785f1a364e727e985d9,,
ExtLibs/DroneCAN/out/include/com.xacti.GnssStatusReq.cs,46,DroneCAN,ExtLibs/DroneCAN/DroneCAN.csproj,T1,regenerate,,,S,,,,,ready,,,,271c3e5ca9d5ab95095a9bdd32c25ed10367a783742a228eab7229cf1980c840,,
ExtLibs/DroneCAN/out/include/cuav.equipment.power.CBAT.cs,82,DroneCAN,ExtLibs/DroneCAN/DroneCAN.csproj,T1,regenerate,,,S,,,,,ready,,,,db1e08d22bbd279ecb72aada5513bffbed72b25ca9c377a80d75dad8d041977c,,
ExtLibs/DroneCAN/out/include/dronecan.protocol.CanStats.cs,56,DroneCAN,ExtLibs/DroneCAN/DroneCAN.csproj,T1,regenerate,,,S,,,,,ready,,,,d78ea9c988b1088bbb271cfab29ef4b5e0875fbdf63a470fd866d5eff32abc78,,
ExtLibs/DroneCAN/out/include/dronecan.protocol.FlexDebug.cs,51,DroneCAN,ExtLibs/DroneCAN/DroneCAN.csproj,T1,regenerate,,,S,,,,,ready,,,,45a374855ac06387cd0e48051d3deb0702cafbd2d0374c2f1afeaf4541f5ee5b,,
ExtLibs/DroneCAN/out/include/dronecan.protocol.GlobalTime.cs,47,DroneCAN,ExtLibs/DroneCAN/DroneCAN.csproj,T1,regenerate,,,S,,,,,ready,,,,0886393e2a592b163194b7853715ccc94b9cb450b087ecb7004e5f2ca0f5171a,,
ExtLibs/DroneCAN/out/include/dronecan.protocol.Stats.cs,57,DroneCAN,ExtLibs/DroneCAN/DroneCAN.csproj,T1,regenerate,,,S,,,,,ready,,,,356654a72369f01139e091231e1a02bc248ebf4e09471a656c815666c943a645,,
ExtLibs/DroneCAN/out/include/dronecan.remoteid.ArmStatus.cs,50,DroneCAN,ExtLibs/DroneCAN/DroneCAN.csproj,T1,regenerate,,,S,,,,,ready,,,,b438ee6cab2c57b7ed6099590256d9450f3c1b33e4bd889f458d2555204a7121,,
ExtLibs/DroneCAN/out/include/dronecan.remoteid.BasicID.cs,71,DroneCAN,ExtLibs/DroneCAN/DroneCAN.csproj,T1,regenerate,,,S,,,,,ready,,,,9fff9b48645aaa3362ca4c8f0dedcd1a75311a2bc252c97558d0b8b09f764f8f,,
ExtLibs/DroneCAN/out/include/dronecan.remoteid.Location.cs,109,DroneCAN,ExtLibs/DroneCAN/DroneCAN.csproj,T1,regenerate,,,S,,,,,ready,,,,d01968f96c0abb9ea6e5c316a4f35c94233fe46e9728f98e2e69021ea8faf60d,,
ExtLibs/DroneCAN/out/include/dronecan.remoteid.OperatorID.cs,50,DroneCAN,ExtLibs/DroneCAN/DroneCAN.csproj,T1,regenerate,,,S,,,,,ready,,,,1e0d66532868b5a9316aca106a13bb3678677c870befbb9fa34c0f22c7618396,,
ExtLibs/DroneCAN/out/include/dronecan.remoteid.SecureCommand.cs,8,DroneCAN,ExtLibs/DroneCAN/DroneCAN.csproj,T1,regenerate,,,S,,,,,ready,,,,474f87433af9c53877ee1ba9794d0643956969c8ad89324bf7aeab69748abe2e,,
ExtLibs/DroneCAN/out/include/dronecan.remoteid.SecureCommand_req.cs,57,DroneCAN,ExtLibs/DroneCAN/DroneCAN.csproj,T1,regenerate,,,S,,,,,ready,,,,7279269097b9a4a447fe5b2ff76f4f45a6f08a28e6a43b590793a81390881498,,
ExtLibs/DroneCAN/out/include/dronecan.remoteid.SecureCommand_res.cs,55,DroneCAN,ExtLibs/DroneCAN/DroneCAN.csproj,T1,regenerate,,,S,,,,,ready,,,,e5fcb897e48f6783307b743d773ba49ba19efc815a2aa1b7180c7c85f0480cc5,,
ExtLibs/DroneCAN/out/include/dronecan.remoteid.SelfID.cs,50,DroneCAN,ExtLibs/DroneCAN/DroneCAN.csproj,T1,regenerate,,,S,,,,,ready,,,,64210726e2242a5b2a8a15614f30656c3cfd0c83123a5c3d1b43fc6199867f9d,,
ExtLibs/DroneCAN/out/include/dronecan.remoteid.System.cs,75,DroneCAN,ExtLibs/DroneCAN/DroneCAN.csproj,T1,regenerate,,,S,,,,,ready,,,,22381497da370346336e139a2caef8974beede3e187bfa2f8290bbcd5b9a3a8d,,
ExtLibs/DroneCAN/out/include/dronecan.sensors.hygrometer.Hygrometer.cs,48,DroneCAN,ExtLibs/DroneCAN/DroneCAN.csproj,T1,regenerate,,,S,,,,,ready,,,,5d19d4844ebc6c241f95e6d7d931d628fdc30689cd12294b6017afc5aad90ee3,,
ExtLibs/DroneCAN/out/include/dronecan.sensors.magnetometer.MagneticFieldStrengthHiRes.cs,47,DroneCAN,ExtLibs/DroneCAN/DroneCAN.csproj,T1,regenerate,,,S,,,,,ready,,,,3bdf36fac94aef4de701f8482a0d4cce3e378b4155eb269cf6b0fcf95370d5e4,,
ExtLibs/DroneCAN/out/include/dronecan.sensors.rc.RCInput.cs,52,DroneCAN,ExtLibs/DroneCAN/DroneCAN.csproj,T1,regenerate,,,S,,,,,ready,,,,1fe5de1b7549908ff0c0ef72bfe60c1772c08d4930c38ce272c425035e3fcf5a,,
ExtLibs/DroneCAN/out/include/dronecan.sensors.rpm.RPM.cs,50,DroneCAN,ExtLibs/DroneCAN/DroneCAN.csproj,T1,regenerate,,,S,,,,,ready,,,,efadc3f289023ef76814e689aa1889e2a3ce562f8265148811588cada6600dbc,,
ExtLibs/DroneCAN/out/include/mppt.OutputEnable.cs,8,DroneCAN,ExtLibs/DroneCAN/DroneCAN.csproj,T1,regenerate,,,S,,,,,ready,,,,bb1c3d63134556ae275aad629f1fabf29f57ad942811079f9269c3947eb1d502,,
ExtLibs/DroneCAN/out/include/mppt.OutputEnable_req.cs,47,DroneCAN,ExtLibs/DroneCAN/DroneCAN.csproj,T1,regenerate,,,S,,,,,ready,,,,085f19f7cbdcc17a26ea82856a55d6879d359a9e547085d8902ec15d10fd9ec6,,
ExtLibs/DroneCAN/out/include/mppt.OutputEnable_res.cs,46,DroneCAN,ExtLibs/DroneCAN/DroneCAN.csproj,T1,regenerate,,,S,,,,,ready,,,,2dd32ef0c458a1e498f9faa40254cf7e54ae8c0b172dbb5356cad79c8d39e6f7,,
ExtLibs/DroneCAN/out/include/mppt.Stream.cs,58,DroneCAN,ExtLibs/DroneCAN/DroneCAN.csproj,T1,regenerate,,,S,,,,,ready,,,,e5a98c51b4f05a63cdec378a59d05181b8b33116f7870c164f52d124cbebbb14,,
ExtLibs/DroneCAN/out/include/uavcan.CoarseOrientation.cs,48,DroneCAN,ExtLibs/DroneCAN/DroneCAN.csproj,T1,regenerate,,,S,,,,,ready,,,,10f500e96f97dbc03de7c007835a60390d5ab894024d8e3b03d40391d29908fd,,
ExtLibs/DroneCAN/out/include/uavcan.Timestamp.cs,47,DroneCAN,ExtLibs/DroneCAN/DroneCAN.csproj,T1,regenerate,,,S,,,,,ready,,,,bfbe0a72f91e96347b9cdfe38ce5be63b20c672dfc57e75f4a7556f3ae56fe0a,,
ExtLibs/DroneCAN/out/include/uavcan.equipment.actuator.ArrayCommand.cs,47,DroneCAN,ExtLibs/DroneCAN/DroneCAN.csproj,T1,regenerate,,,S,,,,,ready,,,,7e40b52ff42b11d331bbc8f1bb1322354cad768d8776b299c11b28e4e30e56ca,,
ExtLibs/DroneCAN/out/include/uavcan.equipment.actuator.Command.cs,53,DroneCAN,ExtLibs/DroneCAN/DroneCAN.csproj,T1,regenerate,,,S,,,,,ready,,,,de4df0ead102b4c461d10107508935e3ffab60e5c71f56b3da7ce67823e33e08,,
ExtLibs/DroneCAN/out/include/uavcan.equipment.actuator.Status.cs,52,DroneCAN,ExtLibs/DroneCAN/DroneCAN.csproj,T1,regenerate,,,S,,,,,ready,,,,225d376daff019354e30f20473978c5a34135d3ebf63fd5044aad802640b9d1b,,
ExtLibs/DroneCAN/out/include/uavcan.equipment.ahrs.MagneticFieldStrength.cs,47,DroneCAN,ExtLibs/DroneCAN/DroneCAN.csproj,T1,regenerate,,,S,,,,,ready,,,,be97e9cb007a4c5a9436501b834920e3eb39b89bfa13961e6559041ededbdc1a,,
ExtLibs/DroneCAN/out/include/uavcan.equipment.ahrs.MagneticFieldStrength2.cs,48,DroneCAN,ExtLibs/DroneCAN/DroneCAN.csproj,T1,regenerate,,,S,,,,,ready,,,,a3c43d27f103411f86d6e5afca522f5568e893f638fa2e450fa8589d632171d4,,
ExtLibs/DroneCAN/out/include/uavcan.equipment.ahrs.RawIMU.cs,53,DroneCAN,ExtLibs/DroneCAN/DroneCAN.csproj,T1,regenerate,,,S,,,,,ready,,,,f16e1a71ee770838523fb1fc8da309c7ade7a08dfcd2c870ea050d711f3221de,,
ExtLibs/DroneCAN/out/include/uavcan.equipment.ahrs.Solution.cs,53,DroneCAN,ExtLibs/DroneCAN/DroneCAN.csproj,T1,regenerate,,,S,,,,,ready,,,,cd8ae8bcdb4cb5599ae5a348857f172f8d9230d193d701416a2e92a4da0ba56d,,
ExtLibs/DroneCAN/out/include/uavcan.equipment.air_data.AngleOfAttack.cs,51,DroneCAN,ExtLibs/DroneCAN/DroneCAN.csproj,T1,regenerate,,,S,,,,,ready,,,,f1ba3803adb91a5d6ed3880f3f81babc2ddb1fc100df1c9683d58e6eee3cfe88,,
ExtLibs/DroneCAN/out/include/uavcan.equipment.air_data.IndicatedAirspeed.cs,47,DroneCAN,ExtLibs/DroneCAN/DroneCAN.csproj,T1,regenerate,,,S,,,,,ready,,,,6a4f4fd912606646e37e1740e92459baa6aa2cfa9855cf32b1fb8b5bd43b6130,,
ExtLibs/DroneCAN/out/include/uavcan.equipment.air_data.RawAirData.cs,58,DroneCAN,ExtLibs/DroneCAN/DroneCAN.csproj,T1,regenerate,,,S,,,,,ready,,,,67671fcddd97fd07d73aad3043e6e2a4c74b9ca8a45eb3bc6478bdcc440c7268,,
ExtLibs/DroneCAN/out/include/uavcan.equipment.air_data.Sideslip.cs,47,DroneCAN,ExtLibs/DroneCAN/DroneCAN.csproj,T1,regenerate,,,S,,,,,ready,,,,dda136410c1f1069c6dce9b96d699491c22249774405639ac89f37dc61edccd0,,
ExtLibs/DroneCAN/out/include/uavcan.equipment.air_data.StaticPressure.cs,47,DroneCAN,ExtLibs/DroneCAN/DroneCAN.csproj,T1,regenerate,,,S,,,,,ready,,,,b54d1d8027db23a3be4a1ac8406598310c04996d7631ba00acd89f696049ac03,,
ExtLibs/DroneCAN/out/include/uavcan.equipment.air_data.StaticTemperature.cs,47,DroneCAN,ExtLibs/DroneCAN/DroneCAN.csproj,T1,regenerate,,,S,,,,,ready,,,,fadbb1b08fc106a3a58f0a700cceb06191bd21d8afd65fc622d9ea7e7f03da00,,
ExtLibs/DroneCAN/out/include/uavcan.equipment.air_data.TrueAirspeed.cs,47,DroneCAN,ExtLibs/DroneCAN/DroneCAN.csproj,T1,regenerate,,,S,,,,,ready,,,,e6a5b69243e1f2ea80e792b25a53d4ec545f20b5db193de52e43407ab1549b31,,
ExtLibs/DroneCAN/out/include/uavcan.equipment.camera_gimbal.AngularCommand.cs,49,DroneCAN,ExtLibs/DroneCAN/DroneCAN.csproj,T1,regenerate,,,S,,,,,ready,,,,a436b9abd86b4a4dbafe9e55bb518de062f99d907ecfecbe10af27fd7aa9d4ae,,
ExtLibs/DroneCAN/out/include/uavcan.equipment.camera_gimbal.GEOPOICommand.cs,55,DroneCAN,ExtLibs/DroneCAN/DroneCAN.csproj,T1,regenerate,,,S,,,,,ready,,,,887d1e7344ee123f043d0c9389f24129962c5e659487e4c83516dcb0c70bda0e,,
ExtLibs/DroneCAN/out/include/uavcan.equipment.camera_gimbal.Mode.cs,50,DroneCAN,ExtLibs/DroneCAN/DroneCAN.csproj,T1,regenerate,,,S,,,,,ready,,,,70c94205e352afcf889d168d8c34d886d6e05ddd548142ff155ac1e03a4c0c74,,
ExtLibs/DroneCAN/out/include/uavcan.equipment.camera_gimbal.Status.cs,50,DroneCAN,ExtLibs/DroneCAN/DroneCAN.csproj,T1,regenerate,,,S,,,,,ready,,,,ba0afb136d671984efb36ac0bcb06373b6e27547a9e12e11171789329a295500,,
ExtLibs/DroneCAN/out/include/uavcan.equipment.device.Temperature.cs,51,DroneCAN,ExtLibs/DroneCAN/DroneCAN.csproj,T1,regenerate,,,S,,,,,ready,,,,87b69eeaed435c5ce638b8fd683d95f6740689c0168e55200c09f76a0ccab3ae,,
ExtLibs/DroneCAN/out/include/uavcan.equipment.esc.RPMCommand.cs,46,DroneCAN,ExtLibs/DroneCAN/DroneCAN.csproj,T1,regenerate,,,S,,,,,ready,,,,197dc35ae76600753ad4f5d66539dd4ed147bc223df106e424b87888ace60bfc,,
ExtLibs/DroneCAN/out/include/uavcan.equipment.esc.RawCommand.cs,46,DroneCAN,ExtLibs/DroneCAN/DroneCAN.csproj,T1,regenerate,,,S,,,,,ready,,,,66f173704539dd728388c71f943ab4193ce45cd6cae6cd366ed171fcee920230,,
ExtLibs/DroneCAN/out/include/uavcan.equipment.esc.Status.cs,52,DroneCAN,ExtLibs/DroneCAN/DroneCAN.csproj,T1,regenerate,,,S,,,,,ready,,,,3f0a9d4a0f431772748d7f6a1e6322d2127a051da2752fc88653bc582b29c935,,
ExtLibs/DroneCAN/out/include/uavcan.equipment.esc.StatusExtended.cs,51,DroneCAN,ExtLibs/DroneCAN/DroneCAN.csproj,T1,regenerate,,,S,,,,,ready,,,,c5360ef2739ecb5febe5354dfc3f80eda15d346e783a4c60ee7e36943354af2d,,
ExtLibs/DroneCAN/out/include/uavcan.equipment.gnss.Auxiliary.cs,54,DroneCAN,ExtLibs/DroneCAN/DroneCAN.csproj,T1,regenerate,,,S,,,,,ready,,,,e79b5b7579056134779b77c021fcd685d9e2cfc52d0b057acfa458038b182e64,,
ExtLibs/DroneCAN/out/include/uavcan.equipment.gnss.ECEFPositionVelocity.cs,47,DroneCAN,ExtLibs/DroneCAN/DroneCAN.csproj,T1,regenerate,,,S,,,,,ready,,,,b7f7b421655185bd11840a6c7ec701cad28d208d12d0509b04b9fc707cf0ef83,,
ExtLibs/DroneCAN/out/include/uavcan.equipment.gnss.Fix.cs,70,DroneCAN,ExtLibs/DroneCAN/DroneCAN.csproj,T1,regenerate,,,S,,,,,ready,,,,7ad9a83bb9ffd55598ac88abae28a5a8da549705fbab9fbf873f0d9d3441a192,,
ExtLibs/DroneCAN/out/include/uavcan.equipment.gnss.Fix2.cs,81,DroneCAN,ExtLibs/DroneCAN/DroneCAN.csproj,T1,regenerate,,,S,,,,,ready,,,,208ab6af0e077df91486126fe433d04ad9e9de7cd9f856fdbf909e0fea13a792,,
ExtLibs/DroneCAN/out/include/uavcan.equipment.gnss.RTCMStream.cs,51,DroneCAN,ExtLibs/DroneCAN/DroneCAN.csproj,T1,regenerate,,,S,,,,,ready,,,,d99e4c2d42b241f67f59ff15afee787fac8646f5285ca7069401abc7b74e9574,,
ExtLibs/DroneCAN/out/include/uavcan.equipment.hardpoint.Command.cs,47,DroneCAN,ExtLibs/DroneCAN/DroneCAN.csproj,T1,regenerate,,,S,,,,,ready,,,,9f2815fd90f9b2a5e1e98aed4700cf8cd544bc5f99c04283d96323151d6bb05f,,
ExtLibs/DroneCAN/out/include/uavcan.equipment.hardpoint.Status.cs,49,DroneCAN,ExtLibs/DroneCAN/DroneCAN.csproj,T1,regenerate,,,S,,,,,ready,,,,d6e33946882dc4e94b3ee5c9bb6c764dcf35747ad4f85611262922fa10d53a90,,
ExtLibs/DroneCAN/out/include/uavcan.equipment.ice.FuelTankStatus.cs,50,DroneCAN,ExtLibs/DroneCAN/DroneCAN.csproj,T1,regenerate,,,S,,,,,ready,,,,8ad4ded05dcc80b2d22c564d218001cbf97e0d88500ad25e30db62d9e627d8ee,,
ExtLibs/DroneCAN/out/include/uavcan.equipment.ice.reciprocating.CylinderStatus.cs,49,DroneCAN,ExtLibs/DroneCAN/DroneCAN.csproj,T1,regenerate,,,S,,,,,ready,,,,14c738e6ece8d27fdeeab628f11af187df645337d5eb51deb02afc8e76b9b46b,,
ExtLibs/DroneCAN/out/include/uavcan.equipment.ice.reciprocating.Status.cs,93,DroneCAN,ExtLibs/DroneCAN/DroneCAN.csproj,T1,regenerate,,,S,,,,,ready,,,,000ecce55e087da851dac141d9d2b74ecba209b6c2c5f4b91c85704f54d607c4,,
ExtLibs/DroneCAN/out/include/uavcan.equipment.indication.BeepCommand.cs,47,DroneCAN,ExtLibs/DroneCAN/DroneCAN.csproj,T1,regenerate,,,S,,,,,ready,,,,bcb5b190f4851767511cf04d3efc8f62acaf3b89bc92121d48a6f693f08ced21,,
ExtLibs/DroneCAN/out/include/uavcan.equipment.indication.LightsCommand.cs,47,DroneCAN,ExtLibs/DroneCAN/DroneCAN.csproj,T1,regenerate,,,S,,,,,ready,,,,b89e52b73be55f4a1ff6e024dd0b9f434c514bcfddcc9e49b9f76d852c50112c,,
ExtLibs/DroneCAN/out/include/uavcan.equipment.indication.RGB565.cs,47,DroneCAN,ExtLibs/DroneCAN/DroneCAN.csproj,T1,regenerate,,,S,,,,,ready,,,,292e54f9bfa26a6fc00f0fd8564a27e4a627d84c26c81c2f2ce02329ae37ee7d,,
ExtLibs/DroneCAN/out/include/uavcan.equipment.indication.SingleLightCommand.cs,58,DroneCAN,ExtLibs/DroneCAN/DroneCAN.csproj,T1,regenerate,,,S,,,,,ready,,,,b885f189bf46008bf644da0010e1f8cb0dc2a3c680d720be38f5e47780f73e4d,,
ExtLibs/DroneCAN/out/include/uavcan.equipment.power.BatteryInfo.cs,72,DroneCAN,ExtLibs/DroneCAN/DroneCAN.csproj,T1,regenerate,,,S,,,,,ready,,,,671285fdc074507372fec0fcb82532ec0f160afd2acf4c47a26039dd1964db00,,
ExtLibs/DroneCAN/out/include/uavcan.equipment.power.CircuitStatus.cs,54,DroneCAN,ExtLibs/DroneCAN/DroneCAN.csproj,T1,regenerate,,,S,,,,,ready,,,,3a546010da8b6216ed883c0728c1bdae41debbbf5b887ea17936cda82485b1e5,,
ExtLibs/DroneCAN/out/include/uavcan.equipment.power.PrimaryPowerSupplyStatus.cs,50,DroneCAN,ExtLibs/DroneCAN/DroneCAN.csproj,T1,regenerate,,,S,,,,,ready,,,,01cfcc5290beacb897c1a9332f8ec60d2534ba962076eeccae2288b6b090fafc,,
ExtLibs/DroneCAN/out/include/uavcan.equipment.range_sensor.Measurement.cs,63,DroneCAN,ExtLibs/DroneCAN/DroneCAN.csproj,T1,regenerate,,,S,,,,,ready,,,,6dfdaa814be1b6fb295f3894ea4618a6c57fa94692e49ed8bd77fb0bb7ca7b85,,
ExtLibs/DroneCAN/out/include/uavcan.equipment.safety.ArmingStatus.cs,49,DroneCAN,ExtLibs/DroneCAN/DroneCAN.csproj,T1,regenerate,,,S,,,,,ready,,,,307907d77bcade0ab9e0ab22360c04c61a078f6f97527caba79cfcb4caf56821,,
ExtLibs/DroneCAN/out/include/uavcan.navigation.GlobalNavigationSolution.cs,60,DroneCAN,ExtLibs/DroneCAN/DroneCAN.csproj,T1,regenerate,,,S,,,,,ready,,,,390cf0987a0bf95aee69f72eb4e04eedefe109906fff894305b69e4b9081a73d,,
ExtLibs/DroneCAN/out/include/uavcan.protocol.AccessCommandShell.cs,8,DroneCAN,ExtLibs/DroneCAN/DroneCAN.csproj,T1,regenerate,,,S,,,,,ready,,,,d491844f24b7061587414ae58eb797bb61dfb728458a962740c611f108fbc01b,,
ExtLibs/DroneCAN/out/include/uavcan.protocol.AccessCommandShell_req.cs,54,DroneCAN,ExtLibs/DroneCAN/DroneCAN.csproj,T1,regenerate,,,S,,,,,ready,,,,b68894594ac208d68d9d5cacad821230d796f419bfc5ec7355ab1a1b7a405ebb,,
ExtLibs/DroneCAN/out/include/uavcan.protocol.AccessCommandShell_res.cs,53,DroneCAN,ExtLibs/DroneCAN/DroneCAN.csproj,T1,regenerate,,,S,,,,,ready,,,,389cba754ecc955e7c509d1fbe460882e36443074a7c4a9934db3be6f29edeff,,
ExtLibs/DroneCAN/out/include/uavcan.protocol.CANIfaceStats.cs,47,DroneCAN,ExtLibs/DroneCAN/DroneCAN.csproj,T1,regenerate,,,S,,,,,ready,,,,ebf5577ce9a7161e13df14ebfb52a869c3cf1223385324bb53ebc3ac09826f65,,
ExtLibs/DroneCAN/out/include/uavcan.protocol.DataTypeKind.cs,48,DroneCAN,ExtLibs/DroneCAN/DroneCAN.csproj,T1,regenerate,,,S,,,,,ready,,,,09c4e8a41940b81aa14c70201ca1e208b3f9b9671bb92b69bd88e7d0167bac1b,,
ExtLibs/DroneCAN/out/include/uavcan.protocol.GetDataTypeInfo.cs,8,DroneCAN,ExtLibs/DroneCAN/DroneCAN.csproj,T1,regenerate,,,S,,,,,ready,,,,eb2924f8132481e55d1b7d04238d8af927e5fdabcb4673eac08881b5135343ec,,
ExtLibs/DroneCAN/out/include/uavcan.protocol.GetDataTypeInfo_req.cs,49,DroneCAN,ExtLibs/DroneCAN/DroneCAN.csproj,T1,regenerate,,,S,,,,,ready,,,,f8a269b7db4d3f48ef347270670bb751057c63b0bd32978c70961d8d2083b3db,,
ExtLibs/DroneCAN/out/include/uavcan.protocol.GetDataTypeInfo_res.cs,56,DroneCAN,ExtLibs/DroneCAN/DroneCAN.csproj,T1,regenerate,,,S,,,,,ready,,,,d1b354effe532f8263b622dec37ead44e6031aee7c8a0e8aec8180238155fe10,,
ExtLibs/DroneCAN/out/include/uavcan.protocol.GetNodeInfo.cs,8,DroneCAN,ExtLibs/DroneCAN/DroneCAN.csproj,T1,regenerate,,,S,,,,,ready,,,,95628d7ae8284449789e1c1802427593dae42b3af3c5c4acbe36e1a1a6363e94,,
ExtLibs/DroneCAN/out/include/uavcan.protocol.GetNodeInfo_req.cs,45,DroneCAN,ExtLibs/DroneCAN/DroneCAN.csproj,T1,regenerate,,,S,,,,,ready,,,,b3624b4a36b6930d80e9336032a38108298567e8ff2f513f15170dd44b37279a,,
ExtLibs/DroneCAN/out/include/uavcan.protocol.GetNodeInfo_res.cs,52,DroneCAN,ExtLibs/DroneCAN/DroneCAN.csproj,T1,regenerate,,,S,,,,,ready,,,,5fb38bd9330af5d41c3f956381bbee4a6e8b5f6601b43cc1086d6ca8d9eb0fcc,,
ExtLibs/DroneCAN/out/include/uavcan.protocol.GetTransportStats.cs,8,DroneCAN,ExtLibs/DroneCAN/DroneCAN.csproj,T1,regenerate,,,S,,,,,ready,,,,2c57ecf71c816712a5cdb742e5afcc59d2b247fe73c464f90dc2ae78fb9512a6,,
ExtLibs/DroneCAN/out/include/uavcan.protocol.GetTransportStats_req.cs,45,DroneCAN,ExtLibs/DroneCAN/DroneCAN.csproj,T1,regenerate,,,S,,,,,ready,,,,c5a59c9607ef1813dab2ffc4b03bed3fc72ec5a3998276cbdf321ac5b6204a3f,,
ExtLibs/DroneCAN/out/include/uavcan.protocol.GetTransportStats_res.cs,50,DroneCAN,ExtLibs/DroneCAN/DroneCAN.csproj,T1,regenerate,,,S,,,,,ready,,,,c290124564ef8ecdab490a633c8e907764685de22c010745d52893b1e8e88987,,
ExtLibs/DroneCAN/out/include/uavcan.protocol.GlobalTimeSync.cs,50,DroneCAN,ExtLibs/DroneCAN/DroneCAN.csproj,T1,regenerate,,,S,,,,,ready,,,,24ca76fab790081379c0b8dc3c43462402858c97870c326c04a60f59055ec8b2,,
ExtLibs/DroneCAN/out/include/uavcan.protocol.HardwareVersion.cs,48,DroneCAN,ExtLibs/DroneCAN/DroneCAN.csproj,T1,regenerate,,,S,,,,,ready,,,,34a08f9f2cc05e6c6a66c6d3333229a1ccae65d1343f3c5b9afafa3ce6252e2d,,
ExtLibs/DroneCAN/out/include/uavcan.protocol.NodeStatus.cs,63,DroneCAN,ExtLibs/DroneCAN/DroneCAN.csproj,T1,regenerate,,,S,,,,,ready,,,,ef573d4fd00a2186b6c1f23733022263780e44cc2b4144bd7a77e565a93b1392,,
ExtLibs/DroneCAN/out/include/uavcan.protocol.Panic.cs,49,DroneCAN,ExtLibs/DroneCAN/DroneCAN.csproj,T1,regenerate,,,S,,,,,ready,,,,4919ca2ac898860ceed9368007973ddd0dfa7727a9bffbfdba2398dcceb02a2b,,
ExtLibs/DroneCAN/out/include/uavcan.protocol.RestartNode.cs,8,DroneCAN,ExtLibs/DroneCAN/DroneCAN.csproj,T1,regenerate,,,S,,,,,ready,,,,5f0aa76a9aa9775b0394b89d3eaf25bf261fec3e61d92f63e011fda8a0217162,,
ExtLibs/DroneCAN/out/include/uavcan.protocol.RestartNode_req.cs,48,DroneCAN,ExtLibs/DroneCAN/DroneCAN.csproj,T1,regenerate,,,S,,,,,ready,,,,82f35732ff956b07e7cf1457fc6caf46b266b75a45710cadc604bdebff71c59f,,
ExtLibs/DroneCAN/out/include/uavcan.protocol.RestartNode_res.cs,46,DroneCAN,ExtLibs/DroneCAN/DroneCAN.csproj,T1,regenerate,,,S,,,,,ready,,,,a807893f5e4cee7b81e7ad11e893b4547ced77aba022ef7267f592dae854b006,,
ExtLibs/DroneCAN/out/include/uavcan.protocol.SoftwareVersion.cs,52,DroneCAN,ExtLibs/DroneCAN/DroneCAN.csproj,T1,regenerate,,,S,,,,,ready,,,,7a5809dceaae16b027336a02fa1de0ec3a2cb66b626b14cefb5c2e85823421a0,,
ExtLibs/DroneCAN/out/include/uavcan.protocol.debug.KeyValue.cs,47,DroneCAN,ExtLibs/DroneCAN/DroneCAN.csproj,T1,regenerate,,,S,,,,,ready,,,,42a56960c0b8a9162464e07369bcf28651f213407095cdfaf585448e342d62d7,,
ExtLibs/DroneCAN/out/include/uavcan.protocol.debug.LogLevel.cs,50,DroneCAN,ExtLibs/DroneCAN/DroneCAN.csproj,T1,regenerate,,,S,,,,,ready,,,,69c03f3f220fef26a0b8302b547081f2ed4358ddb7b442a46755e906c063f735,,
ExtLibs/DroneCAN/out/include/uavcan.protocol.debug.LogMessage.cs,49,DroneCAN,ExtLibs/DroneCAN/DroneCAN.csproj,T1,regenerate,,,S,,,,,ready,,,,d7f50baeb8fc95a8a423433484ed76dd3aacffb1eca08a28216c139cce29f607,,
ExtLibs/DroneCAN/out/include/uavcan.protocol.dynamic_node_id.Allocation.cs,56,DroneCAN,ExtLibs/DroneCAN/DroneCAN.csproj,T1,regenerate,,,S,,,,,ready,,,,8f205cc77f88983447fa5f2111bda5b58e6a284ca8fd57487dad26fc0ffa7a8b,,
ExtLibs/DroneCAN/out/include/uavcan.protocol.dynamic_node_id.server.AppendEntries.cs,8,DroneCAN,ExtLibs/DroneCAN/DroneCAN.csproj,T1,regenerate,,,S,,,,,ready,,,,061586c93311eee92d39116e657f59fab8caa57317f8432e1de4484c6f723cec,,
ExtLibs/DroneCAN/out/include/uavcan.protocol.dynamic_node_id.server.AppendEntries_req.cs,54,DroneCAN,ExtLibs/DroneCAN/DroneCAN.csproj,T1,regenerate,,,S,,,,,ready,,,,3fa8e932da8b1031d48fcffc5227ffb0f6c326966778d8d6717821c0f591fd70,,
ExtLibs/DroneCAN/out/include/uavcan.protocol.dynamic_node_id.server.AppendEntries_res.cs,47,DroneCAN,ExtLibs/DroneCAN/DroneCAN.csproj,T1,regenerate,,,S,,,,,ready,,,,f3921201d6a6fb9d89c8f69387edf0872f262b6e93d89a56a7a4ffd625798cec,,
ExtLibs/DroneCAN/out/include/uavcan.protocol.dynamic_node_id.server.Discovery.cs,49,DroneCAN,ExtLibs/DroneCAN/DroneCAN.csproj,T1,regenerate,,,S,,,,,ready,,,,494fa2c1666691314b8a4ba0f06fadb913503ceb0a490cb310e0ea6f7771cf6e,,
ExtLibs/DroneCAN/out/include/uavcan.protocol.dynamic_node_id.server.Entry.cs,47,DroneCAN,ExtLibs/DroneCAN/DroneCAN.csproj,T1,regenerate,,,S,,,,,ready,,,,74a2823afc706dd1b0d2892be7240cc0320572e1f78e2d0f4a4b258f6d1a261a,,
ExtLibs/DroneCAN/out/include/uavcan.protocol.dynamic_node_id.server.RequestVote.cs,8,DroneCAN,ExtLibs/DroneCAN/DroneCAN.csproj,T1,regenerate,,,S,,,,,ready,,,,1f395082baf495842fdb488c43cb0ad4123c7e601ac843e059647c239440d326,,
ExtLibs/DroneCAN/out/include/uavcan.protocol.dynamic_node_id.server.RequestVote_req.cs,48,DroneCAN,ExtLibs/DroneCAN/DroneCAN.csproj,T1,regenerate,,,S,,,,,ready,,,,c91f781909db1ac4791d879e5bc3e49b2d64ae86403638f0d89b85afd767f388,,
ExtLibs/DroneCAN/out/include/uavcan.protocol.dynamic_node_id.server.RequestVote_res.cs,47,DroneCAN,ExtLibs/DroneCAN/DroneCAN.csproj,T1,regenerate,,,S,,,,,ready,,,,17989d2f03daa5ef01d09bc1b2fccde5b32fb15bb61d1d027e239b46a61681df,,
ExtLibs/DroneCAN/out/include/uavcan.protocol.enumeration.Begin.cs,8,DroneCAN,ExtLibs/DroneCAN/DroneCAN.csproj,T1,regenerate,,,S,,,,,ready,,,,41e439552d83eb9d4cccbe1fdd126410d3e7933914d931ab72ef43b53c43d577,,
ExtLibs/DroneCAN/out/include/uavcan.protocol.enumeration.Begin_req.cs,50,DroneCAN,ExtLibs/DroneCAN/DroneCAN.csproj,T1,regenerate,,,S,,,,,ready,,,,e0c436cf342b72c866948cabc0438f6d3fcc2dabfab83f96f3cab1b69d69f76a,,
ExtLibs/DroneCAN/out/include/uavcan.protocol.enumeration.Begin_res.cs,52,DroneCAN,ExtLibs/DroneCAN/DroneCAN.csproj,T1,regenerate,,,S,,,,,ready,,,,ef47322a478e271e13d7dd01cbf003ead4d261001408ae99ec3bc6513029c2ef,,
ExtLibs/DroneCAN/out/include/uavcan.protocol.enumeration.Indication.cs,48,DroneCAN,ExtLibs/DroneCAN/DroneCAN.csproj,T1,regenerate,,,S,,,,,ready,,,,b2073dc6099a1edc6e5ce9fd7adf43bc0a1c35c3bd01f1aa8fe09b478d57a32d,,
ExtLibs/DroneCAN/out/include/uavcan.protocol.file.BeginFirmwareUpdate.cs,8,DroneCAN,ExtLibs/DroneCAN/DroneCAN.csproj,T1,regenerate,,,S,,,,,ready,,,,ad91e0512e27097cf2a182a396a558931bbdd9b23b0f6d8e0003580968de5bc6,,
ExtLibs/DroneCAN/out/include/uavcan.protocol.file.BeginFirmwareUpdate_req.cs,48,DroneCAN,ExtLibs/DroneCAN/DroneCAN.csproj,T1,regenerate,,,S,,,,,ready,,,,e91e5b933d959e061abb4cfb01e30dc2089e588a42b0a64b82232de0ba9bb477,,
ExtLibs/DroneCAN/out/include/uavcan.protocol.file.BeginFirmwareUpdate_res.cs,52,DroneCAN,ExtLibs/DroneCAN/DroneCAN.csproj,T1,regenerate,,,S,,,,,ready,,,,a781ff88ff93352f8da14c47c7a36f15fab837c28c46b0c66a31bb85f7dc842e,,
ExtLibs/DroneCAN/out/include/uavcan.protocol.file.Delete.cs,8,DroneCAN,ExtLibs/DroneCAN/DroneCAN.csproj,T1,regenerate,,,S,,,,,ready,,,,df7d7b9ad6eb8b0cc9bc196ade9d2dd2561fd87cd1c60ef2a5e3d8da84f564b0,,
ExtLibs/DroneCAN/out/include/uavcan.protocol.file.Delete_req.cs,47,DroneCAN,ExtLibs/DroneCAN/DroneCAN.csproj,T1,regenerate,,,S,,,,,ready,,,,fcc9451c22aa7c8dc0d743eef25e0b7cd78d5d2b09a1704fa3d119b5f5f46322,,
ExtLibs/DroneCAN/out/include/uavcan.protocol.file.Delete_res.cs,47,DroneCAN,ExtLibs/DroneCAN/DroneCAN.csproj,T1,regenerate,,,S,,,,,ready,,,,ae5db3a31cf0e71f470e603096346f75a6d673ce0ae3d43d1e7c0d45aaa64f16,,
ExtLibs/DroneCAN/out/include/uavcan.protocol.file.EntryType.cs,51,DroneCAN,ExtLibs/DroneCAN/DroneCAN.csproj,T1,regenerate,,,S,,,,,ready,,,,309d133bbd9b18f3a2a0a2a1d851ea64fed509fa21b1b88220332462cb7cc104,,
ExtLibs/DroneCAN/out/include/uavcan.protocol.file.Error.cs,56,DroneCAN,ExtLibs/DroneCAN/DroneCAN.csproj,T1,regenerate,,,S,,,,,ready,,,,2212b28e24a5b96af9484928bb546a4e26bcdf2cf8ec7f7f86dbde594102e1a3,,
ExtLibs/DroneCAN/out/include/uavcan.protocol.file.GetDirectoryEntryInfo.cs,8,DroneCAN,ExtLibs/DroneCAN/DroneCAN.csproj,T1,regenerate,,,S,,,,,ready,,,,78d32edeebef68a0a584d66502fe87c04362790ba71f164b33ecab7630bfb067,,
ExtLibs/DroneCAN/out/include/uavcan.protocol.file.GetDirectoryEntryInfo_req.cs,48,DroneCAN,ExtLibs/DroneCAN/DroneCAN.csproj,T1,regenerate,,,S,,,,,ready,,,,d2f6b740c8863967e19f86058d4aa2629e830bb1a99fe1e5b56ed2e85f849571,,
ExtLibs/DroneCAN/out/include/uavcan.protocol.file.GetDirectoryEntryInfo_res.cs,51,DroneCAN,ExtLibs/DroneCAN/DroneCAN.csproj,T1,regenerate,,,S,,,,,ready,,,,772ac64f5fb3398f6494ca8105e86b13aa2a1ec5276d6274a2ea9462f8c11993,,
ExtLibs/DroneCAN/out/include/uavcan.protocol.file.GetInfo.cs,8,DroneCAN,ExtLibs/DroneCAN/DroneCAN.csproj,T1,regenerate,,,S,,,,,ready,,,,84667e2f6ab77293833efe6e82cb4a7f0ea57e9d157eec24e297428bac336156,,
ExtLibs/DroneCAN/out/include/uavcan.protocol.file.GetInfo_req.cs,47,DroneCAN,ExtLibs/DroneCAN/DroneCAN.csproj,T1,regenerate,,,S,,,,,ready,,,,92f8dc88e03f83b9d448cdd1e857cdf32f0c208b255fe1ea374114586a847865,,
ExtLibs/DroneCAN/out/include/uavcan.protocol.file.GetInfo_res.cs,50,DroneCAN,ExtLibs/DroneCAN/DroneCAN.csproj,T1,regenerate,,,S,,,,,ready,,,,2736989b77fe9aab40861b8c255767648739baa3de0fedad23eca37d3e60541a,,
ExtLibs/DroneCAN/out/include/uavcan.protocol.file.Path.cs,47,DroneCAN,ExtLibs/DroneCAN/DroneCAN.csproj,T1,regenerate,,,S,,,,,ready,,,,6328c1161bd76a4f420e1b5816171fe46762a7d61a9b0e21f6ab9b868e9e1f70,,
ExtLibs/DroneCAN/out/include/uavcan.protocol.file.Read.cs,8,DroneCAN,ExtLibs/DroneCAN/DroneCAN.csproj,T1,regenerate,,,S,,,,,ready,,,,cf54bacca2156a7ddaf453e50b70b19b17443f522fde535aa93995681ae0801d,,
ExtLibs/DroneCAN/out/include/uavcan.protocol.file.Read_req.cs,48,DroneCAN,ExtLibs/DroneCAN/DroneCAN.csproj,T1,regenerate,,,S,,,,,ready,,,,1bfb5aaada67aedcdbc74f703384e32eb09cf4faed0ad1d16f3577222f557651,,
ExtLibs/DroneCAN/out/include/uavcan.protocol.file.Read_res.cs,48,DroneCAN,ExtLibs/DroneCAN/DroneCAN.csproj,T1,regenerate,,,S,,,,,ready,,,,d5f9a4f297e989c50d4b146110464bbdbe1b4256907cbe4476f710cfdb456c3d,,
ExtLibs/DroneCAN/out/include/uavcan.protocol.file.Write.cs,8,DroneCAN,ExtLibs/DroneCAN/DroneCAN.csproj,T1,regenerate,,,S,,,,,ready,,,,60755f28db0866cd3131e47a576ad33b6d846d9f65ee51cf9b759f32944a60c0,,
ExtLibs/DroneCAN/out/include/uavcan.protocol.file.Write_req.cs,49,DroneCAN,ExtLibs/DroneCAN/DroneCAN.csproj,T1,regenerate,,,S,,,,,ready,,,,96e8fa819ec79bed6ee6448aa37488a5bcc5ea399a5a03b7d6ab555dc22bbe93,,
ExtLibs/DroneCAN/out/include/uavcan.protocol.file.Write_res.cs,47,DroneCAN,ExtLibs/DroneCAN/DroneCAN.csproj,T1,regenerate,,,S,,,,,ready,,,,a75d515c07baf8f012855aa78dec5b7b2ee3761cc495e4f6ed01e50f1513e5f3,,
ExtLibs/DroneCAN/out/include/uavcan.protocol.param.Empty.cs,44,DroneCAN,ExtLibs/DroneCAN/DroneCAN.csproj,T1,regenerate,,,S,,,,,ready,,,,0d0e8d9225260d0a7fb212ea1c11ea892e6fc663485b2e864d15a7d19e2844b6,,
ExtLibs/DroneCAN/out/include/uavcan.protocol.param.ExecuteOpcode.cs,8,DroneCAN,ExtLibs/DroneCAN/DroneCAN.csproj,T1,regenerate,,,S,,,,,ready,,,,c9bb4200b2ff5b0e25dda1b09259ff4af6e700d788942f82c590c178ccf90f9f,,
ExtLibs/DroneCAN/out/include/uavcan.protocol.param.ExecuteOpcode_req.cs,50,DroneCAN,ExtLibs/DroneCAN/DroneCAN.csproj,T1,regenerate,,,S,,,,,ready,,,,fae79159fe1d001e954e738986dde78d34eae60f1c881972f68d3bad1cfc3d02,,
ExtLibs/DroneCAN/out/include/uavcan.protocol.param.ExecuteOpcode_res.cs,47,DroneCAN,ExtLibs/DroneCAN/DroneCAN.csproj,T1,regenerate,,,S,,,,,ready,,,,1935c2cd419948bd1313f5ddb7189bd0a6b19b12777a06c52a876829e5067f16,,
ExtLibs/DroneCAN/out/include/uavcan.protocol.param.GetSet.cs,8,DroneCAN,ExtLibs/DroneCAN/DroneCAN.csproj,T1,regenerate,,,S,,,,,ready,,,,c54ee7556e92a128e2a99e652563253643d92c6a6abd83f9af752da8f75f2ac3,,
ExtLibs/DroneCAN/out/include/uavcan.protocol.param.GetSet_req.cs,49,DroneCAN,ExtLibs/DroneCAN/DroneCAN.csproj,T1,regenerate,,,S,,,,,ready,,,,bc174878ec8b0bde558d1a044b38fcedcc0064fc48fd24ef8f2b8fcd3a23a214,,
ExtLibs/DroneCAN/out/include/uavcan.protocol.param.GetSet_res.cs,52,DroneCAN,ExtLibs/DroneCAN/DroneCAN.csproj,T1,regenerate,,,S,,,,,ready,,,,d62f2f5fdd06b817ba8e7914f3550ec6953897db1bca5783b5b4d81640c800fd,,
ExtLibs/DroneCAN/out/include/uavcan.protocol.param.NumericValue.cs,62,DroneCAN,ExtLibs/DroneCAN/DroneCAN.csproj,T1,regenerate,,,S,,,,,ready,,,,942529ecd4ef578b2622ca5713e372e4e4492470dbc60093af2f8bd5ddcabd37,,
ExtLibs/DroneCAN/out/include/uavcan.protocol.param.Value.cs,68,DroneCAN,ExtLibs/DroneCAN/DroneCAN.csproj,T1,regenerate,,,S,,,,,ready,,,,bc7bb670cb71ecae213c62b5bf2e55eeec318e61f853bb66677e4781da40fe57,,
ExtLibs/DroneCAN/out/include/uavcan.tunnel.Broadcast.cs,49,DroneCAN,ExtLibs/DroneCAN/DroneCAN.csproj,T1,regenerate,,,S,,,,,ready,,,,22add2b87631e00abdcff208abb51a30c6abdb43d91763ad1c8fbab44b716462,,
ExtLibs/DroneCAN/out/include/uavcan.tunnel.Call.cs,8,DroneCAN,ExtLibs/DroneCAN/DroneCAN.csproj,T1,regenerate,,,S,,,,,ready,,,,5b4525d48e307cc8cb5a605bff29e897b590ada6782a0aeff47aae63255b01fd,,
ExtLibs/DroneCAN/out/include/uavcan.tunnel.Call_req.cs,49,DroneCAN,ExtLibs/DroneCAN/DroneCAN.csproj,T1,regenerate,,,S,,,,,ready,,,,b0ddab37613ab7ea0c7f3ced2a1f2263e6b46184906d479304de0bda9802c3a9,,
ExtLibs/DroneCAN/out/include/uavcan.tunnel.Call_res.cs,46,DroneCAN,ExtLibs/DroneCAN/DroneCAN.csproj,T1,regenerate,,,S,,,,,ready,,,,0262a613fdae353bb2abbaefc9252bfc2d0c05a668bddd3453ec9c0f1e219d7c,,
ExtLibs/DroneCAN/out/include/uavcan.tunnel.Protocol.cs,50,DroneCAN,ExtLibs/DroneCAN/DroneCAN.csproj,T1,regenerate,,,S,,,,,ready,,,,725867a50a4ae859ade5c2eb18ae3c3fcb3ffca85e70720dbd7a35f39e3d6105,,
ExtLibs/DroneCAN/out/include/uavcan.tunnel.SerialConfig.cs,48,DroneCAN,ExtLibs/DroneCAN/DroneCAN.csproj,T1,regenerate,,,S,,,,,ready,,,,9861ba00cf1a47ab747a76a0a17ca257a020912763909911c84435d529799da4,,
ExtLibs/DroneCAN/out/include/uavcan.tunnel.Targetted.cs,54,DroneCAN,ExtLibs/DroneCAN/DroneCAN.csproj,T1,regenerate,,,S,,,,,ready,,,,220525acfa6590bdb7440bd696c9e55710a0c245816032e3bfe245c635339f5f,,
ExtLibs/DroneCAN/out/src/ardupilot.equipment.power.BatteryCells.cs,72,DroneCAN,ExtLibs/DroneCAN/DroneCAN.csproj,T1,regenerate,,,S,,,,,ready,,,,d828eaeb134688839ca14d79ed3ec60cb5ce811869ff5b7b40db5882769cbb32,,
ExtLibs/DroneCAN/out/src/ardupilot.equipment.power.BatteryContinuous.cs,125,DroneCAN,ExtLibs/DroneCAN/DroneCAN.csproj,T1,regenerate,,,S,,,,,ready,,,,e90194dfa9067df5f928eddacbaa120aa3521d08f024243ea703e80a0edd3552,,
ExtLibs/DroneCAN/out/src/ardupilot.equipment.power.BatteryInfoAux.cs,119,DroneCAN,ExtLibs/DroneCAN/DroneCAN.csproj,T1,regenerate,,,S,,,,,ready,,,,c88f60017ccd1b4da5f73c1cd94040850dd4a7223285daa7c0ad0db47ed5e2fe,,
ExtLibs/DroneCAN/out/src/ardupilot.equipment.power.BatteryPeriodic.cs,191,DroneCAN,ExtLibs/DroneCAN/DroneCAN.csproj,T1,regenerate,,,S,,,,,ready,,,,4405446cc881e1ec36d34b37f0a09fff867542961f5f081574b1e44ba94fecef,,
ExtLibs/DroneCAN/out/src/ardupilot.equipment.power.BatteryTag.cs,79,DroneCAN,ExtLibs/DroneCAN/DroneCAN.csproj,T1,regenerate,,,S,,,,,ready,,,,7d7c3f473fc70065e4cb883c4dd34596f29c3f7d4324d345bfc733ca18b25df9,,
ExtLibs/DroneCAN/out/src/ardupilot.equipment.proximity_sensor.Proximity.cs,100,DroneCAN,ExtLibs/DroneCAN/DroneCAN.csproj,T1,regenerate,,,S,,,,,ready,,,,51328517ef767e11329fe54e13038587637d8b6cb0d4b69c703853583bea3257,,
ExtLibs/DroneCAN/out/src/ardupilot.equipment.trafficmonitor.TrafficReport.cs,188,DroneCAN,ExtLibs/DroneCAN/DroneCAN.csproj,T1,regenerate,,,S,,,,,ready,,,,c5cf20e2b985f0768efc5c3aba67b7043abe95f4b055dba587b78badab5d5508,,
ExtLibs/DroneCAN/out/src/ardupilot.gnss.Heading.cs,81,DroneCAN,ExtLibs/DroneCAN/DroneCAN.csproj,T1,regenerate,,,S,,,,,ready,,,,63054c13f0703fb9ea39ed7ce9fb4b28fd409d0f9cbc641af92af23837b1c6f7,,
ExtLibs/DroneCAN/out/src/ardupilot.gnss.MovingBaselineData.cs,66,DroneCAN,ExtLibs/DroneCAN/DroneCAN.csproj,T1,regenerate,,,S,,,,,ready,,,,7b71014e9e0f05a573c643459ac868a78374a256bede3d11c8f07b65a2b7f00c,,
ExtLibs/DroneCAN/out/src/ardupilot.gnss.RelPosHeading.cs,90,DroneCAN,ExtLibs/DroneCAN/DroneCAN.csproj,T1,regenerate,,,S,,,,,ready,,,,ee50b132afafdc4f5ea48a5b936be996fccac9e89ece10c477bbc2e945c43e75,,
ExtLibs/DroneCAN/out/src/ardupilot.gnss.Status.cs,61,DroneCAN,ExtLibs/DroneCAN/DroneCAN.csproj,T1,regenerate,,,S,,,,,ready,,,,5ae12c1566b57f8fbf46cf052f73bb96ba17db8a18ae516921bd8b3cc5eb113d,,
ExtLibs/DroneCAN/out/src/ardupilot.indication.Button.cs,55,DroneCAN,ExtLibs/DroneCAN/DroneCAN.csproj,T1,regenerate,,,S,,,,,ready,,,,c85936f052ef3d0c9fba25240a66e1687b7fba1ad69498cf5e89ef7f8fd5fc4b,,
ExtLibs/DroneCAN/out/src/ardupilot.indication.NotifyState.cs,71,DroneCAN,ExtLibs/DroneCAN/DroneCAN.csproj,T1,regenerate,,,S,,,,,ready,,,,6662c0937d68885f4603d5d55888f8a969794bd0af51d6e081a05aebb177910f,,
ExtLibs/DroneCAN/out/src/ardupilot.indication.SafetyState.cs,49,DroneCAN,ExtLibs/DroneCAN/DroneCAN.csproj,T1,regenerate,,,S,,,,,ready,,,,f35c6713cc26eabeaf801155f1e014b97bb0958838009189ddac53f136c6b1ac,,
ExtLibs/DroneCAN/out/src/com.hex.equipment.flow.Measurement.cs,75,DroneCAN,ExtLibs/DroneCAN/DroneCAN.csproj,T1,regenerate,,,S,,,,,ready,,,,02f47679a0b4b1530b416130de12138963acc4a06077e7fe7f90d1e770f1b02b,,
ExtLibs/DroneCAN/out/src/com.himark.servo.ServoCmd.cs,66,DroneCAN,ExtLibs/DroneCAN/DroneCAN.csproj,T1,regenerate,,,S,,,,,ready,,,,db552d0ba0e9ea08f14b1bbbd20db4b211f0dfaf70545de34178ebf96b1e91a2,,
ExtLibs/DroneCAN/out/src/com.himark.servo.ServoInfo.cs,97,DroneCAN,ExtLibs/DroneCAN/DroneCAN.csproj,T1,regenerate,,,S,,,,,ready,,,,2bada8dfb9f4a6efabb9222009114248ce1b20f68e9312985d86348dfcc4c50f,,
ExtLibs/DroneCAN/out/src/com.hobbywing.esc.GetEscID.cs,66,DroneCAN,ExtLibs/DroneCAN/DroneCAN.csproj,T1,regenerate,,,S,,,,,ready,,,,f047291c483d14a47b3e6c2899ac7a413d1641c28340e691b815afabae8790e1,,
ExtLibs/DroneCAN/out/src/com.hobbywing.esc.GetMaintenanceInformation_req.cs,49,DroneCAN,ExtLibs/DroneCAN/DroneCAN.csproj,T1,regenerate,,,S,,,,,ready,,,,2f04e68691927fe59d59571b7d740a7e12cfaf838cccf194d5d77a1f82790bb1,,
ExtLibs/DroneCAN/out/src/com.hobbywing.esc.GetMaintenanceInformation_res.cs,55,DroneCAN,ExtLibs/DroneCAN/DroneCAN.csproj,T1,regenerate,,,S,,,,,ready,,,,2d8175717119442e5f8e7e6a6bb2eb09812e5c9b262f279c98cb7634ca97917f,,
ExtLibs/DroneCAN/out/src/com.hobbywing.esc.GetMajorConfig_req.cs,49,DroneCAN,ExtLibs/DroneCAN/DroneCAN.csproj,T1,regenerate,,,S,,,,,ready,,,,43f1c37c2dba94531997791ea4bfe3bea1daecc16bd793e1b77207a51be7d724,,
ExtLibs/DroneCAN/out/src/com.hobbywing.esc.GetMajorConfig_res.cs,101,DroneCAN,ExtLibs/DroneCAN/DroneCAN.csproj,T1,regenerate,,,S,,,,,ready,,,,41c257ed3746ec6aa50c69eefe35f701a196875e06aadb1881eaab535e3d4484,,
ExtLibs/DroneCAN/out/src/com.hobbywing.esc.RawCommand.cs,66,DroneCAN,ExtLibs/DroneCAN/DroneCAN.csproj,T1,regenerate,,,S,,,,,ready,,,,d04753d024e0804f507ac01f4252097d643066166549f1671d4c73ec51407add,,
ExtLibs/DroneCAN/out/src/com.hobbywing.esc.SelfTest_req.cs,43,DroneCAN,ExtLibs/DroneCAN/DroneCAN.csproj,T1,regenerate,,,S,,,,,ready,,,,1d6c1a2a999d531d75237b8c31d32479827545b6fe7fa67aa897f49eb6c3c851,,
ExtLibs/DroneCAN/out/src/com.hobbywing.esc.SelfTest_res.cs,49,DroneCAN,ExtLibs/DroneCAN/DroneCAN.csproj,T1,regenerate,,,S,,,,,ready,,,,56a145f7bc556345192f0a4ba7b070edbac26f7809391211f2986ed8f4e4f24e,,
ExtLibs/DroneCAN/out/src/com.hobbywing.esc.SetAngle_req.cs,55,DroneCAN,ExtLibs/DroneCAN/DroneCAN.csproj,T1,regenerate,,,S,,,,,ready,,,,8fc1f839f10e1a80e310c033c1f19b1cdeee0a062e410555a3314c358a846542,,
ExtLibs/DroneCAN/out/src/com.hobbywing.esc.SetAngle_res.cs,72,DroneCAN,ExtLibs/DroneCAN/DroneCAN.csproj,T1,regenerate,,,S,,,,,ready,,,,088e2cc84a3bb44adc2af0ace594f68b12f64cd246c73c92e35e5ffeb4aa5cdd,,
ExtLibs/DroneCAN/out/src/com.hobbywing.esc.SetBaud_req.cs,49,DroneCAN,ExtLibs/DroneCAN/DroneCAN.csproj,T1,regenerate,,,S,,,,,ready,,,,3e5b5185fe607516c6518889e477e114936cbccffc92da9645c8bea079280faf,,
ExtLibs/DroneCAN/out/src/com.hobbywing.esc.SetBaud_res.cs,43,DroneCAN,ExtLibs/DroneCAN/DroneCAN.csproj,T1,regenerate,,,S,,,,,ready,,,,6ae5f1ccfe2e2449d14d2ad98828bc25b956492a66f7e26a3b851dd0f6ca89ec,,
ExtLibs/DroneCAN/out/src/com.hobbywing.esc.SetDirection_req.cs,49,DroneCAN,ExtLibs/DroneCAN/DroneCAN.csproj,T1,regenerate,,,S,,,,,ready,,,,75e5ef66633ad1e76ccb5e070db28c24f88a2a5cfb046fd500e1373d572c80e8,,
ExtLibs/DroneCAN/out/src/com.hobbywing.esc.SetDirection_res.cs,49,DroneCAN,ExtLibs/DroneCAN/DroneCAN.csproj,T1,regenerate,,,S,,,,,ready,,,,f468fd42b8c79b7bd02f50732fc96d604dc8c754e0299b40c60804be32810df9,,
ExtLibs/DroneCAN/out/src/com.hobbywing.esc.SetID_req.cs,55,DroneCAN,ExtLibs/DroneCAN/DroneCAN.csproj,T1,regenerate,,,S,,,,,ready,,,,82d640a15ec97880f5cbbc35d8207eb4b496be3bdc1d5dc60342c8928079b046,,
ExtLibs/DroneCAN/out/src/com.hobbywing.esc.SetID_res.cs,55,DroneCAN,ExtLibs/DroneCAN/DroneCAN.csproj,T1,regenerate,,,S,,,,,ready,,,,5300b33ab0c618fcc23b2fe381c5127b659b2e39c66e782c60ebee63d8062cec,,
ExtLibs/DroneCAN/out/src/com.hobbywing.esc.SetLED_req.cs,61,DroneCAN,ExtLibs/DroneCAN/DroneCAN.csproj,T1,regenerate,,,S,,,,,ready,,,,63373fb95bc491e1f2ace1ccc2c5b67ff8383619f4636363b8ef2633c06af908,,
ExtLibs/DroneCAN/out/src/com.hobbywing.esc.SetLED_res.cs,61,DroneCAN,ExtLibs/DroneCAN/DroneCAN.csproj,T1,regenerate,,,S,,,,,ready,,,,8f07e07dc5e4514829b3ac7c1e28712ead631f7ce35a07c93efb80c18df289aa,,
ExtLibs/DroneCAN/out/src/com.hobbywing.esc.SetReportingFrequency_req.cs,61,DroneCAN,ExtLibs/DroneCAN/DroneCAN.csproj,T1,regenerate,,,S,,,,,ready,,,,787e3dd759ebbe7a2224968169834ad9a45b156997b0a5c066d0f40fc8271b41,,
ExtLibs/DroneCAN/out/src/com.hobbywing.esc.SetReportingFrequency_res.cs,61,DroneCAN,ExtLibs/DroneCAN/DroneCAN.csproj,T1,regenerate,,,S,,,,,ready,,,,9f06b63f90effdd81879ef30c7982cf88d3b7be082edba51beadacb8277151c4,,
ExtLibs/DroneCAN/out/src/com.hobbywing.esc.SetThrottleSource_req.cs,49,DroneCAN,ExtLibs/DroneCAN/DroneCAN.csproj,T1,regenerate,,,S,,,,,ready,,,,00430e3bbd8763b86f22cfff54fb74a318f3082b72b440b12351394443a408d5,,
ExtLibs/DroneCAN/out/src/com.hobbywing.esc.SetThrottleSource_res.cs,49,DroneCAN,ExtLibs/DroneCAN/DroneCAN.csproj,T1,regenerate,,,S,,,,,ready,,,,a97474cc2cf281c5a67a4bc745d2d98b2ae0ee488e2839125c33f7e105b52aa7,,
ExtLibs/DroneCAN/out/src/com.hobbywing.esc.StatusMsg1.cs,61,DroneCAN,ExtLibs/DroneCAN/DroneCAN.csproj,T1,regenerate,,,S,,,,,ready,,,,5f18a66d9963a867750efe8c34100989dd6da1d16c4c58897bd8d87c43e11949,,
ExtLibs/DroneCAN/out/src/com.hobbywing.esc.StatusMsg2.cs,61,DroneCAN,ExtLibs/DroneCAN/DroneCAN.csproj,T1,regenerate,,,S,,,,,ready,,,,687bed726c30a7be08209700f8f28e57d7c1fea3e33c017aed6d73540f996f2f,,
ExtLibs/DroneCAN/out/src/com.hobbywing.esc.StatusMsg3.cs,61,DroneCAN,ExtLibs/DroneCAN/DroneCAN.csproj,T1,regenerate,,,S,,,,,ready,,,,1c0b4025d190abf96a6a2f55b1a90c272553d911af64cf2ddaf7122664907140,,
ExtLibs/DroneCAN/out/src/com.tmotor.esc.FocCtrl.cs,73,DroneCAN,ExtLibs/DroneCAN/DroneCAN.csproj,T1,regenerate,,,S,,,,,ready,,,,7479730ea9e20f9a310057a9aa58ae1720aba3de4d707bf41f1811e139253611,,
ExtLibs/DroneCAN/out/src/com.tmotor.esc.PUSHCAN.cs,72,DroneCAN,ExtLibs/DroneCAN/DroneCAN.csproj,T1,regenerate,,,S,,,,,ready,,,,4e74b17866aaa22eabf836d30ce726c0519c78d637f8bc8ce8c309239d55e565,,
ExtLibs/DroneCAN/out/src/com.tmotor.esc.PUSHSCI.cs,72,DroneCAN,ExtLibs/DroneCAN/DroneCAN.csproj,T1,regenerate,,,S,,,,,ready,,,,71b0fc9fbdc18077cad1cc358ed561c89840c2fd4bcfa4a1e4dd86534cf7ae8a,,
ExtLibs/DroneCAN/out/src/com.tmotor.esc.ParamCfg.cs,133,DroneCAN,ExtLibs/DroneCAN/DroneCAN.csproj,T1,regenerate,,,S,,,,,ready,,,,aafabb095693fff7f69935188f73fc47830b1f848efb9245806d22153e074137,,
ExtLibs/DroneCAN/out/src/com.tmotor.esc.ParamGet.cs,180,DroneCAN,ExtLibs/DroneCAN/DroneCAN.csproj,T1,regenerate,,,S,,,,,ready,,,,37a9e64dfc8e49bd407d2172284e25b526cd99bdbc093605156f638b2478548b,,
ExtLibs/DroneCAN/out/src/com.volz.servo.ActuatorStatus.cs,86,DroneCAN,ExtLibs/DroneCAN/DroneCAN.csproj,T1,regenerate,,,S,,,,,ready,,,,fba2bf94ecad43a48d0ed06a91ce6d897061248583b825dbde520ff0409a567a,,
ExtLibs/DroneCAN/out/src/com.xacti.CopterAttStatus.cs,83,DroneCAN,ExtLibs/DroneCAN/DroneCAN.csproj,T1,regenerate,,,S,,,,,ready,,,,75bc91a67d9fd934ee1653efbf09f6d7ac3b967bbaca8b5d4356ccd1ccbb9824,,
ExtLibs/DroneCAN/out/src/com.xacti.GimbalAttitudeStatus.cs,79,DroneCAN,ExtLibs/DroneCAN/DroneCAN.csproj,T1,regenerate,,,S,,,,,ready,,,,bcc98622b16d025466119e277215b36b0e5359c9c3c34615cf9f6314c8351e25,,
ExtLibs/DroneCAN/out/src/com.xacti.GimbalControlData.cs,67,DroneCAN,ExtLibs/DroneCAN/DroneCAN.csproj,T1,regenerate,,,S,,,,,ready,,,,bcb7cb94cbab0363b942401429f8f14e47ec61c15db42361de8929fd8e94695c,,
ExtLibs/DroneCAN/out/src/com.xacti.GnssStatus.cs,115,DroneCAN,ExtLibs/DroneCAN/DroneCAN.csproj,T1,regenerate,,,S,,,,,ready,,,,b09822c079faa17d2f5721c2036aa61a33426796d6c7dcbd80031e4fcd3f46d2,,
ExtLibs/DroneCAN/out/src/com.xacti.GnssStatusReq.cs,49,DroneCAN,ExtLibs/DroneCAN/DroneCAN.csproj,T1,regenerate,,,S,,,,,ready,,,,7117c90a65b9e0d03bff5304eb63da56366f1e6a66d8717d178ec40b8fd2022f,,
ExtLibs/DroneCAN/out/src/cuav.equipment.power.CBAT.cs,203,DroneCAN,ExtLibs/DroneCAN/DroneCAN.csproj,T1,regenerate,,,M,,,,,ready,,,,c6c74f39ed4b6f95f4dabc0ae492d6ddb59fc2890e6d4f3c9d7d18dfdc7fba8d,,
ExtLibs/DroneCAN/out/src/dronecan.protocol.CanStats.cs,109,DroneCAN,ExtLibs/DroneCAN/DroneCAN.csproj,T1,regenerate,,,S,,,,,ready,,,,7e12ecbfbcf51d3f6f051e6a791c0787e00cd9431bf713948802601f57cbd3de,,
ExtLibs/DroneCAN/out/src/dronecan.protocol.FlexDebug.cs,72,DroneCAN,ExtLibs/DroneCAN/DroneCAN.csproj,T1,regenerate,,,S,,,,,ready,,,,3e37f8991c422997adf2288fbdebf52d8701d898d1d86c18ead0d747d5a0cdae,,
ExtLibs/DroneCAN/out/src/dronecan.protocol.GlobalTime.cs,46,DroneCAN,ExtLibs/DroneCAN/DroneCAN.csproj,T1,regenerate,,,S,,,,,ready,,,,004034ba9b43380b373da3441219094807053f8fb01d6cceda808ade5ec75988,,
ExtLibs/DroneCAN/out/src/dronecan.protocol.Stats.cs,115,DroneCAN,ExtLibs/DroneCAN/DroneCAN.csproj,T1,regenerate,,,S,,,,,ready,,,,993260a24add4f7da0a7d4e6e5c837b7ed6444405f1905dc8b8420a5a48dfbd9,,
ExtLibs/DroneCAN/out/src/dronecan.remoteid.ArmStatus.cs,72,DroneCAN,ExtLibs/DroneCAN/DroneCAN.csproj,T1,regenerate,,,S,,,,,ready,,,,3b5ad2361c7aaae14d4a235e243324cdf96bc5aa3758e9f301d21a2978368422,,
ExtLibs/DroneCAN/out/src/dronecan.remoteid.BasicID.cs,94,DroneCAN,ExtLibs/DroneCAN/DroneCAN.csproj,T1,regenerate,,,S,,,,,ready,,,,47d64ba47332fc0fdb98f95ba996a91bbdb2f5398540314aec4151746956b4ba,,
ExtLibs/DroneCAN/out/src/dronecan.remoteid.Location.cs,155,DroneCAN,ExtLibs/DroneCAN/DroneCAN.csproj,T1,regenerate,,,S,,,,,ready,,,,26ba90b51e94b696d4b56792b131044d2ea8fba548473db7e09ad7a64152a51b,,
ExtLibs/DroneCAN/out/src/dronecan.remoteid.OperatorID.cs,88,DroneCAN,ExtLibs/DroneCAN/DroneCAN.csproj,T1,regenerate,,,S,,,,,ready,,,,91730e8498563e21229ed01b0e894aefe34e5c2e06501c76670d4b01ba3b8511,,
ExtLibs/DroneCAN/out/src/dronecan.remoteid.SecureCommand_req.cs,84,DroneCAN,ExtLibs/DroneCAN/DroneCAN.csproj,T1,regenerate,,,S,,,,,ready,,,,850fc02ab548cd2431877d4236e8e9ee9b2cde2e0cec72ba9fa78df79ebf0deb,,
ExtLibs/DroneCAN/out/src/dronecan.remoteid.SecureCommand_res.cs,84,DroneCAN,ExtLibs/DroneCAN/DroneCAN.csproj,T1,regenerate,,,S,,,,,ready,,,,20f6e6e556e1cb055e79136b515a11c822714143473ff5a31b20ef0067ed08b8,,
ExtLibs/DroneCAN/out/src/dronecan.remoteid.SelfID.cs,88,DroneCAN,ExtLibs/DroneCAN/DroneCAN.csproj,T1,regenerate,,,S,,,,,ready,,,,b5aaed8873616cf8695ab022a6f942a08c7f8518a1a99d3e834679b1c290ed93,,
ExtLibs/DroneCAN/out/src/dronecan.remoteid.System.cs,131,DroneCAN,ExtLibs/DroneCAN/DroneCAN.csproj,T1,regenerate,,,S,,,,,ready,,,,a09a913ab149b2bf10751fc7d1b87486cb21f81a14c6f5ce87526b96d8472d8a,,
ExtLibs/DroneCAN/out/src/dronecan.sensors.hygrometer.Hygrometer.cs,75,DroneCAN,ExtLibs/DroneCAN/DroneCAN.csproj,T1,regenerate,,,S,,,,,ready,,,,10df6db17b8e10149afe57d7b2bf8b30bbd12acdfe75946d76ba1af6b728b5b5,,
ExtLibs/DroneCAN/out/src/dronecan.sensors.magnetometer.MagneticFieldStrengthHiRes.cs,59,DroneCAN,ExtLibs/DroneCAN/DroneCAN.csproj,T1,regenerate,,,S,,,,,ready,,,,162d6f97d93d2a447902b64bc82d2f2fe56a2d290cc24becf8fa9d494fde08b3,,
ExtLibs/DroneCAN/out/src/dronecan.sensors.rc.RCInput.cs,84,DroneCAN,ExtLibs/DroneCAN/DroneCAN.csproj,T1,regenerate,,,S,,,,,ready,,,,81504e7bfebecec4bfa8595d3c52c2a97032ce5ff2959cd3892a41425e3b5884,,
ExtLibs/DroneCAN/out/src/dronecan.sensors.rpm.RPM.cs,61,DroneCAN,ExtLibs/DroneCAN/DroneCAN.csproj,T1,regenerate,,,S,,,,,ready,,,,7e9c2766554a1debd4597a6c7ffbd1069a6f28d3ddde5043b9154a477a14d096,,
ExtLibs/DroneCAN/out/src/mppt.OutputEnable_req.cs,58,DroneCAN,ExtLibs/DroneCAN/DroneCAN.csproj,T1,regenerate,,,S,,,,,ready,,,,6e7d745d0953b574ca711c46525eebd8367aaa8ed970c9d469b8da6fb404663f,,
ExtLibs/DroneCAN/out/src/mppt.OutputEnable_res.cs,52,DroneCAN,ExtLibs/DroneCAN/DroneCAN.csproj,T1,regenerate,,,S,,,,,ready,,,,02cb5bd0444ac5452897c0c598d06a27e49da21748c453b657a66d011bb78732,,
ExtLibs/DroneCAN/out/src/mppt.Stream.cs,133,DroneCAN,ExtLibs/DroneCAN/DroneCAN.csproj,T1,regenerate,,,S,,,,,ready,,,,44c08ee2f17d97db4b5619a682847c221cf557f9cd75055f015cb2ba7c7c95b8,,
ExtLibs/DroneCAN/out/src/uavcan.CoarseOrientation.cs,59,DroneCAN,ExtLibs/DroneCAN/DroneCAN.csproj,T1,regenerate,,,S,,,,,ready,,,,2f2bb7f33bf85ccc22d274ab26990c98b2292cfc6bde312501b14c809a01d0a6,,
ExtLibs/DroneCAN/out/src/uavcan.Timestamp.cs,49,DroneCAN,ExtLibs/DroneCAN/DroneCAN.csproj,T1,regenerate,,,S,,,,,ready,,,,b0f6108d0111a573de25a34b23d70064f6706437b277a8812c293d59e2e5a21b,,
ExtLibs/DroneCAN/out/src/uavcan.equipment.actuator.ArrayCommand.cs,73,DroneCAN,ExtLibs/DroneCAN/DroneCAN.csproj,T1,regenerate,,,S,,,,,ready,,,,e663faf39819f6db7f3fb38477c654e3b928d0a86e8f9d4d3ca6ae1498f0fbd3,,
ExtLibs/DroneCAN/out/src/uavcan.equipment.actuator.Command.cs,68,DroneCAN,ExtLibs/DroneCAN/DroneCAN.csproj,T1,regenerate,,,S,,,,,ready,,,,23b0347a410bb356263516b5147850afeab0c97e377dc894eb55cf02cdaca44c,,
ExtLibs/DroneCAN/out/src/uavcan.equipment.actuator.Status.cs,97,DroneCAN,ExtLibs/DroneCAN/DroneCAN.csproj,T1,regenerate,,,S,,,,,ready,,,,67abf1cfb242769cda21632d3688350697de05f6d8420593ee8348c130b27553,,
ExtLibs/DroneCAN/out/src/uavcan.equipment.ahrs.MagneticFieldStrength.cs,90,DroneCAN,ExtLibs/DroneCAN/DroneCAN.csproj,T1,regenerate,,,S,,,,,ready,,,,e43b51019b1c60fc0320df31a4275f1498bbdfec11d7ffd3e9431021c31cf995,,
ExtLibs/DroneCAN/out/src/uavcan.equipment.ahrs.MagneticFieldStrength2.cs,96,DroneCAN,ExtLibs/DroneCAN/DroneCAN.csproj,T1,regenerate,,,S,,,,,ready,,,,5e356f6dbf3a5969754276c0e6e93025bfd9ede12cb53cbf583286f34d242e60,,
ExtLibs/DroneCAN/out/src/uavcan.equipment.ahrs.RawIMU.cs,136,DroneCAN,ExtLibs/DroneCAN/DroneCAN.csproj,T1,regenerate,,,S,,,,,ready,,,,6ef4ce11d39307752462e7898f87311f8062fb25778ae6ff06ed1bbf9c6ec50f,,
ExtLibs/DroneCAN/out/src/uavcan.equipment.ahrs.Solution.cs,179,DroneCAN,ExtLibs/DroneCAN/DroneCAN.csproj,T1,regenerate,,,S,,,,,ready,,,,bf35f3f3c85c84f8871e53ae3683f22467fa9338f14dc2bf28aadf81c7a6f6d2,,
ExtLibs/DroneCAN/out/src/uavcan.equipment.air_data.AngleOfAttack.cs,75,DroneCAN,ExtLibs/DroneCAN/DroneCAN.csproj,T1,regenerate,,,S,,,,,ready,,,,18c935997828a9f404bfa0939ae86fb74da7a45eeb859ac9f5051e2a23a48965,,
ExtLibs/DroneCAN/out/src/uavcan.equipment.air_data.IndicatedAirspeed.cs,69,DroneCAN,ExtLibs/DroneCAN/DroneCAN.csproj,T1,regenerate,,,S,,,,,ready,,,,adfd210499f9cd8232c65266eeaf08d596ecc4629a0d30952d8fcda3d21bc1c3,,
ExtLibs/DroneCAN/out/src/uavcan.equipment.air_data.RawAirData.cs,143,DroneCAN,ExtLibs/DroneCAN/DroneCAN.csproj,T1,regenerate,,,S,,,,,ready,,,,1e46e9b5ec83b88d33423bebe530adea20034b5045c37d742bd3040c1bb5fdc2,,
ExtLibs/DroneCAN/out/src/uavcan.equipment.air_data.Sideslip.cs,69,DroneCAN,ExtLibs/DroneCAN/DroneCAN.csproj,T1,regenerate,,,S,,,,,ready,,,,01aa1b7dfa3663a6180c985112a2c3c1f6e05b6b245e06336fa80d58b408374c,,
ExtLibs/DroneCAN/out/src/uavcan.equipment.air_data.StaticPressure.cs,62,DroneCAN,ExtLibs/DroneCAN/DroneCAN.csproj,T1,regenerate,,,S,,,,,ready,,,,e07fb326446623610c645aeedc1c6801ee60fe61f0770f5dc33f8ce24215242f,,
ExtLibs/DroneCAN/out/src/uavcan.equipment.air_data.StaticTemperature.cs,69,DroneCAN,ExtLibs/DroneCAN/DroneCAN.csproj,T1,regenerate,,,S,,,,,ready,,,,f91b2dfd5065af6c66c34308de947fbd4f0c2aa48dbe5a6d972edc2903481d5a,,
ExtLibs/DroneCAN/out/src/uavcan.equipment.air_data.TrueAirspeed.cs,69,DroneCAN,ExtLibs/DroneCAN/DroneCAN.csproj,T1,regenerate,,,S,,,,,ready,,,,616f0533697209f9632bc49ac2c43d6a3134326e1ed244b8ff6f2af58326b949,,
ExtLibs/DroneCAN/out/src/uavcan.equipment.camera_gimbal.AngularCommand.cs,69,DroneCAN,ExtLibs/DroneCAN/DroneCAN.csproj,T1,regenerate,,,S,,,,,ready,,,,82072fe1b23458e8812ab255da6c68fc0dfee06b34c6f4a93e3899c9c7652f88,,
ExtLibs/DroneCAN/out/src/uavcan.equipment.camera_gimbal.GEOPOICommand.cs,76,DroneCAN,ExtLibs/DroneCAN/DroneCAN.csproj,T1,regenerate,,,S,,,,,ready,,,,487925c1d7cd9704bbf752f337213489e8a870768b7836ae190b9e73096a2bf2,,
ExtLibs/DroneCAN/out/src/uavcan.equipment.camera_gimbal.Mode.cs,49,DroneCAN,ExtLibs/DroneCAN/DroneCAN.csproj,T1,regenerate,,,S,,,,,ready,,,,a1e9cb3612bdcf966fdffe00d43e0a9d08baffdee48c31a1b9615fb16f469221,,
ExtLibs/DroneCAN/out/src/uavcan.equipment.camera_gimbal.Status.cs,99,DroneCAN,ExtLibs/DroneCAN/DroneCAN.csproj,T1,regenerate,,,S,,,,,ready,,,,d6288587ce93b98d75a1974290397c51d798443fb1a6ba4a838e35e4a399bcfe,,
ExtLibs/DroneCAN/out/src/uavcan.equipment.device.Temperature.cs,68,DroneCAN,ExtLibs/DroneCAN/DroneCAN.csproj,T1,regenerate,,,S,,,,,ready,,,,2da7e5e4c49eeda645ea908cc8d9ca463c6203da631fd34e268453399eb1b89d,,
ExtLibs/DroneCAN/out/src/uavcan.equipment.esc.RPMCommand.cs,66,DroneCAN,ExtLibs/DroneCAN/DroneCAN.csproj,T1,regenerate,,,S,,,,,ready,,,,146078e29eefdcec875677b72c8cc16f1da60fe2cf628bb54b868ded4329d249,,
ExtLibs/DroneCAN/out/src/uavcan.equipment.esc.RawCommand.cs,66,DroneCAN,ExtLibs/DroneCAN/DroneCAN.csproj,T1,regenerate,,,S,,,,,ready,,,,b3064cbd7cbb20575384506df13744117eda3a5ab0530b9236dc7332dd621f09,,
ExtLibs/DroneCAN/out/src/uavcan.equipment.esc.Status.cs,106,DroneCAN,ExtLibs/DroneCAN/DroneCAN.csproj,T1,regenerate,,,S,,,,,ready,,,,62493aea3a688a8f3b7581d13de75890318aae885c07eada1a3ab5a5377a38e2,,
ExtLibs/DroneCAN/out/src/uavcan.equipment.esc.StatusExtended.cs,79,DroneCAN,ExtLibs/DroneCAN/DroneCAN.csproj,T1,regenerate,,,S,,,,,ready,,,,cce306308ae995a135899ec37d7826b1f4bad5a52dac4a0b53388d67f1eeb1c9,,
ExtLibs/DroneCAN/out/src/uavcan.equipment.gnss.Auxiliary.cs,146,DroneCAN,ExtLibs/DroneCAN/DroneCAN.csproj,T1,regenerate,,,S,,,,,ready,,,,ef03a882a6d88d033f8e48f1cb2d26f7ebf19fb2f0146ee796946be2cf043584,,
ExtLibs/DroneCAN/out/src/uavcan.equipment.gnss.ECEFPositionVelocity.cs,96,DroneCAN,ExtLibs/DroneCAN/DroneCAN.csproj,T1,regenerate,,,S,,,,,ready,,,,6c0c95ed14a7e9e84d8cd841a666c7ed0c7624f3226378d1dcce6efc576b721e,,
ExtLibs/DroneCAN/out/src/uavcan.equipment.gnss.Fix.cs,186,DroneCAN,ExtLibs/DroneCAN/DroneCAN.csproj,T1,regenerate,,,S,,,,,ready,,,,1e6f3046ea4d1f4b86a8eebd661a812f4e7ccda45be7536016c399a50d2e8e11,,
ExtLibs/DroneCAN/out/src/uavcan.equipment.gnss.Fix2.cs,188,DroneCAN,ExtLibs/DroneCAN/DroneCAN.csproj,T1,regenerate,,,S,,,,,ready,,,,e53f0284f02848b7755d0b9dd339f20f4abaa995323f9f056e79ff9f3f9d7b95,,
ExtLibs/DroneCAN/out/src/uavcan.equipment.gnss.RTCMStream.cs,72,DroneCAN,ExtLibs/DroneCAN/DroneCAN.csproj,T1,regenerate,,,S,,,,,ready,,,,620d16e3c9ff9321687c515fa44209995fc2cb14fe72836aeb0fa1fc627f43a2,,
ExtLibs/DroneCAN/out/src/uavcan.equipment.hardpoint.Command.cs,55,DroneCAN,ExtLibs/DroneCAN/DroneCAN.csproj,T1,regenerate,,,S,,,,,ready,,,,4be8071989831f0919e7c86f42aadf5a61413151203697baf48d132253582f44,,
ExtLibs/DroneCAN/out/src/uavcan.equipment.hardpoint.Status.cs,81,DroneCAN,ExtLibs/DroneCAN/DroneCAN.csproj,T1,regenerate,,,S,,,,,ready,,,,4bda7ba8aae8e36946bd4d7fdb83c5798dc8354eb0f11eaa52fa089cb4caf52c,,
ExtLibs/DroneCAN/out/src/uavcan.equipment.ice.FuelTankStatus.cs,83,DroneCAN,ExtLibs/DroneCAN/DroneCAN.csproj,T1,regenerate,,,S,,,,,ready,,,,391466a050d7c63ea121c5bd16372348901029b6c79caaab30c39a4c1ff839cb,,
ExtLibs/DroneCAN/out/src/uavcan.equipment.ice.reciprocating.CylinderStatus.cs,108,DroneCAN,ExtLibs/DroneCAN/DroneCAN.csproj,T1,regenerate,,,S,,,,,ready,,,,53698be32590b5b6c9ef72a67b965918cbb49eed17a030ee5ac29866253e9359,,
ExtLibs/DroneCAN/out/src/uavcan.equipment.ice.reciprocating.Status.cs,234,DroneCAN,ExtLibs/DroneCAN/DroneCAN.csproj,T1,regenerate,,,M,,,,,ready,,,,fb78af3131b586e26c344ad7998c9201f1e9c94cf0254e98eb3173da0d06e231,,
ExtLibs/DroneCAN/out/src/uavcan.equipment.indication.BeepCommand.cs,69,DroneCAN,ExtLibs/DroneCAN/DroneCAN.csproj,T1,regenerate,,,S,,,,,ready,,,,e4a748055d17ef6d4a814bcb8208d0a5d357b97eafdd0b3d1ca79a81b7c42690,,
ExtLibs/DroneCAN/out/src/uavcan.equipment.indication.LightsCommand.cs,73,DroneCAN,ExtLibs/DroneCAN/DroneCAN.csproj,T1,regenerate,,,S,,,,,ready,,,,570053b14f035de824a68862f40092fc31da5a1839c21f61caa9df3995f3899c,,
ExtLibs/DroneCAN/out/src/uavcan.equipment.indication.RGB565.cs,61,DroneCAN,ExtLibs/DroneCAN/DroneCAN.csproj,T1,regenerate,,,S,,,,,ready,,,,4614c7ea61712365d8b4f2028d3ff6e5bca93bcb5e8371a62ea803e20dbb5a93,,
ExtLibs/DroneCAN/out/src/uavcan.equipment.indication.SingleLightCommand.cs,52,DroneCAN,ExtLibs/DroneCAN/DroneCAN.csproj,T1,regenerate,,,S,,,,,ready,,,,a407fef69539ff6c39b722711068860af467babfaabf01d715a4bfe58c1becb4,,
ExtLibs/DroneCAN/out/src/uavcan.equipment.power.BatteryInfo.cs,193,DroneCAN,ExtLibs/DroneCAN/DroneCAN.csproj,T1,regenerate,,,S,,,,,ready,,,,06413a75180d875847d278c32178f1ba446504e37c2903488131970945ff1bef,,
ExtLibs/DroneCAN/out/src/uavcan.equipment.power.CircuitStatus.cs,81,DroneCAN,ExtLibs/DroneCAN/DroneCAN.csproj,T1,regenerate,,,S,,,,,ready,,,,ec807f68a7c6f45a4ba4cad60756fa68ffe159c13ced81e10c7f2410557db95a,,
ExtLibs/DroneCAN/out/src/uavcan.equipment.power.PrimaryPowerSupplyStatus.cs,87,DroneCAN,ExtLibs/DroneCAN/DroneCAN.csproj,T1,regenerate,,,S,,,,,ready,,,,b4db08a5288e2f98a6c06938d78c629ecdc2cd82a151eb4732a2746d5e35fecf,,
ExtLibs/DroneCAN/out/src/uavcan.equipment.range_sensor.Measurement.cs,93,DroneCAN,ExtLibs/DroneCAN/DroneCAN.csproj,T1,regenerate,,,S,,,,,ready,,,,22743c15adb1e76f1929da22b8b06a4af12b444e9348bae6ea9565ea62eaabab,,
ExtLibs/DroneCAN/out/src/uavcan.equipment.safety.ArmingStatus.cs,49,DroneCAN,ExtLibs/DroneCAN/DroneCAN.csproj,T1,regenerate,,,S,,,,,ready,,,,d764740aadc183082bda7dfca0f0eea88a4e4a66f834a946129a61d3cf0e1a73,,
ExtLibs/DroneCAN/out/src/uavcan.navigation.GlobalNavigationSolution.cs,195,DroneCAN,ExtLibs/DroneCAN/DroneCAN.csproj,T1,regenerate,,,S,,,,,ready,,,,0a43cf19fdb124b3d0a4fc20f3f1e6cc1e64103382b56657d29eb484bceed8b5,,
ExtLibs/DroneCAN/out/src/uavcan.protocol.AccessCommandShell_req.cs,72,DroneCAN,ExtLibs/DroneCAN/DroneCAN.csproj,T1,regenerate,,,S,,,,,ready,,,,3ac15c066fdbe88691d38f64af79b4e84ac1af76c0256d62d61f0f7895b8759a,,
ExtLibs/DroneCAN/out/src/uavcan.protocol.AccessCommandShell_res.cs,78,DroneCAN,ExtLibs/DroneCAN/DroneCAN.csproj,T1,regenerate,,,S,,,,,ready,,,,38380cd52beac91f86a7ec844038c1fcd4e9412d9d16154fe8696bed189feb30,,
ExtLibs/DroneCAN/out/src/uavcan.protocol.CANIfaceStats.cs,61,DroneCAN,ExtLibs/DroneCAN/DroneCAN.csproj,T1,regenerate,,,S,,,,,ready,,,,0cd54d7f5351587eabe70e0039bd7cd024cb894ef3b71562a9f9a518c7eaa6e0,,
ExtLibs/DroneCAN/out/src/uavcan.protocol.DataTypeKind.cs,49,DroneCAN,ExtLibs/DroneCAN/DroneCAN.csproj,T1,regenerate,,,S,,,,,ready,,,,60933e05b804aa80962bee913d71cb50f984de7ddf1a4b0e0ea54a441d29f73b,,
ExtLibs/DroneCAN/out/src/uavcan.protocol.GetDataTypeInfo_req.cs,75,DroneCAN,ExtLibs/DroneCAN/DroneCAN.csproj,T1,regenerate,,,S,,,,,ready,,,,ec0edde1c1a9ed4046c6d07314999fbd0b62015bf13fda6dfd543522195b0aed,,
ExtLibs/DroneCAN/out/src/uavcan.protocol.GetDataTypeInfo_res.cs,87,DroneCAN,ExtLibs/DroneCAN/DroneCAN.csproj,T1,regenerate,,,S,,,,,ready,,,,949714b4dee83f4f9acb24029df01f967262746b35662767606e4d84a342ce1c,,
ExtLibs/DroneCAN/out/src/uavcan.protocol.GetNodeInfo_req.cs,43,DroneCAN,ExtLibs/DroneCAN/DroneCAN.csproj,T1,regenerate,,,S,,,,,ready,,,,45f9dbee6b696f65b66d592f0b60beb03169694c55e4c060b5c5c13783bf4342,,
ExtLibs/DroneCAN/out/src/uavcan.protocol.GetNodeInfo_res.cs,75,DroneCAN,ExtLibs/DroneCAN/DroneCAN.csproj,T1,regenerate,,,S,,,,,ready,,,,ab2ae7168a1b8c71c81584b404be877ad3c3541456cbaf9ada36e18000f99cef,,
ExtLibs/DroneCAN/out/src/uavcan.protocol.GetTransportStats_req.cs,43,DroneCAN,ExtLibs/DroneCAN/DroneCAN.csproj,T1,regenerate,,,S,,,,,ready,,,,f8fab5afa5c0cf3d7a0cb1bb5084f2649a9e75ffbcdac8354314d119e9b64c90,,
ExtLibs/DroneCAN/out/src/uavcan.protocol.GetTransportStats_res.cs,91,DroneCAN,ExtLibs/DroneCAN/DroneCAN.csproj,T1,regenerate,,,S,,,,,ready,,,,46269f8b7033ca588b0aeaf1b2bed4435babd343341edce1338b223b33f3f301,,
ExtLibs/DroneCAN/out/src/uavcan.protocol.GlobalTimeSync.cs,49,DroneCAN,ExtLibs/DroneCAN/DroneCAN.csproj,T1,regenerate,,,S,,,,,ready,,,,3eb0e4bd8eb9d0bd0dd6a19284aa2d5ef50d75b717247baa546612e045628a58,,
ExtLibs/DroneCAN/out/src/uavcan.protocol.HardwareVersion.cs,88,DroneCAN,ExtLibs/DroneCAN/DroneCAN.csproj,T1,regenerate,,,S,,,,,ready,,,,c9c25c2c7eaa781024146a4578c30aca6bf2724376944d1bedebcb89b4d20b03,,
ExtLibs/DroneCAN/out/src/uavcan.protocol.NodeStatus.cs,73,DroneCAN,ExtLibs/DroneCAN/DroneCAN.csproj,T1,regenerate,,,S,,,,,ready,,,,bed119d7d662ed44f3238e7cde4e86aa195dbf44a153fef2a960bd324aba9403,,
ExtLibs/DroneCAN/out/src/uavcan.protocol.Panic.cs,66,DroneCAN,ExtLibs/DroneCAN/DroneCAN.csproj,T1,regenerate,,,S,,,,,ready,,,,35ff8a550820652b416beb4b12f0c3f8210c0d4081a0d625f79fba747efdcd4a,,
ExtLibs/DroneCAN/out/src/uavcan.protocol.RestartNode_req.cs,49,DroneCAN,ExtLibs/DroneCAN/DroneCAN.csproj,T1,regenerate,,,S,,,,,ready,,,,3621ac652320f7f5bcdbe13797e8b23bd91aba3a16aedcbcc63a14701f9c78d1,,
ExtLibs/DroneCAN/out/src/uavcan.protocol.RestartNode_res.cs,49,DroneCAN,ExtLibs/DroneCAN/DroneCAN.csproj,T1,regenerate,,,S,,,,,ready,,,,761408877bc61c6dd5bcd5867479eedf9d617c0ae6252ddfff75edde9156c2fb,,
ExtLibs/DroneCAN/out/src/uavcan.protocol.SoftwareVersion.cs,73,DroneCAN,ExtLibs/DroneCAN/DroneCAN.csproj,T1,regenerate,,,S,,,,,ready,,,,52fdc33dc483332d8fa353476815fe798ec0b547e06fef329aa3e155436f3ee5,,
ExtLibs/DroneCAN/out/src/uavcan.protocol.debug.KeyValue.cs,72,DroneCAN,ExtLibs/DroneCAN/DroneCAN.csproj,T1,regenerate,,,S,,,,,ready,,,,fefcf988cdb12f7e8a89b553c331f00471c4e4e061e6a63d688b92fc9ab511e4,,
ExtLibs/DroneCAN/out/src/uavcan.protocol.debug.LogLevel.cs,49,DroneCAN,ExtLibs/DroneCAN/DroneCAN.csproj,T1,regenerate,,,S,,,,,ready,,,,71146a6af967e89d45be40434cca33ed97c7fef716ff0c52a7f84236e3a14750,,
ExtLibs/DroneCAN/out/src/uavcan.protocol.debug.LogMessage.cs,85,DroneCAN,ExtLibs/DroneCAN/DroneCAN.csproj,T1,regenerate,,,S,,,,,ready,,,,d81a9765741b29d302c1974e5b1fe737c4ec0f72bde92bab02ed8608a592605f,,
ExtLibs/DroneCAN/out/src/uavcan.protocol.dynamic_node_id.Allocation.cs,78,DroneCAN,ExtLibs/DroneCAN/DroneCAN.csproj,T1,regenerate,,,S,,,,,ready,,,,4b9a8fedff2fb5fe04138e0be9108398802757247ae1834fbd581520361609e9,,
ExtLibs/DroneCAN/out/src/uavcan.protocol.dynamic_node_id.server.AppendEntries_req.cs,97,DroneCAN,ExtLibs/DroneCAN/DroneCAN.csproj,T1,regenerate,,,S,,,,,ready,,,,d1a270b9a6c21dde48ecd07f8a708a616499b7fd7186af02e41002a3583a243d,,
ExtLibs/DroneCAN/out/src/uavcan.protocol.dynamic_node_id.server.AppendEntries_res.cs,55,DroneCAN,ExtLibs/DroneCAN/DroneCAN.csproj,T1,regenerate,,,S,,,,,ready,,,,b6d07c5263bee985122345abd423d63d5abb1a38f7eebd6a8a1ba42cc37c7f2c,,
ExtLibs/DroneCAN/out/src/uavcan.protocol.dynamic_node_id.server.Discovery.cs,72,DroneCAN,ExtLibs/DroneCAN/DroneCAN.csproj,T1,regenerate,,,S,,,,,ready,,,,223339b12327af4ac7212d4bc76296880760cdb10fb0492dc92043904fa9dc53,,
ExtLibs/DroneCAN/out/src/uavcan.protocol.dynamic_node_id.server.Entry.cs,68,DroneCAN,ExtLibs/DroneCAN/DroneCAN.csproj,T1,regenerate,,,S,,,,,ready,,,,0b61302dad18653bc8582fac4d83b8f4110311bbae7c4a2de77843695c99336c,,
ExtLibs/DroneCAN/out/src/uavcan.protocol.dynamic_node_id.server.RequestVote_req.cs,61,DroneCAN,ExtLibs/DroneCAN/DroneCAN.csproj,T1,regenerate,,,S,,,,,ready,,,,82018c4a150d2b934b8171909ae6b6fa24d0f2bd4563ad81dc52f7d04fa64b82,,
ExtLibs/DroneCAN/out/src/uavcan.protocol.dynamic_node_id.server.RequestVote_res.cs,55,DroneCAN,ExtLibs/DroneCAN/DroneCAN.csproj,T1,regenerate,,,S,,,,,ready,,,,6bf6644bbbb8abc72255649d14c19481f8b9280ae18e82ade29daf463e6a7f32,,
ExtLibs/DroneCAN/out/src/uavcan.protocol.enumeration.Begin_req.cs,72,DroneCAN,ExtLibs/DroneCAN/DroneCAN.csproj,T1,regenerate,,,S,,,,,ready,,,,bd13a7675e4c2afe69d3c3fbbcff98dc9146b4e553e7978318967057553716c0,,
ExtLibs/DroneCAN/out/src/uavcan.protocol.enumeration.Begin_res.cs,49,DroneCAN,ExtLibs/DroneCAN/DroneCAN.csproj,T1,regenerate,,,S,,,,,ready,,,,a62417290d83867c53eb4116b3cb1f729b5201db8d9014d057d52e5b2b0580d4,,
ExtLibs/DroneCAN/out/src/uavcan.protocol.enumeration.Indication.cs,72,DroneCAN,ExtLibs/DroneCAN/DroneCAN.csproj,T1,regenerate,,,S,,,,,ready,,,,43ed096607fd323419c5ccd90176331968604713efcbd0b0c6b81a8dc35a61a2,,
ExtLibs/DroneCAN/out/src/uavcan.protocol.file.BeginFirmwareUpdate_req.cs,52,DroneCAN,ExtLibs/DroneCAN/DroneCAN.csproj,T1,regenerate,,,S,,,,,ready,,,,1fe12c25c49941d2acc5917e367301c906dc4e07316dc177de0d377c9e2c4018,,
ExtLibs/DroneCAN/out/src/uavcan.protocol.file.BeginFirmwareUpdate_res.cs,72,DroneCAN,ExtLibs/DroneCAN/DroneCAN.csproj,T1,regenerate,,,S,,,,,ready,,,,b3c7e1911a9f600a8e9aa94bd68b7f3327d4bee5c78196acd3e1c751445ffd87,,
ExtLibs/DroneCAN/out/src/uavcan.protocol.file.Delete_req.cs,46,DroneCAN,ExtLibs/DroneCAN/DroneCAN.csproj,T1,regenerate,,,S,,,,,ready,,,,9d8a01cb56ef61e5d0c3de51c12eb4d019fd17a6cdaeeb530362b2fd5f66ac7e,,
ExtLibs/DroneCAN/out/src/uavcan.protocol.file.Delete_res.cs,46,DroneCAN,ExtLibs/DroneCAN/DroneCAN.csproj,T1,regenerate,,,S,,,,,ready,,,,eb1ea4730984989bb1c715fd4e46f81dcb22de7691ee2bbdd3078a767d0bf4c6,,
ExtLibs/DroneCAN/out/src/uavcan.protocol.file.EntryType.cs,49,DroneCAN,ExtLibs/DroneCAN/DroneCAN.csproj,T1,regenerate,,,S,,,,,ready,,,,d073cd8c0925891fea3bbb4fb226e54b73aa16cf468ef1b7dc137735b291e958,,
ExtLibs/DroneCAN/out/src/uavcan.protocol.file.Error.cs,49,DroneCAN,ExtLibs/DroneCAN/DroneCAN.csproj,T1,regenerate,,,S,,,,,ready,,,,1171833f2cc89ecf04afd38e0db00178581e27ce03cbe0ef4ebee807ad3ab8d3,,
ExtLibs/DroneCAN/out/src/uavcan.protocol.file.GetDirectoryEntryInfo_req.cs,52,DroneCAN,ExtLibs/DroneCAN/DroneCAN.csproj,T1,regenerate,,,S,,,,,ready,,,,bc93fae9763097ec062911f534ad29eb78fa88a339861f5e3e1b10b7841bca76,,
ExtLibs/DroneCAN/out/src/uavcan.protocol.file.GetDirectoryEntryInfo_res.cs,52,DroneCAN,ExtLibs/DroneCAN/DroneCAN.csproj,T1,regenerate,,,S,,,,,ready,,,,86ff219e7d78d3770f4bb505b76b97265c77cea176f05b4a7ab4d5987e8127df,,
ExtLibs/DroneCAN/out/src/uavcan.protocol.file.GetInfo_req.cs,46,DroneCAN,ExtLibs/DroneCAN/DroneCAN.csproj,T1,regenerate,,,S,,,,,ready,,,,d1bcd39b626697851c1de2ec06c394d9f4e43a31019338d51ef4ae8cfe3e77af,,
ExtLibs/DroneCAN/out/src/uavcan.protocol.file.GetInfo_res.cs,55,DroneCAN,ExtLibs/DroneCAN/DroneCAN.csproj,T1,regenerate,,,S,,,,,ready,,,,c1a20f351f7a4e9387f2b6ec0d57d01c0c5550e55ab852231f01a0b3abaf8f00,,
ExtLibs/DroneCAN/out/src/uavcan.protocol.file.Path.cs,66,DroneCAN,ExtLibs/DroneCAN/DroneCAN.csproj,T1,regenerate,,,S,,,,,ready,,,,2731826216cad3d78891063c172e8ae040ce55cd19d6c7b2e77093b806749d62,,
ExtLibs/DroneCAN/out/src/uavcan.protocol.file.Read_req.cs,52,DroneCAN,ExtLibs/DroneCAN/DroneCAN.csproj,T1,regenerate,,,S,,,,,ready,,,,ad3476aa640f2a5728b3069405b56101944701f53cf31aef485f92370545d296,,
ExtLibs/DroneCAN/out/src/uavcan.protocol.file.Read_res.cs,69,DroneCAN,ExtLibs/DroneCAN/DroneCAN.csproj,T1,regenerate,,,S,,,,,ready,,,,a6e1b5daae199200cc40b95f24e1fcb5e4ae4e360dd56118ad99a6fbf06a973a,,
ExtLibs/DroneCAN/out/src/uavcan.protocol.file.Write_req.cs,75,DroneCAN,ExtLibs/DroneCAN/DroneCAN.csproj,T1,regenerate,,,S,,,,,ready,,,,fad85eae292724b2212f8792778ad371d59fce7c00ac8147808914ea0954f368,,
ExtLibs/DroneCAN/out/src/uavcan.protocol.file.Write_res.cs,46,DroneCAN,ExtLibs/DroneCAN/DroneCAN.csproj,T1,regenerate,,,S,,,,,ready,,,,f849e20ed908c7282af5bd476246ea80c747b44da9377d42eb747fa146c5eb79,,
ExtLibs/DroneCAN/out/src/uavcan.protocol.param.Empty.cs,43,DroneCAN,ExtLibs/DroneCAN/DroneCAN.csproj,T1,regenerate,,,S,,,,,ready,,,,e15eb8ce357877606b3349418d097f688d854b289375e22a2a2b5164a5cba269,,
ExtLibs/DroneCAN/out/src/uavcan.protocol.param.ExecuteOpcode_req.cs,55,DroneCAN,ExtLibs/DroneCAN/DroneCAN.csproj,T1,regenerate,,,S,,,,,ready,,,,9034f668dbe06c0ee59060099c696b7eba438f784c25f6474bb66850f883ebe2,,
ExtLibs/DroneCAN/out/src/uavcan.protocol.param.ExecuteOpcode_res.cs,55,DroneCAN,ExtLibs/DroneCAN/DroneCAN.csproj,T1,regenerate,,,S,,,,,ready,,,,9dee1920e2b3c031366c0a1f18cbc44a4d25209431a7a6cc9b1f1b43595cd05e,,
ExtLibs/DroneCAN/out/src/uavcan.protocol.param.GetSet_req.cs,75,DroneCAN,ExtLibs/DroneCAN/DroneCAN.csproj,T1,regenerate,,,S,,,,,ready,,,,c29016897a81818a30885b3b0745aa622f17fd9d4f3ed828b3810a44f775a646,,
ExtLibs/DroneCAN/out/src/uavcan.protocol.param.GetSet_res.cs,90,DroneCAN,ExtLibs/DroneCAN/DroneCAN.csproj,T1,regenerate,,,S,,,,,ready,,,,80ef173c5cae4e1d1bf9ce15d2b24732f6e7f5b23ea5131ae76a18ee8acfceed,,
ExtLibs/DroneCAN/out/src/uavcan.protocol.param.NumericValue.cs,90,DroneCAN,ExtLibs/DroneCAN/DroneCAN.csproj,T1,regenerate,,,S,,,,,ready,,,,cb9c87a5069df82d08337032bb940c60d5306c84d382b0b42611478c5171f4ea,,
ExtLibs/DroneCAN/out/src/uavcan.protocol.param.Value.cs,131,DroneCAN,ExtLibs/DroneCAN/DroneCAN.csproj,T1,regenerate,,,S,,,,,ready,,,,d027ce3b8fe3be55cacd1397c21a67369aedef032b11f03a792753a17bf5c8ae,,
ExtLibs/DroneCAN/out/src/uavcan.tunnel.Broadcast.cs,75,DroneCAN,ExtLibs/DroneCAN/DroneCAN.csproj,T1,regenerate,,,S,,,,,ready,,,,5c377862428ed98daca3ab8e9988abdbbc4ec4fbc3bcac5dcc025c50b794b96c,,
ExtLibs/DroneCAN/out/src/uavcan.tunnel.Call_req.cs,75,DroneCAN,ExtLibs/DroneCAN/DroneCAN.csproj,T1,regenerate,,,S,,,,,ready,,,,29a77844098b151443e94e2613c7e492fa052c93bbc19bb0a93abfd7fd418870,,
ExtLibs/DroneCAN/out/src/uavcan.tunnel.Call_res.cs,66,DroneCAN,ExtLibs/DroneCAN/DroneCAN.csproj,T1,regenerate,,,S,,,,,ready,,,,1ec3ff692bf0b445ccac83c9c527ca78961a4c6b117247e2eb79635236c03d53,,
ExtLibs/DroneCAN/out/src/uavcan.tunnel.Protocol.cs,49,DroneCAN,ExtLibs/DroneCAN/DroneCAN.csproj,T1,regenerate,,,S,,,,,ready,,,,94f465610b640bd7d8e5261bc3ba56a2da5326e54747cb7d2535e1f53455f370,,
ExtLibs/DroneCAN/out/src/uavcan.tunnel.SerialConfig.cs,61,DroneCAN,ExtLibs/DroneCAN/DroneCAN.csproj,T1,regenerate,,,S,,,,,ready,,,,cb4ac1a5cddccf4a1da62fc70cbc23ddbd766ce30ae82eaa959e8fe4cc23dfd6,,
ExtLibs/DroneCAN/out/src/uavcan.tunnel.Targetted.cs,93,DroneCAN,ExtLibs/DroneCAN/DroneCAN.csproj,T1,regenerate,,,S,,,,,ready,,,,8eae64e1b0c528208f109b53aaa211018a68eb29a815d5f34d3196d95a327102,,
ExtLibs/Exocortex.DSP/AssemblyInfo.cs,58,,ExtLibs/Exocortex.DSP/Exocortex.DSP.v1.csproj,T0,delete,,,S,,,,,dropped,,,,c7c52c31b58c42bdf054e9376720c34bde2295ab2591f1e2662a9fdde822f91e,,no callers in the C# tree as of efb0801 (D16): its project ExtLibs/Exocortex.DSP/Exocortex.DSP.v1.csproj is in no build (neither MissionPlanner.sln nor MissionPlannerLib.sln reaches it); declares nothing
ExtLibs/Exocortex.DSP/Complex.cs,527,Exocortex.DSP,ExtLibs/Exocortex.DSP/Exocortex.DSP.v1.csproj,T0,delete,,,M,,,,,dropped,,,,0fd09ee9eebb535df03ed0955f070a6f33b8d190c14f9bb713a513962ec14b24,,no callers in the C# tree as of efb0801 (D16): nothing outside ExtLibs/Exocortex.DSP/ names Exocortex; declares Complex
ExtLibs/Exocortex.DSP/ComplexArray.cs,682,Exocortex.DSP,ExtLibs/Exocortex.DSP/Exocortex.DSP.v1.csproj,T0,delete,,,L,,,,,dropped,,,,dc027eb7950dea22df87c19230cf4146f2d0a99914e215b23a1b613896460417,,no callers in the C# tree as of efb0801 (D16): nothing outside ExtLibs/Exocortex.DSP/ names Exocortex; declares ComplexArray
ExtLibs/Exocortex.DSP/ComplexF.cs,520,Exocortex.DSP,ExtLibs/Exocortex.DSP/Exocortex.DSP.v1.csproj,T0,delete,,,M,,,,,dropped,,,,4ff90eb93853f8b8cff7531f0f45b19cc41536520bdeb080f786bb0a11429887,,no callers in the C# tree as of efb0801 (D16): nothing outside ExtLibs/Exocortex.DSP/ names Exocortex; declares ComplexF
ExtLibs/Exocortex.DSP/ComplexMath.cs,158,Exocortex.DSP,ExtLibs/Exocortex.DSP/Exocortex.DSP.v1.csproj,T0,delete,,,S,,,,,dropped,,,,d3a8ec58dcb6a38205b99c12de4e213efb6ba4d4cf798a30fe32825f5e2f5be6,,no callers in the C# tree as of efb0801 (D16): nothing outside ExtLibs/Exocortex.DSP/ names Exocortex; declares ComplexMath
ExtLibs/Exocortex.DSP/ComplexStats.cs,306,Exocortex.DSP,ExtLibs/Exocortex.DSP/Exocortex.DSP.v1.csproj,T0,delete,,,M,,,,,dropped,,,,cef9bb7580facfcbfc6963b10bdfac880712483e8d2a793fa9eb65af9f380a79,,no callers in the C# tree as of efb0801 (D16): nothing outside ExtLibs/Exocortex.DSP/ names Exocortex; declares ComplexStats
ExtLibs/Exocortex.DSP/Fourier.cs,1346,Exocortex.DSP,ExtLibs/Exocortex.DSP/Exocortex.DSP.v1.csproj,T0,delete,,,L,,,,,dropped,,,,2f84d20b9ff243fdb84fe166d8ece7208fea0d4e7cfc79a4ff44d1bd3a3717b6,,no callers in the C# tree as of efb0801 (D16): nothing outside ExtLibs/Exocortex.DSP/ names Exocortex; declares Fourier
ExtLibs/Exocortex.DSP/FourierDirection.cs,55,Exocortex.DSP,ExtLibs/Exocortex.DSP/Exocortex.DSP.v1.csproj,T0,delete,,,S,,,,,dropped,,,,21faa85921d23e82611961b4060dea06b860d424573e060b270ee619f895232b,,no callers in the C# tree as of efb0801 (D16): nothing outside ExtLibs/Exocortex.DSP/ names Exocortex; declares FourierDirection
ExtLibs/ExtGuided/ExtGuidedPlugin.cs,84,,ExtLibs/ExtGuided/ExtGuided.csproj,T3,hand-port,,,S,,,,,ready,,,,cac4268743c1ce84a3dd2348b41598e5b3c5967f6693f32c3bc8d6b5829bcf5e,,
ExtLibs/ExtGuided/FilePick.Designer.cs,68,ExtGuided,ExtLibs/ExtGuided/ExtGuided.csproj,T2,extract,,,S,,,,,ready,,,,1184a070a417893952a90929728eac3099c58a8d86634cbcc9e94d98efcd32d9,,
ExtLibs/ExtGuided/FilePick.cs,31,ExtGuided,ExtLibs/ExtGuided/ExtGuided.csproj,T3,hand-port,,,S,,,,,ready,,,,9c5a70126e3fc683f9da966c4b660152963b141f4b504cbf9c7b098fd435d9d4,,
ExtLibs/Flasher/FlasherForm.cs,611,Flasher,ExtLibs/Flasher/Flasher.csproj,T3,hand-port,,,L,,,,,dropped,,,,b7451f8c931dd7342f54b9ea27c3fc66d07d57f31abf768d04946688e4ca950f,,"a separate program, not the planner: ExtLibs/Flasher/Flasher.csproj, an Exe nothing in the planner references or runs"
ExtLibs/Flasher/Program.cs,15,Flasher,ExtLibs/Flasher/Flasher.csproj,T3,hand-port,,,S,,,,,dropped,,,,d9893dd2b26aebf88029b736f62c1d4039d5a50b55230582a0ffe2bf7271e638,,"a separate program, not the planner: ExtLibs/Flasher/Flasher.csproj, an Exe nothing in the planner references or runs"
ExtLibs/GDAL/GDAL.cs,615,GDAL,ExtLibs/GDAL/GDAL.NET.csproj,T3,hand-port,,,L,,,,,ready,,,,a8c36ac44a292ba654322bd648f91d0820ee6662f8e7ce9304271854bdf5ed7a,,
ExtLibs/GDAL/GDALProvider.cs,166,GDAL,ExtLibs/GDAL/GDAL.NET.csproj,T3,hand-port,,,S,,,,,ready,,,,2d945056ad36c7a9c52bf3f93246cbbf43dc23e645cb8ee57bf0ebfe7d433ccb,,
ExtLibs/GDAL/Ogr.cs,286,GDAL,ExtLibs/GDAL/GDAL.NET.csproj,T3,hand-port,,,M,,,,,ready,,,,ef93b15866e28116b8feafe15dccccdfcd6b0fc967938dca0d09c985ef4044b4,,
ExtLibs/GDAL/point.cs,44,GDAL,ExtLibs/GDAL/GDAL.NET.csproj,T3,hand-port,,,S,,,,,ready,,,,bde925b81f1159d5420e268625510af153767f14bc2502378ed76c529662c113,,
ExtLibs/GLControl/Agl.cs,511,OpenTK.Platform.MacOS,ExtLibs/GLControl/OpenTK.GLControl.csproj,T0,delete,,,M,,,,,dropped,,,,7acad8c0767e80f52b7aa054ddb8da5de51f7f6b3ea86b9075407ab854d5c62b,,no callers in the C# tree as of efb0801 (D16): its project ExtLibs/GLControl/OpenTK.GLControl.csproj is in no build (neither MissionPlanner.sln nor MissionPlannerLib.sln reaches it); declares Agl
ExtLibs/GLControl/AglContext.cs,362,OpenTK.Platform.MacOS,ExtLibs/GLControl/OpenTK.GLControl.csproj,T0,delete,,,M,,,,,dropped,,,,536a1d3446b9bb589f04b998306f5be7267d729b7abfc2522ff64b9b634ab4d5,,no callers in the C# tree as of efb0801 (D16): its project ExtLibs/GLControl/OpenTK.GLControl.csproj is in no build (neither MissionPlanner.sln nor MissionPlannerLib.sln reaches it); declares AglContext
ExtLibs/GLControl/AglGraphicsMode.cs,223,OpenTK.Platform.MacOS,ExtLibs/GLControl/OpenTK.GLControl.csproj,T0,delete,,,M,,,,,dropped,,,,80c43b72674123b3775cea64bfdfa6b164c149b5ee37ba5cf009ecbfef5c855d,,no callers in the C# tree as of efb0801 (D16): its project ExtLibs/GLControl/OpenTK.GLControl.csproj is in no build (neither MissionPlanner.sln nor MissionPlannerLib.sln reaches it); declares AglGraphicsMode
ExtLibs/GLControl/Carbon.cs,160,OpenTK.Platform.MacOS.Carbon,ExtLibs/GLControl/OpenTK.GLControl.csproj,T0,delete,,,S,,,,,dropped,,,,8ee64f5fca2f1541b323bb87eac20b85f76ce5fc37026550cb21d41a6abfa378,,"no callers in the C# tree as of efb0801 (D16): its project ExtLibs/GLControl/OpenTK.GLControl.csproj is in no build (neither MissionPlanner.sln nor MissionPlannerLib.sln reaches it); declares API, OSStatus, Rect"
ExtLibs/GLControl/CarbonGLControl.cs,83,OpenTK,ExtLibs/GLControl/OpenTK.GLControl.csproj,T0,delete,,,S,,,,,dropped,,,,619f09418e2d6fc8348633345c81807a02adb4957ff47c8af2e90cd468a95f8d,,no callers in the C# tree as of efb0801 (D16): its project ExtLibs/GLControl/OpenTK.GLControl.csproj is in no build (neither MissionPlanner.sln nor MissionPlannerLib.sln reaches it); declares CarbonGLControl
ExtLibs/GLControl/DummyGLControl.cs,133,OpenTK,ExtLibs/GLControl/OpenTK.GLControl.csproj,T0,delete,,,S,,,,,dropped,,,,7406e000f9b6661462806e78edeb08222006ac943d1e7e1099cfedde9dd4172b,,no callers in the C# tree as of efb0801 (D16): its project ExtLibs/GLControl/OpenTK.GLControl.csproj is in no build (neither MissionPlanner.sln nor MissionPlannerLib.sln reaches it); declares DummyGLControl
ExtLibs/GLControl/GLControl.Designer.cs,41,OpenTK,ExtLibs/GLControl/OpenTK.GLControl.csproj,T0,delete,,,S,,,,,dropped,,,,f4abe31fa77407570648f45be0c8d9052b5541d15b02e0ab16d0e8c2fa740108,,no callers in the C# tree as of efb0801 (D16): its project ExtLibs/GLControl/OpenTK.GLControl.csproj is in no build (neither MissionPlanner.sln nor MissionPlannerLib.sln reaches it); declares GLControl
ExtLibs/GLControl/GLControl.cs,475,OpenTK,ExtLibs/GLControl/OpenTK.GLControl.csproj,T0,delete,,,M,,,,,dropped,,,,569f87c91d2d8807950af500da77c1e4ca4dc2d9f125efc6e997fe95e77520d5,,no callers in the C# tree as of efb0801 (D16): its project ExtLibs/GLControl/OpenTK.GLControl.csproj is in no build (neither MissionPlanner.sln nor MissionPlannerLib.sln reaches it); declares GLControl
ExtLibs/GLControl/GLControlFactory.cs,68,OpenTK,ExtLibs/GLControl/OpenTK.GLControl.csproj,T0,delete,,,S,,,,,dropped,,,,b5afd7a0e0b7c372f9cba470ed4380aadaf0b79862edc3f161c06714e7d6c05e,,no callers in the C# tree as of efb0801 (D16): its project ExtLibs/GLControl/OpenTK.GLControl.csproj is in no build (neither MissionPlanner.sln nor MissionPlannerLib.sln reaches it); declares GLControlFactory
ExtLibs/GLControl/IGLControl.cs,37,OpenTK,ExtLibs/GLControl/OpenTK.GLControl.csproj,T0,delete,,,S,,,,,dropped,,,,167c0ba198d7a1ab87bcf794108726e1cc92aa1f39d2d02457fe713affd9f3f8,,no callers in the C# tree as of efb0801 (D16): its project ExtLibs/GLControl/OpenTK.GLControl.csproj is in no build (neither MissionPlanner.sln nor MissionPlannerLib.sln reaches it); declares IGLControl
ExtLibs/GLControl/NS.cs,112,OpenTK.Platform.MacOS,ExtLibs/GLControl/OpenTK.GLControl.csproj,T0,delete,,,S,,,,,dropped,,,,67e320a97794d78f90005b051b2ad6d1f5241dec91fa8224c2f54905bd9e491f,,no callers in the C# tree as of efb0801 (D16): its project ExtLibs/GLControl/OpenTK.GLControl.csproj is in no build (neither MissionPlanner.sln nor MissionPlannerLib.sln reaches it); declares NS
ExtLibs/GLControl/Sdl2GLControl.cs,65,OpenTK,ExtLibs/GLControl/OpenTK.GLControl.csproj,T0,delete,,,S,,,,,dropped,,,,79aceedb5b9a91d62eeea25be90ba04252e0a757ed4bc76d3d9e536c2b168aba,,no callers in the C# tree as of efb0801 (D16): its project ExtLibs/GLControl/OpenTK.GLControl.csproj is in no build (neither MissionPlanner.sln nor MissionPlannerLib.sln reaches it); declares Sdl2GLControl
ExtLibs/GLControl/WinGLControl.cs,100,OpenTK,ExtLibs/GLControl/OpenTK.GLControl.csproj,T0,delete,,,S,,,,,dropped,,,,d8e65e154f6971086485b779b924207819dc9b01da2bbe21c6dd727d0a3ddc94,,no callers in the C# tree as of efb0801 (D16): its project ExtLibs/GLControl/OpenTK.GLControl.csproj is in no build (neither MissionPlanner.sln nor MissionPlannerLib.sln reaches it); declares WinGLControl
ExtLibs/GLControl/X11GLControl.cs,142,OpenTK,ExtLibs/GLControl/OpenTK.GLControl.csproj,T0,delete,,,S,,,,,dropped,,,,6e8462bc28f0eb7b3bb82c69748b94da1ed4e0cb2d9225b6854461f8c73a0733,,no callers in the C# tree as of efb0801 (D16): its project ExtLibs/GLControl/OpenTK.GLControl.csproj is in no build (neither MissionPlanner.sln nor MissionPlannerLib.sln reaches it); declares X11GLControl
ExtLibs/GMap.NET.Core/GMap.NET.CacheProviders/MSSQLCEPureImageCache.cs,255,GMap.NET.CacheProviders,ExtLibs/GMap.NET.Core/GMap.NET.Core.csproj,T0,delete,,,M,,,,,dropped,,,,f5e135c9e7622445dfb9b6f68f7d8e88c8570e0175f77d6b2d5765997e149e67,,"no callers in the C# tree as of efb0801 (D16): compiled by no project (ExtLibs/GMap.NET.Core/GMap.NET.Core.csproj has Compile Remove=""GMap.NET.CacheProviders\MSSQLCEPureImageCache.cs""); declares MsSQLCePureImageCache"
ExtLibs/GMap.NET.Core/GMap.NET.CacheProviders/MSSQLPureImageCache.cs,255,GMap.NET.CacheProviders,ExtLibs/GMap.NET.Core/GMap.NET.Core.csproj,T0,delete,,,M,,,,,dropped,,,,9e3f979ffe682cddc97fc5016d50072e236041976ca842173893ff67df4b261c,,"no callers in the C# tree as of efb0801 (D16): compiled by no project (ExtLibs/GMap.NET.Core/GMap.NET.Core.csproj has Compile Remove=""GMap.NET.CacheProviders\MSSQLPureImageCache.cs""); declares MsSQLPureImageCache"
ExtLibs/GMap.NET.Core/GMap.NET.CacheProviders/MemoryCache.cs,168,GMap.NET.CacheProviders,ExtLibs/GMap.NET.Core/GMap.NET.Core.csproj,T0,delete,,,S,,,,,ready,,,,3a9ade6174ba44da68a02987ba160c07b26c9cefac01acb30344f91d470244bc,,
ExtLibs/GMap.NET.Core/GMap.NET.CacheProviders/MySQLPureImageCache.cs,260,GMap.NET.CacheProviders,ExtLibs/GMap.NET.Core/GMap.NET.Core.csproj,T0,delete,,,M,,,,,dropped,,,,59ad3e0e13f883fec86497ce9973a21e1ebd909edafef95efb9c733fbb824c2f,,"no callers in the C# tree as of efb0801 (D16): compiled by no project (ExtLibs/GMap.NET.Core/GMap.NET.Core.csproj has Compile Remove=""GMap.NET.CacheProviders\MySQLPureImageCache.cs""); declares MySQLPureImageCache"
ExtLibs/GMap.NET.Core/GMap.NET.CacheProviders/PostgreSQLPureImageCache.cs,275,GMap.NET.CacheProviders,ExtLibs/GMap.NET.Core/GMap.NET.Core.csproj,T0,delete,,,M,,,,,dropped,,,,73c60c06d9fd2c937533c3562f5b308c813363bb6c312a14db48df40ba35262e,,"no callers in the C# tree as of efb0801 (D16): compiled by no project (ExtLibs/GMap.NET.Core/GMap.NET.Core.csproj has Compile Remove=""GMap.NET.CacheProviders\PostgreSQLPureImageCache.cs""); declares PostgreSQLPureImageCache"
ExtLibs/GMap.NET.Core/GMap.NET.CacheProviders/SQLitePureImageCache.cs,786,GMap.NET.CacheProviders,ExtLibs/GMap.NET.Core/GMap.NET.Core.csproj,T0,delete,,,L,,,,,ready,,,,dc071aedb4f7fefbd472b0650569f5397b1e6317ea5aaa6ac9261466d4fc9e21,,
ExtLibs/GMap.NET.Core/GMap.NET.Internals/Cache.cs,267,GMap.NET.Internals,ExtLibs/GMap.NET.Core/GMap.NET.Core.csproj,T0,delete,,,M,,,,,ready,,,,7e4e24fb0e64e0ca6472ea66082fc2788042d3dac3b6a50b9748795fcb15178f,,
ExtLibs/GMap.NET.Core/GMap.NET.Internals/CacheQueueItem.cs,40,GMap.NET.Internals,ExtLibs/GMap.NET.Core/GMap.NET.Core.csproj,T0,delete,,,S,,,,,ready,,,,97d25e3d5c2d0413cb0393c24ba0ba974c6caf301aad0b3a783f4e504145d054,,
ExtLibs/GMap.NET.Core/GMap.NET.Internals/Core.cs,1329,GMap.NET.Internals,ExtLibs/GMap.NET.Core/GMap.NET.Core.csproj,T0,delete,,,L,,,,,ready,,,,2fc1764f0881cbcfc95d54f2cad8c049f1683ffd1ff02682b8d94f051b1f53fa,,
ExtLibs/GMap.NET.Core/GMap.NET.Internals/DrawTile.cs,37,GMap.NET.Internals,ExtLibs/GMap.NET.Core/GMap.NET.Core.csproj,T0,delete,,,S,,,,,ready,,,,8435a45128a5c65dc6f2dc02381b5b825f91f3bc179995660fb3a82ab7cd2e66,,
ExtLibs/GMap.NET.Core/GMap.NET.Internals/FastReaderWriterLock.cs,194,GMap.NET.Internals,ExtLibs/GMap.NET.Core/GMap.NET.Core.csproj,T0,delete,,,S,,,,,ready,,,,8a04f8a9e666de3c5e69413cfa8a9a3d89eff630bf75ce6b8c9de2b40ed7a24c,,
ExtLibs/GMap.NET.Core/GMap.NET.Internals/FastResourceLock.cs,976,GMap.NET.Internals,ExtLibs/GMap.NET.Core/GMap.NET.Core.csproj,T0,delete,,,L,,,,,ready,,,,4f32c6a4048a4a37a0c4d2dfba00aca3f643b1119eb334ffc72c8e9fe8f535b6,,
ExtLibs/GMap.NET.Core/GMap.NET.Internals/KiberTileCache.cs,91,GMap.NET.Internals,ExtLibs/GMap.NET.Core/GMap.NET.Core.csproj,T0,delete,,,S,,,,,ready,,,,2df5e8e90d77c65f26ff368fdee7cd460b8ea8557e3cd6cbbf0bb72cbcaa67ac,,
ExtLibs/GMap.NET.Core/GMap.NET.Internals/LoadTask.cs,47,GMap.NET.Internals,ExtLibs/GMap.NET.Core/GMap.NET.Core.csproj,T0,delete,,,S,,,,,ready,,,,f7c94d10a1a3a392c3e9c227b547eec59c47fd2bb1b606669b1e43ef82784211,,
ExtLibs/GMap.NET.Core/GMap.NET.Internals/PureImage.cs,52,GMap.NET,ExtLibs/GMap.NET.Core/GMap.NET.Core.csproj,T0,delete,,,S,,,,,ready,,,,da686b685c25e8a9edc95962feae0aaeee2e7105c0e47f581ce55efd51791a76,,
ExtLibs/GMap.NET.Core/GMap.NET.Internals/RawTile.cs,42,GMap.NET.Internals,ExtLibs/GMap.NET.Core/GMap.NET.Core.csproj,T0,delete,,,S,,,,,ready,,,,68719c6f97f54fa539883118c15d0ee9136a4b816c94b35ce066fe7f732d8ce0,,
ExtLibs/GMap.NET.Core/GMap.NET.Internals/SocksProxySocket/AuthMethod.cs,112,Org.Mentalis.Network.ProxySocket.Authentication,ExtLibs/GMap.NET.Core/GMap.NET.Core.csproj,T0,delete,,,S,,,,,ready,,,,d09929a2104244a931b2247fd331e7ae2f2652cd10ee22f132e0fcf30a455f22,,
ExtLibs/GMap.NET.Core/GMap.NET.Internals/SocksProxySocket/AuthNone.cs,59,Org.Mentalis.Network.ProxySocket.Authentication,ExtLibs/GMap.NET.Core/GMap.NET.Core.csproj,T0,delete,,,S,,,,,ready,,,,032637954f88ad9df54a66aff193ac2a218beb44cc877ab89a8702790f3eb9e2,,
ExtLibs/GMap.NET.Core/GMap.NET.Internals/SocksProxySocket/AuthUserPass.cs,156,Org.Mentalis.Network.ProxySocket.Authentication,ExtLibs/GMap.NET.Core/GMap.NET.Core.csproj,T0,delete,,,S,,,,,ready,,,,173d5b457bf0c84d9096c45f692bfa167c5c37021e9594313a95be15fda2fa16,,
ExtLibs/GMap.NET.Core/GMap.NET.Internals/SocksProxySocket/IAsyncProxyResult.cs,95,Org.Mentalis.Network.ProxySocket,ExtLibs/GMap.NET.Core/GMap.NET.Core.csproj,T0,delete,,,S,,,,,ready,,,,9f772276e1c125042a75fd4058b1b0e0559ba4b964d628411d09374991ffa5a5,,
ExtLibs/GMap.NET.Core/GMap.NET.Internals/SocksProxySocket/ProxyException.cs,81,Org.Mentalis.Network.ProxySocket,ExtLibs/GMap.NET.Core/GMap.NET.Core.csproj,T0,delete,,,S,,,,,ready,,,,1b9465c33c40bb397db0396406d50815409ef5b42b5d895c8916f5f149ce60ff,,
ExtLibs/GMap.NET.Core/GMap.NET.Internals/SocksProxySocket/ProxySocket.cs,466,Org.Mentalis.Network.ProxySocket,ExtLibs/GMap.NET.Core/GMap.NET.Core.csproj,T0,delete,,,M,,,,,ready,,,,0a0761c9e1a4afb6f09be17760382e2d426d056b621c7124125273b2a35433a1,,
ExtLibs/GMap.NET.Core/GMap.NET.Internals/SocksProxySocket/Socks4Handler.cs,234,Org.Mentalis.Network.ProxySocket,ExtLibs/GMap.NET.Core/GMap.NET.Core.csproj,T0,delete,,,M,,,,,ready,,,,df03d60ca2e876933dfd556517f12e4996b4bbb6396507190a681eec7af5e118,,
ExtLibs/GMap.NET.Core/GMap.NET.Internals/SocksProxySocket/Socks5Handler.cs,419,Org.Mentalis.Network.ProxySocket,ExtLibs/GMap.NET.Core/GMap.NET.Core.csproj,T0,delete,,,M,,,,,ready,,,,27af30117473f72dc821998b58edc70c21587bcae7711f09e1cbcfcfe3a1bbbe,,
ExtLibs/GMap.NET.Core/GMap.NET.Internals/SocksProxySocket/SocksHandler.cs,191,Org.Mentalis.Network.ProxySocket,ExtLibs/GMap.NET.Core/GMap.NET.Core.csproj,T0,delete,,,S,,,,,ready,,,,0e26ae4a8f3423aa63414814b1554798af76f58193cdcd5b58ccd345ff7c407c,,
ExtLibs/GMap.NET.Core/GMap.NET.Internals/SocksProxySocket/SocksHttpWebRequest.cs,413,GMap.NET.Internals,ExtLibs/GMap.NET.Core/GMap.NET.Core.csproj,T0,delete,,,M,,,,,ready,,,,f3061ad69cf841bb539e64232ce3106ece602040b27bec4a9f77928bbf193d77,,
ExtLibs/GMap.NET.Core/GMap.NET.Internals/Stuff.cs,214,GMap.NET.Internals,ExtLibs/GMap.NET.Core/GMap.NET.Core.csproj,T0,delete,,,M,,,,,ready,,,,0dc4872b95477e34101a141da3a9af1fa4b58fd85e913f2a19b4226870cefdfa,,
ExtLibs/GMap.NET.Core/GMap.NET.Internals/Tile.cs,147,GMap.NET.Internals,ExtLibs/GMap.NET.Core/GMap.NET.Core.csproj,T0,delete,,,S,,,,,ready,,,,4b0c6eaee1ba8ed14c5e84fe5b84335dc5ddbfa0bfd3b07eb83ff660e1b48cf4,,
ExtLibs/GMap.NET.Core/GMap.NET.Internals/TileHttpHost.cs,157,GMap.NET.Internals,ExtLibs/GMap.NET.Core/GMap.NET.Core.csproj,T0,delete,,,S,,,,,ready,,,,b4642d9db8691e9d76d27b07d5905b4c9722899a18b92154c7e106d878f99761,,
ExtLibs/GMap.NET.Core/GMap.NET.Internals/TileMatrix.cs,246,GMap.NET.Internals,ExtLibs/GMap.NET.Core/GMap.NET.Core.csproj,T0,delete,,,M,,,,,ready,,,,080e11692a12c2acb31b3018b0607cb68ccbf016690caf5edbd6a6f3ff1f4071,,
ExtLibs/GMap.NET.Core/GMap.NET.MapProviders/AMap/AMapProvider.cs,76,GMap.NET.MapProviders,ExtLibs/GMap.NET.Core/GMap.NET.Core.csproj,T0,delete,,,S,,,,,ready,,,,58ed3290ea97075d94fac0dbf294ebea590268c7bf9c2b115a59ae8da0e652c1,,
ExtLibs/GMap.NET.Core/GMap.NET.MapProviders/AMap/AMapSateliteProvider.cs,43,GMap.NET.MapProviders,ExtLibs/GMap.NET.Core/GMap.NET.Core.csproj,T0,delete,,,S,,,,,ready,,,,f0b9f950e141e958fc541d7007ecd209e822d1ee42e9ec7697c7a8d3fc94b28d,,
ExtLibs/GMap.NET.Core/GMap.NET.MapProviders/ArcGIS/ArcGIS_DarbAE_Q2_2011_NAVTQ_Eng_V5_MapProvider.cs,85,GMap.NET.MapProviders,ExtLibs/GMap.NET.Core/GMap.NET.Core.csproj,T0,delete,,,S,,,,,ready,,,,3158c8450d1f875a505bb66ebb673f6fc3e57fb7ce635c87c670ec3a3f1c5bba,,
ExtLibs/GMap.NET.Core/GMap.NET.MapProviders/ArcGIS/ArcGIS_Imagery_World_2D_MapProvider.cs,59,GMap.NET.MapProviders,ExtLibs/GMap.NET.Core/GMap.NET.Core.csproj,T0,delete,,,S,,,,,ready,,,,7901919c0d278916f267e51f321795b702375c4d71603c5e322e9ce2068dc48a,,
ExtLibs/GMap.NET.Core/GMap.NET.MapProviders/ArcGIS/ArcGIS_ShadedRelief_World_2D_MapProvider.cs,59,GMap.NET.MapProviders,ExtLibs/GMap.NET.Core/GMap.NET.Core.csproj,T0,delete,,,S,,,,,ready,,,,057368abd3ebb23356b59b2976bbaa7b1c54ee14eb7574297deef4272fcb0589,,
ExtLibs/GMap.NET.Core/GMap.NET.MapProviders/ArcGIS/ArcGIS_StreetMap_World_2D_MapProvider.cs,165,GMap.NET.MapProviders,ExtLibs/GMap.NET.Core/GMap.NET.Core.csproj,T0,delete,,,S,,,,,ready,,,,379c9cd2c02b04f82dc84c8e885a751a4f4b6b99c97a29d24a0699117093d001,,
ExtLibs/GMap.NET.Core/GMap.NET.MapProviders/ArcGIS/ArcGIS_Topo_US_2D_MapProvider.cs,59,GMap.NET.MapProviders,ExtLibs/GMap.NET.Core/GMap.NET.Core.csproj,T0,delete,,,S,,,,,ready,,,,63625056ce58939237ce962225202d5f7cc6a36f80c11ba8cdda8880436c3a05,,
ExtLibs/GMap.NET.Core/GMap.NET.MapProviders/ArcGIS/ArcGIS_World_Physical_MapProvider.cs,59,GMap.NET.MapProviders,ExtLibs/GMap.NET.Core/GMap.NET.Core.csproj,T0,delete,,,S,,,,,ready,,,,15b073e40ff2a4c5e1f4924e7740bce850e17212d647d756610c05722e4073c2,,
ExtLibs/GMap.NET.Core/GMap.NET.MapProviders/ArcGIS/ArcGIS_World_Shaded_Relief_MapProvider.cs,59,GMap.NET.MapProviders,ExtLibs/GMap.NET.Core/GMap.NET.Core.csproj,T0,delete,,,S,,,,,ready,,,,dfa5d3b30d894d8952194b71645a6aaa30aa37a79c43feed7b13cb6ad031fc46,,
ExtLibs/GMap.NET.Core/GMap.NET.MapProviders/ArcGIS/ArcGIS_World_Street_MapProvider.cs,59,GMap.NET.MapProviders,ExtLibs/GMap.NET.Core/GMap.NET.Core.csproj,T0,delete,,,S,,,,,ready,,,,14059269a395de68b014edff833424eefd03b3a14c16f2e186baddf0300b310f,,
ExtLibs/GMap.NET.Core/GMap.NET.MapProviders/ArcGIS/ArcGIS_World_Terrain_Base_MapProvider.cs,59,GMap.NET.MapProviders,ExtLibs/GMap.NET.Core/GMap.NET.Core.csproj,T0,delete,,,S,,,,,ready,,,,bb8c25037b9d0a72b6d7b387b6a1b041dfc5787df886d0107b93c33f0262c317,,
ExtLibs/GMap.NET.Core/GMap.NET.MapProviders/ArcGIS/ArcGIS_World_Topo_MapProvider.cs,59,GMap.NET.MapProviders,ExtLibs/GMap.NET.Core/GMap.NET.Core.csproj,T0,delete,,,S,,,,,ready,,,,827e7b7d6e4e29f5ea56556cf92f703ec48d5824bffb9d29af8ada6573b46da5,,
ExtLibs/GMap.NET.Core/GMap.NET.MapProviders/Bing/BingHybridMapProvider.cs,61,GMap.NET.MapProviders,ExtLibs/GMap.NET.Core/GMap.NET.Core.csproj,T0,delete,,,S,,,,,ready,,,,be375cb67b0d44522deee7199975aa9079f5a2b711fab8285b8cd41006bee560,,
ExtLibs/GMap.NET.Core/GMap.NET.MapProviders/Bing/BingMapProvider.cs,630,GMap.NET.MapProviders,ExtLibs/GMap.NET.Core/GMap.NET.Core.csproj,T0,delete,mp-tiles,,L,behaviour-equivalent,,oracle,,tested,,,crates/mp-tiles/src/source.rs;crates/mp-tiles/src/gmap.rs;crates/mp-tiles/src/versions.rs;crates/mp-tiles/tests/providers.rs;crates/mp-tiles/tests/fixtures/gmap-oracle.tsv,a6b6dd8ce493e055481c60d48c6f2a1d35a6eb8d18f842dbaa3dcd578bbb55f3,"the providers not ported (hybrids, China, Korea, keyed); the Bing session key","quadkey URL, tilegeneration version check; no session key"
ExtLibs/GMap.NET.Core/GMap.NET.MapProviders/Bing/BingSatelliteMapProvider.cs,61,GMap.NET.MapProviders,ExtLibs/GMap.NET.Core/GMap.NET.Core.csproj,T0,delete,,,S,,,,,ready,,,,428db9536206a914810b5a213540e5d6121049b43d164ae7ba6df428cee444e0,,
ExtLibs/GMap.NET.Core/GMap.NET.MapProviders/Czech/CzechGeographicMapProvider.cs,51,GMap.NET.MapProviders,ExtLibs/GMap.NET.Core/GMap.NET.Core.csproj,T0,delete,,,S,,,,,ready,,,,639ed848ae73d18bd76ecec515ccd9828865a083b3b77abba66395c53735cd43,,
ExtLibs/GMap.NET.Core/GMap.NET.MapProviders/Czech/CzechHistoryMapProvider.cs,67,GMap.NET.MapProviders,ExtLibs/GMap.NET.Core/GMap.NET.Core.csproj,T0,delete,,,S,,,,,ready,,,,dacbe1cb2ee37501caec84c9cedbf5e82fdbdd792fcacb622b2eab385808c908,,
ExtLibs/GMap.NET.Core/GMap.NET.MapProviders/Czech/CzechHybridMapProvider.cs,67,GMap.NET.MapProviders,ExtLibs/GMap.NET.Core/GMap.NET.Core.csproj,T0,delete,,,S,,,,,ready,,,,dde264b1aaf960a723ec0f09d199e82cef5895ea21aab570116be9b57a03a4ea,,
ExtLibs/GMap.NET.Core/GMap.NET.MapProviders/Czech/CzechMapProvider.cs,111,GMap.NET.MapProviders,ExtLibs/GMap.NET.Core/GMap.NET.Core.csproj,T0,delete,,,S,,,,,ready,,,,8d1305df6b77958fd0b8fdb6ef81d6656d49c8c72d613f755de87a092d2a6504,,
ExtLibs/GMap.NET.Core/GMap.NET.MapProviders/Czech/CzechSatelliteMapProvider.cs,52,GMap.NET.MapProviders,ExtLibs/GMap.NET.Core/GMap.NET.Core.csproj,T0,delete,,,S,,,,,ready,,,,26a9e945c188ec29cb9dbfc3d30ad3315133e33d8c5098ab7befa95901aad312,,
ExtLibs/GMap.NET.Core/GMap.NET.MapProviders/Czech/CzechTuristMapProvider.cs,51,GMap.NET.MapProviders,ExtLibs/GMap.NET.Core/GMap.NET.Core.csproj,T0,delete,,,S,,,,,ready,,,,5c75283b5a398cfd0e952f55a7227c1032bd95562c2d76a3c454f0691fea795e,,
ExtLibs/GMap.NET.Core/GMap.NET.MapProviders/Czech/CzechTuristWinterMapProvider.cs,51,GMap.NET.MapProviders,ExtLibs/GMap.NET.Core/GMap.NET.Core.csproj,T0,delete,,,S,,,,,ready,,,,5ad9e37833edb185dbb3725a3b0fc456aa24e433a39af2ec6f1e251800d973df,,
ExtLibs/GMap.NET.Core/GMap.NET.MapProviders/Etc/CloudMadeMapProvider.cs,560,GMap.NET.MapProviders,ExtLibs/GMap.NET.Core/GMap.NET.Core.csproj,T0,delete,,,M,,,,,ready,,,,a10e69a7ffbb71ae850b815050f24f245b4aea53810e6359609bf9826eeec0d3,,
ExtLibs/GMap.NET.Core/GMap.NET.MapProviders/Etc/LatviaMapProvider.cs,116,GMap.NET.MapProviders,ExtLibs/GMap.NET.Core/GMap.NET.Core.csproj,T0,delete,,,S,,,,,ready,,,,3114e0c175832556ab0cd522ef2653179ec5eee9b98191a3b2b4465fb754b111,,
ExtLibs/GMap.NET.Core/GMap.NET.MapProviders/Etc/MapBenderWMSProvider.cs,91,GMap.NET.MapProviders,ExtLibs/GMap.NET.Core/GMap.NET.Core.csproj,T0,delete,,,S,,,,,ready,,,,22476c5a60bb78490ef21ffdc760536016389127743a70f52cd6daf7acb10294,,
ExtLibs/GMap.NET.Core/GMap.NET.MapProviders/Etc/SpainMapProvider.cs,104,GMap.NET.MapProviders,ExtLibs/GMap.NET.Core/GMap.NET.Core.csproj,T0,delete,,,S,,,,,ready,,,,f6990e067c36e18a726f0178b3a40d79fb6cd03f90b02b672376ed4ea0132895,,
ExtLibs/GMap.NET.Core/GMap.NET.MapProviders/Etc/TurkeyMapProvider.cs,98,GMap.NET.MapProviders,ExtLibs/GMap.NET.Core/GMap.NET.Core.csproj,T0,delete,,,S,,,,,ready,,,,869651d5ca4af9773b1c658fd55a148a6960b03f6cc9964dc98124b9fb9371b5,,
ExtLibs/GMap.NET.Core/GMap.NET.MapProviders/Etc/WikiMapiaMapProvider.cs,127,GMap.NET.MapProviders,ExtLibs/GMap.NET.Core/GMap.NET.Core.csproj,T0,delete,,,S,,,,,ready,,,,4c42480d0b6dfb89308ef2da212c987c2806fae49eb11b6f02387a5185c9778b,,
ExtLibs/GMap.NET.Core/GMap.NET.MapProviders/GMapProvider.cs,576,GMap.NET.MapProviders,ExtLibs/GMap.NET.Core/GMap.NET.Core.csproj,T0,hand-port,mp-tiles,,M,behaviour-equivalent,,oracle,,ported,,,crates/mp-tiles/src/source.rs;crates/mp-tiles/tests/providers.rs;crates/mp-tiles/tests/fixtures/gmap-oracle.tsv,aa29951dda6860d2caf3e6a1972916489350810284a5c839abe0184831dcc47e,60 of the 66 providers in GMapProviders.List; the provider base class itself is the TileSource trait,the list order and names checked against the shipped GMap.NET.Core.dll under mono
ExtLibs/GMap.NET.Core/GMap.NET.MapProviders/Google/China/GoogleChinaHybridMapProvider.cs,89,GMap.NET.MapProviders,ExtLibs/GMap.NET.Core/GMap.NET.Core.csproj,T0,delete,,,S,,,,,ready,,,,eaf77283a4068905e641868c5b82207d68df6a8e46f14d0eb5b621ff894c23f0,,
ExtLibs/GMap.NET.Core/GMap.NET.MapProviders/Google/China/GoogleChinaMapProvider.cs,76,GMap.NET.MapProviders,ExtLibs/GMap.NET.Core/GMap.NET.Core.csproj,T0,delete,,,S,,,,,ready,,,,86973363449772018c108d8bb183068a95e07cd6bf5c0a59dacba5b6da7bdff4,,
ExtLibs/GMap.NET.Core/GMap.NET.MapProviders/Google/China/GoogleChinaSatelliteMapProvider.cs,75,GMap.NET.MapProviders,ExtLibs/GMap.NET.Core/GMap.NET.Core.csproj,T0,delete,,,S,,,,,ready,,,,d1b15eb1a1b878833d379764f777d88eb0ca8ee2bf2693fd706cf4a6d6ce47b2,,
ExtLibs/GMap.NET.Core/GMap.NET.MapProviders/Google/China/GoogleChinaTerrainMapProvider.cs,76,GMap.NET.MapProviders,ExtLibs/GMap.NET.Core/GMap.NET.Core.csproj,T0,delete,,,S,,,,,ready,,,,cc6aa13c082f51e71c5261ef1645a2b32c8b47f13628c6a671f551bade31ac2b,,
ExtLibs/GMap.NET.Core/GMap.NET.MapProviders/Google/GoogleHybridMapProvider.cs,78,GMap.NET.MapProviders,ExtLibs/GMap.NET.Core/GMap.NET.Core.csproj,T0,delete,,,S,,,,,ready,,,,dae41a571c9b44209087d3594e89f60c8fa7162f725009c2e79f44b226d9a34b,,
ExtLibs/GMap.NET.Core/GMap.NET.MapProviders/Google/GoogleMapProvider.cs,2140,GMap.NET.MapProviders,ExtLibs/GMap.NET.Core/GMap.NET.Core.csproj,T0,delete,mp-tiles,,XL,behaviour-equivalent,,oracle,,tested,,,crates/mp-tiles/src/source.rs;crates/mp-tiles/src/gmap.rs;crates/mp-tiles/src/versions.rs;crates/mp-tiles/tests/providers.rs;crates/mp-tiles/tests/fixtures/gmap-oracle.tsv,150450b8bdc71f8cd7dcfb290d568eae03f9e9daa231dbedad5185a3061d0006,"GoogleChina/Korea, the hybrid overlay, GoogleMapProvider key handling","URL scheme, server number, Galileo secret, TryCorrectVersion, the decrypted host"
ExtLibs/GMap.NET.Core/GMap.NET.MapProviders/Google/GoogleSatelliteMapProvider.cs,65,GMap.NET.MapProviders,ExtLibs/GMap.NET.Core/GMap.NET.Core.csproj,T0,delete,,,S,,,,,ready,,,,cf266b7adb88b1599a4d3563246714a1dc3431e0e20bd76ba395bc36672c84f5,,
ExtLibs/GMap.NET.Core/GMap.NET.MapProviders/Google/GoogleTerrainMapProvider.cs,65,GMap.NET.MapProviders,ExtLibs/GMap.NET.Core/GMap.NET.Core.csproj,T0,delete,,,S,,,,,ready,,,,3275c0ec31e67a5c9f27cad793840d2adf7a5fbb43ccbe8243b991f9bd37ba19,,
ExtLibs/GMap.NET.Core/GMap.NET.MapProviders/Google/Korea/GoogleKoreaHybridMapProvider.cs,78,GMap.NET.MapProviders,ExtLibs/GMap.NET.Core/GMap.NET.Core.csproj,T0,delete,,,S,,,,,ready,,,,a609f4ca044066a326b3c83cd0abd8db326784e9ad7264d6f4cdec980d120564,,
ExtLibs/GMap.NET.Core/GMap.NET.MapProviders/Google/Korea/GoogleKoreaMapProvider.cs,66,GMap.NET.MapProviders,ExtLibs/GMap.NET.Core/GMap.NET.Core.csproj,T0,delete,,,S,,,,,ready,,,,6f51682a72673745e063730c4b1469a0e9f376c22783d12edc870d8bddc77027,,
ExtLibs/GMap.NET.Core/GMap.NET.MapProviders/Google/Korea/GoogleKoreaSatelliteMapProvider.cs,65,GMap.NET.MapProviders,ExtLibs/GMap.NET.Core/GMap.NET.Core.csproj,T0,delete,,,S,,,,,ready,,,,56e9a4c1391e1645f8e8e86632e6ebc75c87e6471887c41233eeb3c8f6bb252b,,
ExtLibs/GMap.NET.Core/GMap.NET.MapProviders/Lithuania/Lithuania3dMapProvider.cs,64,GMap.NET.MapProviders,ExtLibs/GMap.NET.Core/GMap.NET.Core.csproj,T0,delete,,,S,,,,,ready,,,,171a5f2a79e4be97e329154423b66ca86697edf63bedc697a3a433ac8b8c0a41,,
ExtLibs/GMap.NET.Core/GMap.NET.MapProviders/Lithuania/LithuaniaHybridMapProvider.cs,74,GMap.NET.MapProviders,ExtLibs/GMap.NET.Core/GMap.NET.Core.csproj,T0,delete,,,S,,,,,ready,,,,dd6909b52c3ec6ad90de26b00f32c86f56c122b7385ce37e80b20e1190e225f9,,
ExtLibs/GMap.NET.Core/GMap.NET.MapProviders/Lithuania/LithuaniaHybridOldMapProvider.cs,56,GMap.NET.MapProviders,ExtLibs/GMap.NET.Core/GMap.NET.Core.csproj,T0,delete,,,S,,,,,ready,,,,8c9d5e7f3c1b4b08846d77edd5cfe50e66c02339406501d8e7473c40a6af50d9,,
ExtLibs/GMap.NET.Core/GMap.NET.MapProviders/Lithuania/LithuaniaMapProvider.cs,122,GMap.NET.MapProviders,ExtLibs/GMap.NET.Core/GMap.NET.Core.csproj,T0,delete,,,S,,,,,ready,,,,ad0b138429d5ab2951a8aaf6bac0bec6ac334bbbdad870844033161f8b113044,,
ExtLibs/GMap.NET.Core/GMap.NET.MapProviders/Lithuania/LithuaniaOrtoFotoMapProvider.cs,65,GMap.NET.MapProviders,ExtLibs/GMap.NET.Core/GMap.NET.Core.csproj,T0,delete,,,S,,,,,ready,,,,751058f1465d5bc039b3f879bc2875c6f9def65dae339d90da84a0898ae9292b,,
ExtLibs/GMap.NET.Core/GMap.NET.MapProviders/Lithuania/LithuaniaOrtoFotoOldMapProvider.cs,57,GMap.NET.MapProviders,ExtLibs/GMap.NET.Core/GMap.NET.Core.csproj,T0,delete,,,S,,,,,ready,,,,e84a24da8705b6f035e9b22f622877b8fce0844c72505f8d6632ff60eb7102b0,,
ExtLibs/GMap.NET.Core/GMap.NET.MapProviders/Lithuania/LithuaniaTOP50.cs,66,GMap.NET.MapProviders,ExtLibs/GMap.NET.Core/GMap.NET.Core.csproj,T0,delete,,,S,,,,,ready,,,,c2cb95ed361ff2048e1da7b134efa3944c36f62e1e449b088441e39bbb709b6e,,
ExtLibs/GMap.NET.Core/GMap.NET.MapProviders/NearMap/NearHybridMapProvider.cs,73,GMap.NET.MapProviders,ExtLibs/GMap.NET.Core/GMap.NET.Core.csproj,T0,delete,,,S,,,,,ready,,,,fcf282e9bfe53ec67865669afb656ee5ef5bc2758da4fce7ee29950afcc5209a,,
ExtLibs/GMap.NET.Core/GMap.NET.MapProviders/NearMap/NearMapProvider.cs,169,GMap.NET.MapProviders,ExtLibs/GMap.NET.Core/GMap.NET.Core.csproj,T0,delete,,,S,,,,,ready,,,,38783f3e7029c390efd8ccc4bccaf8971bd00e25ce7049c1616d468056c790f8,,
ExtLibs/GMap.NET.Core/GMap.NET.MapProviders/NearMap/NearSatelliteMapProvider.cs,62,GMap.NET.MapProviders,ExtLibs/GMap.NET.Core/GMap.NET.Core.csproj,T0,delete,,,S,,,,,ready,,,,54d0c445fcc40097f33409233425f1733054deba16751289302b7c9617b0a35f,,
ExtLibs/GMap.NET.Core/GMap.NET.MapProviders/OpenStreetMap/OpenCycleLandscapeMapProvider.cs,74,GMap.NET.MapProviders,ExtLibs/GMap.NET.Core/GMap.NET.Core.csproj,T0,delete,,,S,,,,,ready,,,,16175d57c0ddaef6ac41ac90a4ec0927e1ddb2eecab041295c2009c859156950,,
ExtLibs/GMap.NET.Core/GMap.NET.MapProviders/OpenStreetMap/OpenCycleMapProvider.cs,73,GMap.NET.MapProviders,ExtLibs/GMap.NET.Core/GMap.NET.Core.csproj,T0,delete,,,S,,,,,ready,,,,d258a3b82250061c52d9226fa3fff009adac5a76b43359ed858bc94e7c11a072,,
ExtLibs/GMap.NET.Core/GMap.NET.MapProviders/OpenStreetMap/OpenCycleTransportMapProvider.cs,73,GMap.NET.MapProviders,ExtLibs/GMap.NET.Core/GMap.NET.Core.csproj,T0,delete,,,S,,,,,ready,,,,0f79908b75d121e066009bf3e32e986ae4e4d9789b8dfe1a8ce266311031d92f,,
ExtLibs/GMap.NET.Core/GMap.NET.MapProviders/OpenStreetMap/OpenSeaMapHybridProvider.cs,72,GMap.NET.MapProviders,ExtLibs/GMap.NET.Core/GMap.NET.Core.csproj,T0,delete,,,S,,,,,ready,,,,581b4e065ab978d749add30f31231cb42b62bb731cf6fc8d5dfe915b727d4f84,,
ExtLibs/GMap.NET.Core/GMap.NET.MapProviders/OpenStreetMap/OpenStreet4UMapProvider.cs,79,GMap.NET.MapProviders,ExtLibs/GMap.NET.Core/GMap.NET.Core.csproj,T0,delete,,,S,,,,,ready,,,,2c6c0e2c0cb58449b75b79070cb96ccf3e3d98fadc40d84a5224064f7f8b7d5f,,
ExtLibs/GMap.NET.Core/GMap.NET.MapProviders/OpenStreetMap/OpenStreetMapProvider.cs,549,GMap.NET.MapProviders,ExtLibs/GMap.NET.Core/GMap.NET.Core.csproj,T0,delete,,,M,,,,,ready,,,,5c8392ccc1a4cce0eaa5164a7bdfe544a4a8dbc13c38d9a14b2be656d29c8c8d,,
ExtLibs/GMap.NET.Core/GMap.NET.MapProviders/OpenStreetMap/OpenStreetMapQuestHybridProvider.cs,72,GMap.NET.MapProviders,ExtLibs/GMap.NET.Core/GMap.NET.Core.csproj,T0,delete,,,S,,,,,ready,,,,52a2129ad9f84d7e92772a0877be248cdc50762a4982ea86982975d47c7074eb,,
ExtLibs/GMap.NET.Core/GMap.NET.MapProviders/OpenStreetMap/OpenStreetMapQuestProvider.cs,72,GMap.NET.MapProviders,ExtLibs/GMap.NET.Core/GMap.NET.Core.csproj,T0,delete,,,S,,,,,ready,,,,1d06c0d4498422726c30abd5e5f2fb6f49954c736f50f165d5007090dd3ab51a,,
ExtLibs/GMap.NET.Core/GMap.NET.MapProviders/OpenStreetMap/OpenStreetMapQuestSatteliteProvider.cs,72,GMap.NET.MapProviders,ExtLibs/GMap.NET.Core/GMap.NET.Core.csproj,T0,delete,,,S,,,,,ready,,,,9686f2cf237b1501a13ec0c324682c0af75b515c5904d542a63ed37cb0750a7f,,
ExtLibs/GMap.NET.Core/GMap.NET.MapProviders/OpenStreetMap/OpenStreetMapSurferProvider.cs,78,GMap.NET.MapProviders,ExtLibs/GMap.NET.Core/GMap.NET.Core.csproj,T0,delete,,,S,,,,,ready,,,,0b944fa609806a264d67fb76e329fe77b6be2f4c0cfae4dfb4913f8c61515e9b,,
ExtLibs/GMap.NET.Core/GMap.NET.MapProviders/OpenStreetMap/OpenStreetMapSurferTerrainProvider.cs,74,GMap.NET.MapProviders,ExtLibs/GMap.NET.Core/GMap.NET.Core.csproj,T0,delete,,,S,,,,,ready,,,,0f7374843c03d3d6dd728cc90069f33ffc5d20f9e5e333aa4db4eba785892995,,
ExtLibs/GMap.NET.Core/GMap.NET.MapProviders/OpenStreetMap/OpenStreetOsmProvider.cs,80,GMap.NET.MapProviders,ExtLibs/GMap.NET.Core/GMap.NET.Core.csproj,T0,delete,,,S,,,,,ready,,,,1390e3234274d7fd7236ca1aa8e930e7c190405f8790b52467ec353a4ce0d967,,
ExtLibs/GMap.NET.Core/GMap.NET.MapProviders/Ovi/OviHybridMapProvider.cs,59,GMap.NET.MapProviders,ExtLibs/GMap.NET.Core/GMap.NET.Core.csproj,T0,delete,,,S,,,,,ready,,,,c7a1c3aa11db35b83c23f524cf18d6cf80c5a2cddc4205fb6d222c3c9f304c9e,,
ExtLibs/GMap.NET.Core/GMap.NET.MapProviders/Ovi/OviMapProvider.cs,116,GMap.NET.MapProviders,ExtLibs/GMap.NET.Core/GMap.NET.Core.csproj,T0,delete,,,S,,,,,ready,,,,7283bfec95283016321774d382b5f3869d1c0f5e5206546d120bc0e257f888a6,,
ExtLibs/GMap.NET.Core/GMap.NET.MapProviders/Ovi/OviSatelliteMapProvider.cs,59,GMap.NET.MapProviders,ExtLibs/GMap.NET.Core/GMap.NET.Core.csproj,T0,delete,,,S,,,,,ready,,,,94678e9e353bc9d2fd2776702e8b34c5eb363524726051cebf0319eadb97fe20,,
ExtLibs/GMap.NET.Core/GMap.NET.MapProviders/Ovi/OviTerrainMapProvider.cs,59,GMap.NET.MapProviders,ExtLibs/GMap.NET.Core/GMap.NET.Core.csproj,T0,delete,,,S,,,,,ready,,,,bc218ad9c39354e43f17eb71b2f3b1d531bfbf0bcd53755cc3b31efce92b2c55,,
ExtLibs/GMap.NET.Core/GMap.NET.MapProviders/Yandex/YandexHybridMapProvider.cs,71,GMap.NET.MapProviders,ExtLibs/GMap.NET.Core/GMap.NET.Core.csproj,T0,delete,,,S,,,,,ready,,,,d1aaa073b72e666ade562a64305b38f2babfa2bd59d119791a6e411a963db249,,
ExtLibs/GMap.NET.Core/GMap.NET.MapProviders/Yandex/YandexMapProvider.cs,114,GMap.NET.MapProviders,ExtLibs/GMap.NET.Core/GMap.NET.Core.csproj,T0,delete,,,S,,,,,ready,,,,f40bd24ebf93dbfa9a5528516c33360552d29db916d8bb2439f0be8813be079a,,
ExtLibs/GMap.NET.Core/GMap.NET.MapProviders/Yandex/YandexSatelliteMapProvider.cs,60,GMap.NET.MapProviders,ExtLibs/GMap.NET.Core/GMap.NET.Core.csproj,T0,delete,,,S,,,,,ready,,,,0f92ed723490e9c82217df250d5b689247434e9de8d984e9b0341c03cfce1043,,
ExtLibs/GMap.NET.Core/GMap.NET.ObjectModel/ObservableCollection.cs,544,GMap.NET.ObjectModel,ExtLibs/GMap.NET.Core/GMap.NET.Core.csproj,T0,delete,,,M,,,,,ready,,,,0ffe6333be672570d7fa95feedd54fafb04838a6b276bd6392a9660013c52870,,
ExtLibs/GMap.NET.Core/GMap.NET.ObjectModel/ObservableCollectionThreadSafe.cs,47,GMap.NET.ObjectModel,ExtLibs/GMap.NET.Core/GMap.NET.Core.csproj,T0,delete,,,S,,,,,ready,,,,f6665ba8d5441eccbc0b1b96afda432f1a356254db17668be4e5dbfe058141c8,,
ExtLibs/GMap.NET.Core/GMap.NET.Projections/EPSG3995Projection.cs,179,GMap.NET.Projections,ExtLibs/GMap.NET.Core/GMap.NET.Core.csproj,T0,delete,,,S,,,,,ready,,,,8751533cf5379e9b4ad45b4e0102f0b9fe9edba6a09abce6f303e37eb38c9770,,
ExtLibs/GMap.NET.Core/GMap.NET.Projections/EPSG5936Projection.cs,182,GMap.NET.Projections,ExtLibs/GMap.NET.Core/GMap.NET.Core.csproj,T0,delete,,,S,,,,,ready,,,,2b7e3ced0d4ad2f013f47fafb44f084bcd99d8a357a694fe00b7a006eea8439f,,
ExtLibs/GMap.NET.Core/GMap.NET.Projections/MapsLTProjection.cs,748,GMap.NET.Projections,ExtLibs/GMap.NET.Core/GMap.NET.Core.csproj,T0,delete,,,L,,,,,ready,,,,64e3bf0e32fa920b75e339836494415ed5f6506ca5fff29536c30ec464eed6d9,,
ExtLibs/GMap.NET.Core/GMap.NET.Projections/MapsLVProjection.cs,727,GMap.NET.Projections,ExtLibs/GMap.NET.Core/GMap.NET.Core.csproj,T0,delete,,,L,,,,,ready,,,,5e1b0341b0f26cc60e272e9dda0b1de3dc2fa15df101dca433d8690e9b001465,,
ExtLibs/GMap.NET.Core/GMap.NET.Projections/MapyCZProjection.cs,259,GMap.NET.Projections,ExtLibs/GMap.NET.Core/GMap.NET.Core.csproj,T0,delete,,,M,,,,,ready,,,,723977c51fe2ffd3672aa2de334c595a4dd30c6a0bf2778cba1214841234e728,,
ExtLibs/GMap.NET.Core/GMap.NET.Projections/MercatorProjection.cs,101,GMap.NET.Projections,ExtLibs/GMap.NET.Core/GMap.NET.Core.csproj,T0,hand-port,mp-units,,S,bit-exact,,oracle,,tested,,,crates/mp-units/src/geodesy.rs;crates/mp-units/tests/projection.rs;testdata/projection,8600d9be70fb0da3ab47859f173b8e40438b7b44ca95b605d4d9801b0e67f16c,,FromLatLngToPixel/FromPixelToLatLng identical over 676 points at zooms 1-30; tools/csharp-reference/MpProjection.cs
ExtLibs/GMap.NET.Core/GMap.NET.Projections/MercatorProjectionGCJ.cs,148,GMap.NET.Projections,ExtLibs/GMap.NET.Core/GMap.NET.Core.csproj,T0,delete,,,S,,,,,ready,,,,3d8fb375c9694f61a93f15b3521f7233ead3b0233fa31dd9f0a0cd9020b77b9d,,
ExtLibs/GMap.NET.Core/GMap.NET.Projections/MercatorProjectionYandex.cs,113,GMap.NET.Projections,ExtLibs/GMap.NET.Core/GMap.NET.Core.csproj,T0,delete,,,S,,,,,ready,,,,c572b26de062de2bdcdd31f6930e9532b9513f200126ae06ac83cf9de58772ff,,
ExtLibs/GMap.NET.Core/GMap.NET.Projections/NoProjection.cs,64,GMap.NET.Core.GMap.NET.Projections,ExtLibs/GMap.NET.Core/GMap.NET.Core.csproj,T0,delete,,,S,,,,,ready,,,,447d8ed64e665711231091e6ff88f9680b802b5d8bbd27c45c768cca859a68df,,
ExtLibs/GMap.NET.Core/GMap.NET.Projections/PlateCarreeProjection.cs,98,GMap.NET.Projections,ExtLibs/GMap.NET.Core/GMap.NET.Core.csproj,T0,delete,,,S,,,,,ready,,,,6a33c563f5d6cc0ceceee4e02f7ba9d30b7ca29ae17c60f9e5b4f93f25c75003,,
ExtLibs/GMap.NET.Core/GMap.NET.Projections/PlateCarreeProjectionDarbAe.cs,230,GMap.NET.Projections,ExtLibs/GMap.NET.Core/GMap.NET.Core.csproj,T0,delete,,,M,,,,,ready,,,,d46202dba7b0ceed6a1d0c2860509adc21cc16c78520ca20dba0b673ac1cd00f,,
ExtLibs/GMap.NET.Core/GMap.NET.Projections/PlateCarreeProjectionPergo.cs,100,GMap.NET.Projections,ExtLibs/GMap.NET.Core/GMap.NET.Core.csproj,T0,delete,,,S,,,,,ready,,,,7d9a7330fe23250cc5a31f392155b52adec3f3630e247e11ce84a43156b362f0,,
ExtLibs/GMap.NET.Core/GMap.NET.Projections/PolarStereographicNorthProjection.cs,182,GMap.NET.Projections,ExtLibs/GMap.NET.Core/GMap.NET.Core.csproj,T0,delete,,,S,,,,,ready,,,,6a642ceeb8faf347a7a8fe58501f0768e10bfb1a1f5c2304a99fd75e99fb02c6,,
ExtLibs/GMap.NET.Core/GMap.NET.Projections/PolarStereographicSouthProjection.cs,192,GMap.NET.Projections,ExtLibs/GMap.NET.Core/GMap.NET.Core.csproj,T0,delete,,,S,,,,,ready,,,,7e699f93d05125171919688971c01bec66295844542cfcf245120adbcf1084c4,,
ExtLibs/GMap.NET.Core/GMap.NET/AccessMode.cs,24,GMap.NET,ExtLibs/GMap.NET.Core/GMap.NET.Core.csproj,T0,delete,,,S,,,,,ready,,,,14a3c410cffb2ec63e1b16d0fc3b3680a0618a003ae967504d2e87052b8095c8,,
ExtLibs/GMap.NET.Core/GMap.NET/Delegates.cs,20,GMap.NET,ExtLibs/GMap.NET.Core/GMap.NET.Core.csproj,T0,delete,,,S,,,,,ready,,,,bffcd12b313c25e6c21f7a19881b516641f6a78ae0bc66957a0d56f4cc8cc8db,,
ExtLibs/GMap.NET.Core/GMap.NET/DirectionsProvider.cs,47,GMap.NET,ExtLibs/GMap.NET.Core/GMap.NET.Core.csproj,T0,delete,,,S,,,,,ready,,,,61ab6ba759fafa31785e0739c56f8bd6bb7485d142a9c00c9ceb3b8e83f43e03,,
ExtLibs/GMap.NET.Core/GMap.NET/Extensions.cs,91,GMap.NET,ExtLibs/GMap.NET.Core/GMap.NET.Core.csproj,T0,delete,,,S,,,,,ready,,,,bafd2fdd401afba06a05789342c84437b6dc49735a8e2d2da5351ccc3baf17f5,,
ExtLibs/GMap.NET.Core/GMap.NET/GDirections.cs,121,GMap.NET,ExtLibs/GMap.NET.Core/GMap.NET.Core.csproj,T0,delete,,,S,,,,,ready,,,,f90c5ea37b9ec01cbf4921c4a844f1715dd3eb6fbf84a11c62160e2546873132,,
ExtLibs/GMap.NET.Core/GMap.NET/GMaps.cs,874,GMap.NET,ExtLibs/GMap.NET.Core/GMap.NET.Core.csproj,T0,delete,,,L,,,,,ready,,,,daa886c5c77346f18ad2334fecf6c660ac564cfce6572d3c0c4fd5919e930aef,,
ExtLibs/GMap.NET.Core/GMap.NET/GPoint.cs,160,GMap.NET,ExtLibs/GMap.NET.Core/GMap.NET.Core.csproj,T0,delete,,,S,,,,,ready,,,,0a8f4e10121968fc615c5606ed982688a5b801a9bd73750e987bfa6fa9388c44,,
ExtLibs/GMap.NET.Core/GMap.NET/GRect.cs,323,GMap.NET,ExtLibs/GMap.NET.Core/GMap.NET.Core.csproj,T0,delete,,,M,,,,,ready,,,,48dec101e4876e461de2bf0252497638f10324263079f05cb3d68350e63afa59,,
ExtLibs/GMap.NET.Core/GMap.NET/GSize.cs,121,GMap.NET,ExtLibs/GMap.NET.Core/GMap.NET.Core.csproj,T0,delete,,,S,,,,,ready,,,,7c471ebcbaef7bc2c7ffb7db89216ae74189739675171377e9b481af32ccabdf,,
ExtLibs/GMap.NET.Core/GMap.NET/GeocodingProvider.cs,25,GMap.NET,ExtLibs/GMap.NET.Core/GMap.NET.Core.csproj,T0,delete,,,S,,,,,ready,,,,d1a2751e2fcd0d19f59860f2db7b0d354980734af1ab1376d843662abb4c52d7,,
ExtLibs/GMap.NET.Core/GMap.NET/GpsLog.cs,44,GMap.NET,ExtLibs/GMap.NET.Core/GMap.NET.Core.csproj,T0,delete,,,S,,,,,ready,,,,00544cd18216e7fbdc759f3969dc458df489e2b75de49f3147b17612b1ea6884,,
ExtLibs/GMap.NET.Core/GMap.NET/Interface.cs,72,GMap.NET,ExtLibs/GMap.NET.Core/GMap.NET.Core.csproj,T0,delete,,,S,,,,,ready,,,,d70ca1bcc0ee8bcf88754ffeab7c5d5ceaf2f2a358de16e64f0b2d294ba6b176,,
ExtLibs/GMap.NET.Core/GMap.NET/LanguageType.cs,179,GMap.NET,ExtLibs/GMap.NET.Core/GMap.NET.Core.csproj,T0,delete,,,S,,,,,ready,,,,011c086ddbe1b4854c8aa0fc7cd06a991ddc198650595769a6cbee57523f02fe,,
ExtLibs/GMap.NET.Core/GMap.NET/MapRoute.cs,160,GMap.NET,ExtLibs/GMap.NET.Core/GMap.NET.Core.csproj,T0,delete,,,S,,,,,ready,,,,92364bb7938b9fda807149c2cb2ad67cc7d562c982b67dd7d68ad240e2b417e3,,
ExtLibs/GMap.NET.Core/GMap.NET/MapType.cs,127,GMap.NET,ExtLibs/GMap.NET.Core/GMap.NET.Core.csproj,T0,delete,,,S,,,,,ready,,,,1ef3add1200def7b9447897c77d652493494568dd4ad46d73955d5e9aa85de79,,
ExtLibs/GMap.NET.Core/GMap.NET/MouseWheelZoomType.cs,25,GMap.NET,ExtLibs/GMap.NET.Core/GMap.NET.Core.csproj,T0,delete,,,S,,,,,ready,,,,6d850962e870259c6835010e9fd38a5167e007f8ced085bbebea4d48e0c5c7ea,,
ExtLibs/GMap.NET.Core/GMap.NET/Placemark.cs,63,GMap.NET,ExtLibs/GMap.NET.Core/GMap.NET.Core.csproj,T0,delete,,,S,,,,,ready,,,,8d899643fb24aeaa89792e53039ce0bc1008181a19f676bba9c00296857ebfd7,,
ExtLibs/GMap.NET.Core/GMap.NET/PointLatLng.cs,123,GMap.NET,ExtLibs/GMap.NET.Core/GMap.NET.Core.csproj,T0,delete,,,S,,,,,ready,,,,63e7835acac8c3c7f5e46d816ad6aa8d6ea15bb871f4d04a7160b5c0c7721f06,,
ExtLibs/GMap.NET.Core/GMap.NET/PureImageCache.cs,48,GMap.NET,ExtLibs/GMap.NET.Core/GMap.NET.Core.csproj,T0,delete,,,S,,,,,ready,,,,d79575db86f89adb1cc16f1a170e09581cf21ffa91918a228d662e77fe01d46e,,
ExtLibs/GMap.NET.Core/GMap.NET/PureProjection.cs,522,GMap.NET,ExtLibs/GMap.NET.Core/GMap.NET.Core.csproj,T0,delete,,,M,,,,,ready,,,,e9dbf7b43b3e3f61ca0aceaee1f6e3bde1dba5425ffbd15b20ae9726c232cbcb,,
ExtLibs/GMap.NET.Core/GMap.NET/RectLatLng.cs,318,GMap.NET,ExtLibs/GMap.NET.Core/GMap.NET.Core.csproj,T0,delete,,,M,,,,,ready,,,,d84632a09130b1ea8fd6095d7e947a00cb6490c3da2fef930a6fc405a88127ab,,
ExtLibs/GMap.NET.Core/GMap.NET/RenderMode.cs,19,GMap.NET,ExtLibs/GMap.NET.Core/GMap.NET.Core.csproj,T0,delete,,,S,,,,,ready,,,,4ab8341b63c7d852ff5d3c2b9a9093e4c323fa9c6bf6e99e687215fcc8657a79,,
ExtLibs/GMap.NET.Core/GMap.NET/RoutingProvider.cs,19,GMap.NET,ExtLibs/GMap.NET.Core/GMap.NET.Core.csproj,T0,delete,,,S,,,,,ready,,,,68359059324a098102d61f38ad116694dab07fd7f4a5767879d5f4080c16caae,,
ExtLibs/GMap.NET.Core/GMap.NET/Singleton.cs,60,GMap.NET,ExtLibs/GMap.NET.Core/GMap.NET.Core.csproj,T0,delete,,,S,,,,,ready,,,,9aae2c80432d18d46d2980edcad4cc379c00a478ebbbbfc2cd24fa709e4d272d,,
ExtLibs/GMap.NET.Core/GMap.NET/SizeLatLng.cs,138,GMap.NET,ExtLibs/GMap.NET.Core/GMap.NET.Core.csproj,T0,delete,,,S,,,,,ready,,,,e0a6c186976d9633249feb713aeba97120cb683f896369541f9da24675ffd496,,
ExtLibs/GMap.NET.Core/GMap.NET/StatusCodes.cs,125,GMap.NET,ExtLibs/GMap.NET.Core/GMap.NET.Core.csproj,T0,delete,,,S,,,,,ready,,,,8916b2670a159917fd681de0feca26fa62fff70efe4f8171f5e3060f262b7c3a,,
ExtLibs/GMap.NET.Core/GMap.NET/gpx.cs,1442,GMap.NET,ExtLibs/GMap.NET.Core/GMap.NET.Core.csproj,T0,delete,,,L,,,,,ready,,,,e5b09930f5df8973dd0f3a0f35a73e01bb8886dadaa5add61b4fdcc9d50911e5,,
ExtLibs/GMap.NET.Core/Resources/Strings.Designer.cs,180,GMap.NET.Resources,ExtLibs/GMap.NET.Core/GMap.NET.Core.csproj,T0,delete,,,S,,,,,ready,,,,8096e77614a9c0afece49f80784778a67da0b005648ecf8a84382dac580d2b82,,
ExtLibs/GMap.NET.Drawing/GMap.NET.WindowsForms/ColorMatrixs.cs,28,GMap.NET.WindowsForms,ExtLibs/GMap.NET.Drawing/GMap.NET.Drawing.csproj,T0,delete,,,S,,,,,ready,,,,2f47a5cb07ebfcf5790843876a814779f062c5639bc60959bc5cd1870c1f9146,,
ExtLibs/GMap.NET.Drawing/GMap.NET.WindowsForms/Extensions.cs,21,GMap.NET.WindowsForms,ExtLibs/GMap.NET.Drawing/GMap.NET.Drawing.csproj,T0,delete,,,S,,,,,ready,,,,a4f2102826defefc49a8cf174015da6460cbd7fbe11311a3d20822dbe47a8e32,,
ExtLibs/GMap.NET.Drawing/GMap.NET.WindowsForms/GMapImage.cs,146,GMap.NET.WindowsForms,ExtLibs/GMap.NET.Drawing/GMap.NET.Drawing.csproj,T0,delete,,,S,,,,,ready,,,,947ec4990f32c917f0cf6c7a5770fc6544aaf9ed3dc0376ca5dae27b9f9066f7,,
ExtLibs/GMap.NET.Drawing/GMap.NET.WindowsForms/GMapMarker.cs,368,GMap.NET.WindowsForms,ExtLibs/GMap.NET.Drawing/GMap.NET.Drawing.csproj,T0,delete,,,M,,,,,ready,,,,a4baa5fcab6c16133292075a9727b791edd89c27079dd34fb99147e9c5c91e4b,,
ExtLibs/GMap.NET.Drawing/GMap.NET.WindowsForms/GMapOverlay.cs,481,GMap.NET.WindowsForms,ExtLibs/GMap.NET.Drawing/GMap.NET.Drawing.csproj,T0,delete,,,M,,,,,ready,,,,449ee69742b599567a8773d06fa08b3e96c1d4ed981d93cf0865403478854962,,
ExtLibs/GMap.NET.Drawing/GMap.NET.WindowsForms/GMapPolygon.cs,387,GMap.NET.WindowsForms,ExtLibs/GMap.NET.Drawing/GMap.NET.Drawing.csproj,T0,delete,,,M,,,,,ready,,,,e86a469e63e2f7f3a6f5f742e77214a60a3a8ae09a5aa62f52a38b53349f2ccc,,
ExtLibs/GMap.NET.Drawing/GMap.NET.WindowsForms/GMapRoute.cs,366,GMap.NET.WindowsForms,ExtLibs/GMap.NET.Drawing/GMap.NET.Drawing.csproj,T0,delete,,,M,,,,,ready,,,,060f3280e73ebbac7f4f62d232db92412c6cede3dcc76b4d8e8a9d89fea76eb8,,
ExtLibs/GMap.NET.Drawing/GMap.NET.WindowsForms/GMapToolTip.cs,176,GMap.NET.WindowsForms,ExtLibs/GMap.NET.Drawing/GMap.NET.Drawing.csproj,T0,delete,,,S,,,,,ready,,,,196fd23a9f4d59439a2de3fb02f12e7604b3eff6267822341cc9607fc9f5f63e,,
ExtLibs/GMap.NET.Drawing/GMap.NET.WindowsForms/IControl.cs,38,GMap.NET.WindowsForms,ExtLibs/GMap.NET.Drawing/GMap.NET.Drawing.csproj,T0,delete,,,S,,,,,ready,,,,2c6ce165e59b140116eb5205fd9c45d4955924e0d36224a82fc767e46fe6e699,,
ExtLibs/GMap.NET.Drawing/GMap.NET.WindowsForms/Markers/GMarkerCross.cs,68,GMap.NET.WindowsForms.Markers,ExtLibs/GMap.NET.Drawing/GMap.NET.Drawing.csproj,T0,delete,,,S,,,,,ready,,,,ae6dc72620f02c1ed6b14c5833eddd70836b6b2ca94b8371a83c7e4cf420ba90,,
ExtLibs/GMap.NET.Drawing/GMap.NET.WindowsForms/Markers/GMarkerGoogle.cs,306,GMap.NET.WindowsForms.Markers,ExtLibs/GMap.NET.Drawing/GMap.NET.Drawing.csproj,T0,delete,,,M,,,,,ready,,,,1989b3aa2db2ed47287de7d220f43896ea9ac1499f641619561897cc9b22375e,,
ExtLibs/GMap.NET.Drawing/GMap.NET.WindowsForms/ToolTips/GMapBaloonToolTip.cs,87,GMap.NET.WindowsForms.ToolTips,ExtLibs/GMap.NET.Drawing/GMap.NET.Drawing.csproj,T0,delete,,,S,,,,,ready,,,,3d46a84bee7c7bb8438225124456c7c9d4bf68278f6113530ed2b0795f8cd92c,,
ExtLibs/GMap.NET.Drawing/GMap.NET.WindowsForms/ToolTips/GMapRoundedToolTip.cs,85,GMap.NET.WindowsForms.ToolTips,ExtLibs/GMap.NET.Drawing/GMap.NET.Drawing.csproj,T0,delete,,,S,,,,,ready,,,,281e6a26917fb140424c66dacc4110046664affcbbc685505ee6b0469034368b,,
ExtLibs/GMap.NET.Drawing/Properties/Resources.Designer.cs,500,GMap.NET.Drawing.Properties,ExtLibs/GMap.NET.Drawing/GMap.NET.Drawing.csproj,T0,delete,,,M,,,,,ready,,,,46b5236468e4cd4de62e166fd5469a7d31ac10d1e6590d81538d11bc87cd460e,,
ExtLibs/GMap.NET.WindowsForms/GMap.NET.WindowsForms/GMapControl.cs,3122,GMap.NET.WindowsForms,ExtLibs/GMap.NET.WindowsForms/GMap.NET.WindowsForms.csproj,T0,delete,,,XL,,,,,ready,,,,b16e0391d8f25421c4457c9b5cf15c7883be1bad7a812dae06a8d8cf3cf59a57,,
ExtLibs/GMap.NET.WindowsForms/GMap.NET.WindowsForms/TilePrefetcher.Designer.cs,144,GMap.NET,ExtLibs/GMap.NET.WindowsForms/GMap.NET.WindowsForms.csproj,T0,delete,,,S,,,,,ready,,,,7f640f0cd2fc04b60cf819434d6a1e5a2cb4df2098b31fb04c9283ecfecee431,,
ExtLibs/GMap.NET.WindowsForms/GMap.NET.WindowsForms/TilePrefetcher.cs,381,GMap.NET,ExtLibs/GMap.NET.WindowsForms/GMap.NET.WindowsForms.csproj,T0,delete,,,M,,,,,ready,,,,008b8921d6342008d286e42d3e013cea2ed1288082d6c02e29fb9fac83c11d1c,,
ExtLibs/GMap.NET.WindowsForms/GMap.NET.WindowsForms/TilePrefetcherMenu.Designer.cs,219,GMap.NET,ExtLibs/GMap.NET.WindowsForms/GMap.NET.WindowsForms.csproj,T0,delete,,,M,,,,,ready,,,,8756cbd88dbda8039fd81eef128f6962d257642f9dac8e3d555e9d5473aea37b,,
ExtLibs/GMap.NET.WindowsForms/GMap.NET.WindowsForms/TilePrefetcherMenu.cs,157,GMap.NET,ExtLibs/GMap.NET.WindowsForms/GMap.NET.WindowsForms.csproj,T0,delete,,,S,,,,,ready,,,,4d8ce85fa32757802c8b3d599b254c67b975dba77a8a9d2aebb19c446c6a8a10,,
ExtLibs/GMap.NET.WindowsForms/Properties/AssemblyInfo.cs,31,,ExtLibs/GMap.NET.WindowsForms/GMap.NET.WindowsForms.csproj,T0,delete,,,S,,,,,ready,,,,76c4db4835746133a210799995092f42bf04fd7177382457e53e6afcf10cc0a0,,
ExtLibs/GMap.NET.WindowsForms/netstandard2.0/Shim.cs,38,SvgNet.SvgGdi,ExtLibs/GMap.NET.WindowsForms/GMap.NET.WindowsForms.csproj,T0,delete,,,S,,,,,ready,,,,234cedca89e60b50266ee26f18d7710e9a6d208872b609177692049f1e1f0213,,
ExtLibs/GStreamerHud/MainForm.cs,379,GStreamerHud,ExtLibs/GStreamerHud/GStreamerHud.csproj,T3,hand-port,,,M,,,,,dropped,,,,2da58317722f7e9e022ffaa0e0234d54dcfc6c8d1b9d727bb9c5d3dcdff9e74e,,no callers in the C# tree as of efb0801 (D16): its project ExtLibs/GStreamerHud/GStreamerHud.csproj is in no build (neither MissionPlanner.sln nor MissionPlannerLib.sln reaches it); declares MainForm
ExtLibs/GStreamerHud/Plugin.cs,45,MissionPlanner,ExtLibs/GStreamerHud/GStreamerHud.csproj,T3,hand-port,,,S,,,,,dropped,,,,d85ad0e52eb21bad024b214d7005b993d32bd08dd35b85d988594949c88bddc6,,no callers in the C# tree as of efb0801 (D16): its project ExtLibs/GStreamerHud/GStreamerHud.csproj is in no build (neither MissionPlanner.sln nor MissionPlannerLib.sln reaches it); declares Plugingstream
ExtLibs/GStreamerHud/Properties/AssemblyInfo.cs,36,,ExtLibs/GStreamerHud/GStreamerHud.csproj,T3,hand-port,,,S,,,,,dropped,,,,4572612275d0a8b4a059a4719be2d80d93ab925d8b5aa77cf7fd44db3aeb73a0,,no callers in the C# tree as of efb0801 (D16): its project ExtLibs/GStreamerHud/GStreamerHud.csproj is in no build (neither MissionPlanner.sln nor MissionPlannerLib.sln reaches it); declares nothing
ExtLibs/GeoUtility/ErrorProvider/ErrorProvider.cs,122,GeoUtility,ExtLibs/GeoUtility/GeoUtility.csproj,T0,delete,,,S,,,,,ready,,,,52c78faf03b5b4b8b4108ae9a8e3c784612620131ff4c6da38bc279fe9a2e32a,,
ExtLibs/GeoUtility/GeoSystem/Base/BaseSystem.cs,45,GeoUtility.GeoSystem.Base,ExtLibs/GeoUtility/GeoUtility.csproj,T0,delete,,,S,,,,,ready,,,,7144372e00689585d29732fb11db4898013773d138d5c9380a45ef0bcddf5eea,,
ExtLibs/GeoUtility/GeoSystem/Base/Geocentric.cs,282,GeoUtility.GeoSystem.Base,ExtLibs/GeoUtility/GeoUtility.csproj,T0,delete,,,M,,,,,ready,,,,8e89eec34064726a9715b3efb9bb231ac2e0184fd360c57f6d7382011cf9450f,,
ExtLibs/GeoUtility/GeoSystem/GaussKrueger.cs,533,GeoUtility.GeoSystem,ExtLibs/GeoUtility/GeoUtility.csproj,T0,delete,,,M,,,,,ready,,,,2eac2865d791efc3e7d22c92c1ff1993a4f0d514b7e7a6b2deca7c19e3928696,,
ExtLibs/GeoUtility/GeoSystem/Geographic.cs,551,GeoUtility.GeoSystem,ExtLibs/GeoUtility/GeoUtility.csproj,T0,delete,,,M,,,,,ready,,,,08aa210fbba2cdb7d2238e325b4f1e95ec925c972d1ddd4ce1b6719f3d0ae8f4,,
ExtLibs/GeoUtility/GeoSystem/Helper/GeoDatum.cs,58,GeoUtility.GeoSystem.Helper,ExtLibs/GeoUtility/GeoUtility.csproj,T0,delete,,,S,,,,,ready,,,,e62577cea78bb4797451391de1ba59d2b88e53235020711428eeb3073992a1dc,,
ExtLibs/GeoUtility/GeoSystem/Helper/GeoPoint.cs,91,GeoUtility.GeoSystem.Helper,ExtLibs/GeoUtility/GeoUtility.csproj,T0,delete,,,S,,,,,ready,,,,9c59d1fb080b3205283b3bb5155dd23648f1238a7cbd87516d1c362b10205a17,,
ExtLibs/GeoUtility/GeoSystem/Helper/GeoRect.cs,119,GeoUtility.GeoSystem.Helper,ExtLibs/GeoUtility/GeoUtility.csproj,T0,delete,,,S,,,,,ready,,,,8e06a67fb38e7a99f35cafdfe0f70f7fbad9d8271988efbb28c2e1aa7e0d4c39,,
ExtLibs/GeoUtility/GeoSystem/Helper/Sexagesimal.cs,124,GeoUtility.GeoSystem.Helper,ExtLibs/GeoUtility/GeoUtility.csproj,T0,delete,,,S,,,,,ready,,,,ef51f16856aac9b86187a80c2dbf00012007ad23adede30341490f75f2bb2d1a,,
ExtLibs/GeoUtility/GeoSystem/MGRS.cs,624,GeoUtility.GeoSystem,ExtLibs/GeoUtility/GeoUtility.csproj,T0,delete,,,L,,,,,ready,,,,81717f94257f54cf436c82057fe83ade76ffc38cda79294cda91948f2e9e4d20,,
ExtLibs/GeoUtility/GeoSystem/MapService.cs,1004,GeoUtility.GeoSystem,ExtLibs/GeoUtility/GeoUtility.csproj,T0,delete,,,L,,,,,ready,,,,ccc047cce2b97645eb230011945524c24ac1cb8b9052dadc7a68a29697d75b28,,
ExtLibs/GeoUtility/GeoSystem/MapService/Cache.cs,346,GeoUtility.GeoSystem,ExtLibs/GeoUtility/GeoUtility.csproj,T0,delete,,,M,,,,,dropped,,,,cd3123bbfeb0e7a2ce81388ed966c6dd2fc48f0282b1eb5c48fbec7a1e7ea148,,no callers in the C# tree as of efb0801 (D16): its project ExtLibs/GeoUtility/GeoutilityMobile.csproj is in no build (neither MissionPlanner.sln nor MissionPlannerLib.sln reaches it); declares MapService
ExtLibs/GeoUtility/GeoSystem/MapService/Images.cs,564,GeoUtility.GeoSystem,ExtLibs/GeoUtility/GeoUtility.csproj,T0,delete,,,M,,,,,dropped,,,,55847c1b1690e7f0ecc41d4218c911104b861da8d72c921afb4056656f35e308,,no callers in the C# tree as of efb0801 (D16): its project ExtLibs/GeoUtility/GeoutilityMobile.csproj is in no build (neither MissionPlanner.sln nor MissionPlannerLib.sln reaches it); declares MapService
ExtLibs/GeoUtility/GeoSystem/MapService/Info.cs,349,GeoUtility.GeoSystem,ExtLibs/GeoUtility/GeoUtility.csproj,T0,delete,,,M,,,,,ready,,,,82df506e1f09b60ac426bfb7a1ef90e7bdefc92f0d0c75c7cd6e196dba2aa20e,,
ExtLibs/GeoUtility/GeoSystem/UTM.cs,544,GeoUtility.GeoSystem,ExtLibs/GeoUtility/GeoUtility.csproj,T0,delete,,,M,,,,,ready,,,,cb413fa742c89723460660e5ea81cb69ab108ba067f819a8a24212af545f4ae4,,
ExtLibs/GeoUtility/GeoUtility.cs,162,GeoUtility,ExtLibs/GeoUtility/GeoUtility.csproj,T0,delete,,,S,,,,,ready,,,,2c0c56acbff351f610ae4dfffb123f61716f1733f0b41e322237d84b6224b1fb,,
ExtLibs/GeoUtility/Localizer/Localizer.cs,69,GeoUtility,ExtLibs/GeoUtility/GeoUtility.csproj,T0,delete,,,S,,,,,ready,,,,eaea64bbf217037fe2a375879c8be8fad3facdd20fa60ddebf2b3a27901bbdcb,,
ExtLibs/GeoUtility/Properties/AssemblyInfo.cs,65,,ExtLibs/GeoUtility/GeoUtility.csproj,T0,delete,,,S,,,,,dropped,,,,5d99700fbbde7b97d9f59a118d845ee9d0c9cd918d24ecfe727dc46142d709f4,,no callers in the C# tree as of efb0801 (D16): its project ExtLibs/GeoUtility/GeoutilityMobile.csproj is in no build (neither MissionPlanner.sln nor MissionPlannerLib.sln reaches it); declares nothing
ExtLibs/GeoUtility/Properties/Resources.Designer.cs,503,GeoUtility.Properties,ExtLibs/GeoUtility/GeoUtility.csproj,T0,delete,,,M,,,,,ready,,,,c039c16bcf38f103a76709a37d9a97e80c0b1378cc3cd741292397f26fa5f9b9,,
ExtLibs/GeoUtility/Transformation/Conversion.cs,113,GeoUtility,ExtLibs/GeoUtility/GeoUtility.csproj,T0,delete,,,S,,,,,ready,,,,205a45f1655b46ab09d63982b5f95e9656450ebf79da1ce90dfc04cbc1a3d81c,,
ExtLibs/GeoUtility/Transformation/Definition.cs,118,GeoUtility,ExtLibs/GeoUtility/GeoUtility.csproj,T0,delete,,,S,,,,,ready,,,,cff1388caf16eb0cb9d65d576dc78b40c6bf187503c1e2938fedbfa5f4661f07,,
ExtLibs/GeoUtility/Transformation/GKPOD.cs,115,GeoUtility,ExtLibs/GeoUtility/GeoUtility.csproj,T0,delete,,,S,,,,,ready,,,,0f698ae52c1084504dd10239c845d5418bcaa0d246e910018363ea4486566d8c,,
ExtLibs/GeoUtility/Transformation/MGRUTM.cs,111,GeoUtility,ExtLibs/GeoUtility/GeoUtility.csproj,T0,delete,,,S,,,,,ready,,,,59fd795ca6d42253222fb1e12cd0a65c823bf533f064738ff6c16ffeac9404c7,,
ExtLibs/GeoUtility/Transformation/MapDimension.cs,103,GeoUtility,ExtLibs/GeoUtility/GeoUtility.csproj,T0,delete,,,S,,,,,ready,,,,0725a2f68b4bf4e90ab49a497f0a188a25354d6c5a18517976d40faeb85a9d5a,,
ExtLibs/GeoUtility/Transformation/MapInternal.cs,248,GeoUtility,ExtLibs/GeoUtility/GeoUtility.csproj,T0,delete,,,M,,,,,ready,,,,a8bc764325b922ab892bea91be274aef40e2014a973a7783a224af19bd2402e4,,
ExtLibs/GeoUtility/Transformation/MapMove.cs,240,GeoUtility,ExtLibs/GeoUtility/GeoUtility.csproj,T0,delete,,,M,,,,,ready,,,,eb4837e73cd5cdd2c1f6ba04a1cbf4d207c204c48e172b801284b1acfff5a27d,,
ExtLibs/GeoUtility/Transformation/PODWGS.cs,83,GeoUtility,ExtLibs/GeoUtility/GeoUtility.csproj,T0,delete,,,S,,,,,ready,,,,ae92290df1de5e1321bf7e2efeaeacec9b89b3beca29e043480741802e1a6e9b,,
ExtLibs/GeoUtility/Transformation/UTMMGR.cs,108,GeoUtility,ExtLibs/GeoUtility/GeoUtility.csproj,T0,delete,,,S,,,,,ready,,,,d8c45b5fe8ea03a750d4bb92361f7cba7c4c759c107dc991ac6019b4b65f4c2e,,
ExtLibs/GeoUtility/Transformation/UTMWGS.cs,116,GeoUtility,ExtLibs/GeoUtility/GeoUtility.csproj,T0,delete,mp-mission,,S,bit-exact,,golden,,ported,,,crates/mp-mission/src/geoutility.rs;tests/gui/plan-utm.gui,12aceecfab839bc53b386255fde53674b1c78f454445688bf31c93c90546d9f6,a mono run of GeoUtility itself is still owed; the transcription is checked by hand,"UTMWGS forward and inverse as the C# has them, for Enter UTM Coord and the UTM grid"
ExtLibs/GeoUtility/Transformation/WGSGK.cs,104,GeoUtility,ExtLibs/GeoUtility/GeoUtility.csproj,T0,delete,,,S,,,,,ready,,,,d6c6dc3a082e20c2f585cfb350e59f4b56b4944188150275d1591ca7c3169929,,
ExtLibs/GeoUtility/Transformation/WGSIMAP.cs,96,GeoUtility,ExtLibs/GeoUtility/GeoUtility.csproj,T0,delete,,,S,,,,,ready,,,,b102c1a20a8217d9afe39b76d6ed12ce9ecb00f519cf9ebf116c09cb7521e1c0,,
ExtLibs/GeoUtility/Transformation/WGSPOD.cs,88,GeoUtility,ExtLibs/GeoUtility/GeoUtility.csproj,T0,delete,,,S,,,,,ready,,,,f1d317c8f3e4e18a7fb068773fede620dbac824e43b87e9c0b349474f2a2ebcf,,
ExtLibs/GeoUtility/Transformation/WGSPixel.cs,70,GeoUtility,ExtLibs/GeoUtility/GeoUtility.csproj,T0,delete,,,S,,,,,ready,,,,f71be35debc38442ed5c5387dac0602c9cf0fa558cc8f1f3a6ccd06f7d73c105,,
ExtLibs/GeoUtility/Transformation/WGSUTM.cs,138,GeoUtility,ExtLibs/GeoUtility/GeoUtility.csproj,T0,delete,,,S,,,,,ready,,,,73ceccf6e01d73de8cce50d986d60f79f1fbca6fd43b555b7c50c1e0a0f27d37,,
ExtLibs/GeoidHeightsDotNet/GeoidHeights/Coef.cs,25,GeoidHeightsDotNet,ExtLibs/GeoidHeightsDotNet/GeoidHeights/GeoidHeights.csproj,T0,delete,mp-gui,,S,bit-exact,,spec+review,,tested,,,crates/mp-terrain/src/geoid.rs;assets/geoid/egm96.bin,1ba29aff7ab985de44992957f72acca5999bfe2b42613f018e7f44384c255239,,"the four arrays as little-endian f64, written from the file; the first and last values tested"
ExtLibs/GeoidHeightsDotNet/GeoidHeights/GeoidHeights.cs,188,GeoidHeightsDotNet,ExtLibs/GeoidHeightsDotNet/GeoidHeights/GeoidHeights.csproj,T0,delete,mp-gui,,S,tolerance-bounded,,spec+review,,tested,,,crates/mp-terrain/src/geoid.rs,bcfbedac57473747ac691970cc8ac11e7ea331175ed779a8d9e38e7c07fefab7,,"a transliteration held to the C# itself run under Mono at ten points, within a micrometre (the libm sines)"
ExtLibs/GeoidHeightsDotNet/GeoidHeights/Properties/AssemblyInfo.cs,28,,ExtLibs/GeoidHeightsDotNet/GeoidHeights/GeoidHeights.csproj,T0,delete,,,S,,,,,dropped,,,,a0fe03f0d6e26b09bd63dff5c00c1c72f0751a308b74cce95c0a966392b9a9cf,,no callers in the C# tree as of efb0801 (D16): its project ExtLibs/GeoidHeightsDotNet/GeoidHeights/GeoidHeights.csproj is in no build (neither MissionPlanner.sln nor MissionPlannerLib.sln reaches it); declares nothing
ExtLibs/GeoidHeightsDotNet/Program.cs,25,GeoidHeightsDotNet,ExtLibs/GeoidHeightsDotNet/GeoidHeightsDotNetProg.csproj,T0,delete,,,S,,,,,dropped,,,,aab87756fcb733ce41a85fdc8d91a29e1f337a3e4dac7738ec928883ee911e8c,,"the library's own console program: no callers in the planner (the no-callers rule, 2026-09-25)"
ExtLibs/HIL/Aircraft.cs,78,MissionPlanner.HIL,ExtLibs/HIL/MissionPlanner.HIL.csproj,T3,hand-port,,,S,,,,,ready,,,,a33fe2a36422138ae4943ba3d0fb468c0885a61883e923c7e25cc2cb422048a0,,
ExtLibs/HIL/Hil.cs,102,MissionPlanner.HIL,ExtLibs/HIL/MissionPlanner.HIL.csproj,T3,hand-port,,,S,,,,,ready,,,,98d069d6eb4159c9ec6b5dbe69d091a584ccf73df76331c71d8c063ddf3110ff,,
ExtLibs/HIL/QuadCopter.cs,627,MissionPlanner.HIL,ExtLibs/HIL/MissionPlanner.HIL.csproj,T3,hand-port,,,L,,,,,ready,,,,149d09bd45ddc3c2da42eb5c8060e01a4f33d44e201bd1d1b46b91b6ec039450,,
ExtLibs/HIL/Wind.cs,228,MissionPlanner.HIL,ExtLibs/HIL/MissionPlanner.HIL.csproj,T3,hand-port,,,M,,,,,ready,,,,4ddfee943f470e0b5c65d9edc1016c2225d2b7339ec8a65a76473ca26482e788,,
ExtLibs/HIL/XPlane.cs,450,MissionPlanner.HIL,ExtLibs/HIL/MissionPlanner.HIL.csproj,T3,hand-port,,,M,,,,,dropped,,,,c343618361776ecd1641fae7a62c48c8b44e899476f5fab3a35ac45c317744ca,,"no callers in the C# tree as of efb0801 (D16): no other file names its types (comments aside); declares XPlane, sendPacketHandler"
ExtLibs/ICSharpCode.SharpZipLib/BZip2/BZip2.cs,66,ICSharpCode.SharpZipLib.BZip2,ExtLibs/ICSharpCode.SharpZipLib/ICSharpCode.SharpZipLib.csproj,T0,delete,,,S,,,,,ready,,,,9ebd6585f7228eadd031f480b84f911940832d3313d2e6579caa54c829aa93a0,,
ExtLibs/ICSharpCode.SharpZipLib/BZip2/BZip2Constants.cs,121,ICSharpCode.SharpZipLib.BZip2,ExtLibs/ICSharpCode.SharpZipLib/ICSharpCode.SharpZipLib.csproj,T0,delete,,,S,,,,,ready,,,,fa96baccb9269c4cd14a1fff4b19f1860ba00b13e49d5f797568bf9ca818b85c,,
ExtLibs/ICSharpCode.SharpZipLib/BZip2/BZip2Exception.cs,36,ICSharpCode.SharpZipLib.BZip2,ExtLibs/ICSharpCode.SharpZipLib/ICSharpCode.SharpZipLib.csproj,T0,delete,,,S,,,,,ready,,,,21d1a8d0b9745a7053e3e41ce7c638656ff2f78e3a356c67e7cec42ed227fc77,,
ExtLibs/ICSharpCode.SharpZipLib/BZip2/BZip2InputStream.cs,897,ICSharpCode.SharpZipLib.BZip2,ExtLibs/ICSharpCode.SharpZipLib/ICSharpCode.SharpZipLib.csproj,T0,delete,,,L,,,,,ready,,,,82f121acc2d6c03bda2061e8b8b19473b09cf78b8f0281d7a03ba475e2d47993,,
ExtLibs/ICSharpCode.SharpZipLib/BZip2/BZip2OutputStream.cs,1785,ICSharpCode.SharpZipLib.BZip2,ExtLibs/ICSharpCode.SharpZipLib/ICSharpCode.SharpZipLib.csproj,T0,delete,,,XL,,,,,ready,,,,1d3d87f636f9daaca8a4553ca2c193f7411e2855548251d3d67875264f1c66a4,,
ExtLibs/ICSharpCode.SharpZipLib/Checksum/Adler32.cs,137,ICSharpCode.SharpZipLib.Checksum,ExtLibs/ICSharpCode.SharpZipLib/ICSharpCode.SharpZipLib.csproj,T0,delete,,,S,,,,,ready,,,,7f991a3e577e46e4de35adddec5c9af0d394fc9ccfd420f29ff8c96310d8678f,,
ExtLibs/ICSharpCode.SharpZipLib/Checksum/BZip2Crc.cs,181,ICSharpCode.SharpZipLib.Checksum,ExtLibs/ICSharpCode.SharpZipLib/ICSharpCode.SharpZipLib.csproj,T0,delete,,,S,,,,,ready,,,,61b6492db3be4df49b90d402288fbcd27d6482e7ae7e99241af07cbdc7c37777,,
ExtLibs/ICSharpCode.SharpZipLib/Checksum/Crc32.cs,169,ICSharpCode.SharpZipLib.Checksum,ExtLibs/ICSharpCode.SharpZipLib/ICSharpCode.SharpZipLib.csproj,T0,delete,,,S,,,,,ready,,,,b0a42de135032a848134ffdba5700ab34a8853f88eade374ae7d644bd2dcd976,,
ExtLibs/ICSharpCode.SharpZipLib/Checksum/IChecksum.cs,50,ICSharpCode.SharpZipLib.Checksum,ExtLibs/ICSharpCode.SharpZipLib/ICSharpCode.SharpZipLib.csproj,T0,delete,,,S,,,,,ready,,,,15942536344d4c00971a932947a0c457b99f20b0aeb7edbbb9387b30224b31ac,,
ExtLibs/ICSharpCode.SharpZipLib/Core/Exceptions/SharpZipBaseException.cs,40,ICSharpCode.SharpZipLib,ExtLibs/ICSharpCode.SharpZipLib/ICSharpCode.SharpZipLib.csproj,T0,delete,,,S,,,,,ready,,,,d1f49e58b261897aa78cc8fc6eb2f3ffd609615e48f161f0bc230828799b0c8e,,
ExtLibs/ICSharpCode.SharpZipLib/Core/Exceptions/StreamDecodingException.cs,35,ICSharpCode.SharpZipLib,ExtLibs/ICSharpCode.SharpZipLib/ICSharpCode.SharpZipLib.csproj,T0,delete,,,S,,,,,ready,,,,d6e0223bf0ff81ddb2bb4c989a45af633a9b3d0da6819118b795d5121097896e,,
ExtLibs/ICSharpCode.SharpZipLib/Core/Exceptions/StreamUnsupportedException.cs,33,ICSharpCode.SharpZipLib,ExtLibs/ICSharpCode.SharpZipLib/ICSharpCode.SharpZipLib.csproj,T0,delete,,,S,,,,,ready,,,,d0dc90d2c840ef992105f7034288dd6b9b9d414885b17c9aabf3e16358ccdaa6,,
ExtLibs/ICSharpCode.SharpZipLib/Core/Exceptions/UnexpectedEndOfStreamException.cs,33,ICSharpCode.SharpZipLib,ExtLibs/ICSharpCode.SharpZipLib/ICSharpCode.SharpZipLib.csproj,T0,delete,,,S,,,,,ready,,,,7f72f0a870b2b92462ae1e8cacf2ce77220b81c4ba329386f33a397c7494ca87,,
ExtLibs/ICSharpCode.SharpZipLib/Core/Exceptions/ValueOutOfRangeException.cs,45,ICSharpCode.SharpZipLib,ExtLibs/ICSharpCode.SharpZipLib/ICSharpCode.SharpZipLib.csproj,T0,delete,,,S,,,,,ready,,,,1bc0a2465f0beb1a6c7d542c20b385b0d9e0290b533ae0cd7d68157b53a4c646,,
ExtLibs/ICSharpCode.SharpZipLib/Core/FileSystemScanner.cs,475,ICSharpCode.SharpZipLib.Core,ExtLibs/ICSharpCode.SharpZipLib/ICSharpCode.SharpZipLib.csproj,T0,delete,,,M,,,,,ready,,,,a6150085e836727f1627968d21d39b971551d6f9d789698de6dcf697f29ee58c,,
ExtLibs/ICSharpCode.SharpZipLib/Core/INameTransform.cs,22,ICSharpCode.SharpZipLib.Core,ExtLibs/ICSharpCode.SharpZipLib/ICSharpCode.SharpZipLib.csproj,T0,delete,,,S,,,,,ready,,,,347399ad3060b3fc71c1eb77e6fed80262254eae4ca4055a4d2bf518066acfa3,,
ExtLibs/ICSharpCode.SharpZipLib/Core/IScanFilter.cs,15,ICSharpCode.SharpZipLib.Core,ExtLibs/ICSharpCode.SharpZipLib/ICSharpCode.SharpZipLib.csproj,T0,delete,,,S,,,,,ready,,,,2c5c97d6c893b49863bc835d91a2e8365394fc87d78b169b1d09229d3c1cb6ce,,
ExtLibs/ICSharpCode.SharpZipLib/Core/InvalidNameException.cs,38,ICSharpCode.SharpZipLib.Core,ExtLibs/ICSharpCode.SharpZipLib/ICSharpCode.SharpZipLib.csproj,T0,delete,,,S,,,,,ready,,,,ade3208085c2ea06e478dff84dcdb7ad95a3d5b200fdc9c3180477ef5e707e09,,
ExtLibs/ICSharpCode.SharpZipLib/Core/NameFilter.cs,236,ICSharpCode.SharpZipLib.Core,ExtLibs/ICSharpCode.SharpZipLib/ICSharpCode.SharpZipLib.csproj,T0,delete,,,M,,,,,ready,,,,e7a4b91b82b0f907084c5b5fe9c7ec6f428f6feff34c5c4a91e91ea9a9fe1dd5,,
ExtLibs/ICSharpCode.SharpZipLib/Core/PathFilter.cs,280,ICSharpCode.SharpZipLib.Core,ExtLibs/ICSharpCode.SharpZipLib/ICSharpCode.SharpZipLib.csproj,T0,delete,,,M,,,,,ready,,,,ca44852ab64619bbaa143aa51f7103e8565537bf4984abd0022b361cd7b1d2cf,,
ExtLibs/ICSharpCode.SharpZipLib/Core/StreamUtils.cs,208,ICSharpCode.SharpZipLib.Core,ExtLibs/ICSharpCode.SharpZipLib/ICSharpCode.SharpZipLib.csproj,T0,delete,,,M,,,,,ready,,,,8ba6f1b0ed2b8888b2ed06169ce1a2e66d1d68a4afb431dee52417ffae3d44a1,,
ExtLibs/ICSharpCode.SharpZipLib/Core/WindowsPathUtils.cs,57,ICSharpCode.SharpZipLib.Core,ExtLibs/ICSharpCode.SharpZipLib/ICSharpCode.SharpZipLib.csproj,T0,delete,,,S,,,,,ready,,,,e6afbd972f37dbec931ad075cfa8b1cb5d3fd9a4e18dbd5d584e9e68809bdc0d,,
ExtLibs/ICSharpCode.SharpZipLib/Encryption/PkzipClassic.cs,445,ICSharpCode.SharpZipLib.Encryption,ExtLibs/ICSharpCode.SharpZipLib/ICSharpCode.SharpZipLib.csproj,T0,delete,,,M,,,,,ready,,,,e06c506773a225e671ba6750ebc1c7f509abf73cbc27c1b9e680b13cf8c9fbf4,,
ExtLibs/ICSharpCode.SharpZipLib/Encryption/ZipAESStream.cs,134,ICSharpCode.SharpZipLib.Encryption,ExtLibs/ICSharpCode.SharpZipLib/ICSharpCode.SharpZipLib.csproj,T0,delete,,,S,,,,,ready,,,,ccb9fc00163362b1c4e983a4a3c1ab0e8efe8650cfe58fb43f7b75cb9ec3ca02,,
ExtLibs/ICSharpCode.SharpZipLib/Encryption/ZipAESTransform.cs,207,ICSharpCode.SharpZipLib.Encryption,ExtLibs/ICSharpCode.SharpZipLib/ICSharpCode.SharpZipLib.csproj,T0,delete,,,M,,,,,ready,,,,5114fb22de69683c06bdecfeade13f3687465d616e80557af1de5fbe7d23c9a6,,
ExtLibs/ICSharpCode.SharpZipLib/GZip/GZip.cs,93,ICSharpCode.SharpZipLib.GZip,ExtLibs/ICSharpCode.SharpZipLib/ICSharpCode.SharpZipLib.csproj,T0,delete,,,S,,,,,ready,,,,691b9ecc09a306a35e5e6ea34e501b495e2017fc67d64fd9454f324d21c21886,,
ExtLibs/ICSharpCode.SharpZipLib/GZip/GZipConstants.cs,58,ICSharpCode.SharpZipLib.GZip,ExtLibs/ICSharpCode.SharpZipLib/ICSharpCode.SharpZipLib.csproj,T0,delete,,,S,,,,,ready,,,,c4271c0f9062fa49ff2b7caa713d303ee5c8fb07776ea2b920a50dfd6ddbc0d4,,
ExtLibs/ICSharpCode.SharpZipLib/GZip/GZipException.cs,36,ICSharpCode.SharpZipLib.GZip,ExtLibs/ICSharpCode.SharpZipLib/ICSharpCode.SharpZipLib.csproj,T0,delete,,,S,,,,,ready,,,,766c02c933a6b493fb3dd60efa9f20e6cf2c3a6d0266437b7fcf848f795bff14,,
ExtLibs/ICSharpCode.SharpZipLib/GZip/GzipInputStream.cs,350,ICSharpCode.SharpZipLib.GZip,ExtLibs/ICSharpCode.SharpZipLib/ICSharpCode.SharpZipLib.csproj,T0,delete,,,M,,,,,ready,,,,bb2f0c7c488c1c77362cba2df112975a2b7147c54267f31f42e74aeb54397f9b,,
ExtLibs/ICSharpCode.SharpZipLib/GZip/GzipOutputStream.cs,216,ICSharpCode.SharpZipLib.GZip,ExtLibs/ICSharpCode.SharpZipLib/ICSharpCode.SharpZipLib.csproj,T0,delete,,,M,,,,,ready,,,,1bf6dbed2da935477ac725d6edf9a490e9a12f65ecd9e86db6379f6a55a3544d,,
ExtLibs/ICSharpCode.SharpZipLib/Lzw/LzwConstants.cs,61,ICSharpCode.SharpZipLib.Lzw,ExtLibs/ICSharpCode.SharpZipLib/ICSharpCode.SharpZipLib.csproj,T0,delete,,,S,,,,,ready,,,,0aea78074e7550d324a5fae96d5f2972737b3e46daf553820469c6bb454ff49e,,
ExtLibs/ICSharpCode.SharpZipLib/Lzw/LzwException.cs,36,ICSharpCode.SharpZipLib.Lzw,ExtLibs/ICSharpCode.SharpZipLib/ICSharpCode.SharpZipLib.csproj,T0,delete,,,S,,,,,ready,,,,1d385976a7df37e05c161bd659d2e5f9f2bf874b8cdeb6f1a203e4fe5a9ba8a8,,
ExtLibs/ICSharpCode.SharpZipLib/Lzw/LzwInputStream.cs,533,ICSharpCode.SharpZipLib.Lzw,ExtLibs/ICSharpCode.SharpZipLib/ICSharpCode.SharpZipLib.csproj,T0,delete,,,M,,,,,ready,,,,f7177710aadfd67027bd2c897fbc7222e56c60d3e957f43a01bcb7786906d99f,,
ExtLibs/ICSharpCode.SharpZipLib/Tar/InvalidHeaderException.cs,37,ICSharpCode.SharpZipLib.Tar,ExtLibs/ICSharpCode.SharpZipLib/ICSharpCode.SharpZipLib.csproj,T0,delete,,,S,,,,,ready,,,,18922216fc4c3b5f71278b2b84ae8942c30581d70788278c13f7a74c94d5c5c4,,
ExtLibs/ICSharpCode.SharpZipLib/Tar/TarArchive.cs,830,ICSharpCode.SharpZipLib.Tar,ExtLibs/ICSharpCode.SharpZipLib/ICSharpCode.SharpZipLib.csproj,T0,delete,,,L,,,,,ready,,,,0febd4200df2d53bffcdd158ecfa3775af65c4524eedf4b444b87502a9107832,,
ExtLibs/ICSharpCode.SharpZipLib/Tar/TarBuffer.cs,548,ICSharpCode.SharpZipLib.Tar,ExtLibs/ICSharpCode.SharpZipLib/ICSharpCode.SharpZipLib.csproj,T0,delete,,,M,,,,,ready,,,,33866d6359200d2c5e1c3af964a294b90e7a6decb00a10f1f8ce73b4530d760f,,
ExtLibs/ICSharpCode.SharpZipLib/Tar/TarEntry.cs,496,ICSharpCode.SharpZipLib.Tar,ExtLibs/ICSharpCode.SharpZipLib/ICSharpCode.SharpZipLib.csproj,T0,delete,,,M,,,,,ready,,,,b8b0ba8ed53c8a04c98c62469dc7db5fc6d14410259e9e7f4f6644eebc26c539,,
ExtLibs/ICSharpCode.SharpZipLib/Tar/TarException.cs,37,ICSharpCode.SharpZipLib.Tar,ExtLibs/ICSharpCode.SharpZipLib/ICSharpCode.SharpZipLib.csproj,T0,delete,,,S,,,,,ready,,,,1bcf88f5436521c59d4d249302d4f40a3a7dee4e105639d627d1936a75a566b3,,
ExtLibs/ICSharpCode.SharpZipLib/Tar/TarExtendedHeaderReader.cs,89,ICSharpCode.SharpZipLib.Tar,ExtLibs/ICSharpCode.SharpZipLib/ICSharpCode.SharpZipLib.csproj,T0,delete,,,S,,,,,ready,,,,3757d66321042fccdcca33bc75260cdd4dd3df4a438a9a752351aa0f82a7324f,,
ExtLibs/ICSharpCode.SharpZipLib/Tar/TarHeader.cs,1081,ICSharpCode.SharpZipLib.Tar,ExtLibs/ICSharpCode.SharpZipLib/ICSharpCode.SharpZipLib.csproj,T0,delete,,,L,,,,,ready,,,,82bf4252569907178e1dddf02a260d6e71faf4d60eb636c95bad3c4e7dad8fc7,,
ExtLibs/ICSharpCode.SharpZipLib/Tar/TarInputStream.cs,664,ICSharpCode.SharpZipLib.Tar,ExtLibs/ICSharpCode.SharpZipLib/ICSharpCode.SharpZipLib.csproj,T0,delete,,,L,,,,,ready,,,,74b34303c12393d55c20adffc5acc21d8d815f497f897b936a7837a35c29632b,,
ExtLibs/ICSharpCode.SharpZipLib/Tar/TarOutputStream.cs,444,ICSharpCode.SharpZipLib.Tar,ExtLibs/ICSharpCode.SharpZipLib/ICSharpCode.SharpZipLib.csproj,T0,delete,,,M,,,,,ready,,,,bfe999a575fba09019687ccdede7a7b1d0811e5e315f49ce98904bbd751d847e,,
ExtLibs/ICSharpCode.SharpZipLib/Zip/Compression/Deflater.cs,557,ICSharpCode.SharpZipLib.Zip.Compression,ExtLibs/ICSharpCode.SharpZipLib/ICSharpCode.SharpZipLib.csproj,T0,delete,,,M,,,,,ready,,,,44bef1637c590a58e3166f7f67deb9f5aa5560bee5b7abcc8821141d0e3d8a61,,
ExtLibs/ICSharpCode.SharpZipLib/Zip/Compression/DeflaterConstants.cs,146,ICSharpCode.SharpZipLib.Zip.Compression,ExtLibs/ICSharpCode.SharpZipLib/ICSharpCode.SharpZipLib.csproj,T0,delete,,,S,,,,,ready,,,,d7768f608dc766b102956b3e71da75b0cd6bdb73be7ca8efd164a18126997165,,
ExtLibs/ICSharpCode.SharpZipLib/Zip/Compression/DeflaterEngine.cs,845,ICSharpCode.SharpZipLib.Zip.Compression,ExtLibs/ICSharpCode.SharpZipLib/ICSharpCode.SharpZipLib.csproj,T0,delete,,,L,,,,,ready,,,,f969626129a00e0155ce59fc44ec87e089c1b63dd095d6a2e4dee48d4248a842,,
ExtLibs/ICSharpCode.SharpZipLib/Zip/Compression/DeflaterHuffman.cs,865,ICSharpCode.SharpZipLib.Zip.Compression,ExtLibs/ICSharpCode.SharpZipLib/ICSharpCode.SharpZipLib.csproj,T0,delete,,,L,,,,,ready,,,,28a5ac2acf81e2da3e2825a1681728ea2039635b81f7aeb4b69f6860a351b538,,
ExtLibs/ICSharpCode.SharpZipLib/Zip/Compression/DeflaterPending.cs,17,ICSharpCode.SharpZipLib.Zip.Compression,ExtLibs/ICSharpCode.SharpZipLib/ICSharpCode.SharpZipLib.csproj,T0,delete,,,S,,,,,ready,,,,621668f47056b7a115a2edda2e06d15d62d163cd61d6e18588162a48c2f96949,,
ExtLibs/ICSharpCode.SharpZipLib/Zip/Compression/Inflater.cs,788,ICSharpCode.SharpZipLib.Zip.Compression,ExtLibs/ICSharpCode.SharpZipLib/ICSharpCode.SharpZipLib.csproj,T0,delete,,,L,,,,,ready,,,,97744a536b4f32223fb2e73bc1d049a724567601cf63c96565fd855b1de375fa,,
ExtLibs/ICSharpCode.SharpZipLib/Zip/Compression/InflaterDynHeader.cs,155,ICSharpCode.SharpZipLib.Zip.Compression,ExtLibs/ICSharpCode.SharpZipLib/ICSharpCode.SharpZipLib.csproj,T0,delete,,,S,,,,,ready,,,,4b23834a2d2a30970efdad9da6f67d4abc5a9bf2660263506216f7bc5acd2476,,
ExtLibs/ICSharpCode.SharpZipLib/Zip/Compression/InflaterHuffmanTree.cs,207,ICSharpCode.SharpZipLib.Zip.Compression,ExtLibs/ICSharpCode.SharpZipLib/ICSharpCode.SharpZipLib.csproj,T0,delete,,,M,,,,,ready,,,,c14ca95facd4c64696f14740f984b045b8fac5e51734fc33a3a300436aa9e919,,
ExtLibs/ICSharpCode.SharpZipLib/Zip/Compression/PendingBuffer.cs,256,ICSharpCode.SharpZipLib.Zip.Compression,ExtLibs/ICSharpCode.SharpZipLib/ICSharpCode.SharpZipLib.csproj,T0,delete,,,M,,,,,ready,,,,1617bfa95825455a9467706d5399fffcd6ab6bd89c5d4886dbabf994110e5082,,
ExtLibs/ICSharpCode.SharpZipLib/Zip/Compression/Streams/DeflaterOutputStream.cs,442,ICSharpCode.SharpZipLib.Zip.Compression.Streams,ExtLibs/ICSharpCode.SharpZipLib/ICSharpCode.SharpZipLib.csproj,T0,delete,,,M,,,,,ready,,,,3cd545ddc2f1ba39e6310f1edec6fb8a94125f4e391dc9423904f10590fb9d16,,
ExtLibs/ICSharpCode.SharpZipLib/Zip/Compression/Streams/InflaterInputStream.cs,637,ICSharpCode.SharpZipLib.Zip.Compression.Streams,ExtLibs/ICSharpCode.SharpZipLib/ICSharpCode.SharpZipLib.csproj,T0,delete,,,L,,,,,ready,,,,ccb2b94ea5a565ea8c7e4106b05e0b62cd9c05a7520e1eb470940df96f190741,,
ExtLibs/ICSharpCode.SharpZipLib/Zip/Compression/Streams/OutputWindow.cs,195,ICSharpCode.SharpZipLib.Zip.Compression.Streams,ExtLibs/ICSharpCode.SharpZipLib/ICSharpCode.SharpZipLib.csproj,T0,delete,,,S,,,,,ready,,,,81e22f7bd3d2e203f3e7c83c629bf1ad6f4c90e137bce84aaed4f809e256d78b,,
ExtLibs/ICSharpCode.SharpZipLib/Zip/Compression/Streams/StreamManipulator.cs,275,ICSharpCode.SharpZipLib.Zip.Compression.Streams,ExtLibs/ICSharpCode.SharpZipLib/ICSharpCode.SharpZipLib.csproj,T0,delete,,,M,,,,,ready,,,,1b1107beb8167dce116ae425b5864937ce641b73343b22a8a3feedcf3676a939,,
ExtLibs/ICSharpCode.SharpZipLib/Zip/FastZip.cs,665,ICSharpCode.SharpZipLib.Zip,ExtLibs/ICSharpCode.SharpZipLib/ICSharpCode.SharpZipLib.csproj,T0,delete,,,L,,,,,ready,,,,a321876b6e6f595af1259385e2e63cf896b2681b50c9fa5f6e53321b8eb14506,,
ExtLibs/ICSharpCode.SharpZipLib/Zip/IEntryFactory.cs,54,ICSharpCode.SharpZipLib.Zip,ExtLibs/ICSharpCode.SharpZipLib/ICSharpCode.SharpZipLib.csproj,T0,delete,,,S,,,,,ready,,,,4128c373390c86a1b011874cf0675dad8537306542c1887d27316979ee2ae175,,
ExtLibs/ICSharpCode.SharpZipLib/Zip/WindowsNameTransform.cs,230,ICSharpCode.SharpZipLib.Zip,ExtLibs/ICSharpCode.SharpZipLib/ICSharpCode.SharpZipLib.csproj,T0,delete,,,M,,,,,ready,,,,6663046eda43b379a78bff263779d7e08cf1636e83bab0e798be087b41295b19,,
ExtLibs/ICSharpCode.SharpZipLib/Zip/ZipConstants.cs,469,ICSharpCode.SharpZipLib.Zip,ExtLibs/ICSharpCode.SharpZipLib/ICSharpCode.SharpZipLib.csproj,T0,delete,,,M,,,,,ready,,,,3dd8b611246491a98e81dfec452c20faa473ab2ca223061a1de64f9e7ee6dd26,,
ExtLibs/ICSharpCode.SharpZipLib/Zip/ZipEntry.cs,1184,ICSharpCode.SharpZipLib.Zip,ExtLibs/ICSharpCode.SharpZipLib/ICSharpCode.SharpZipLib.csproj,T0,delete,,,L,,,,,ready,,,,b22900deeb20d682b9ccd28e6e04963ff7dbefe052946e4f73fd5b896211f310,,
ExtLibs/ICSharpCode.SharpZipLib/Zip/ZipEntryFactory.cs,340,ICSharpCode.SharpZipLib.Zip,ExtLibs/ICSharpCode.SharpZipLib/ICSharpCode.SharpZipLib.csproj,T0,delete,,,M,,,,,ready,,,,ab66330f457ef026ffed1699bcb6d19c35f2667863ca2883bcbeb946fdbaefe0,,
ExtLibs/ICSharpCode.SharpZipLib/Zip/ZipException.cs,37,ICSharpCode.SharpZipLib.Zip,ExtLibs/ICSharpCode.SharpZipLib/ICSharpCode.SharpZipLib.csproj,T0,delete,,,S,,,,,ready,,,,744887df00eb809350fbf44d739d147d550cfb199538b170823f4a537dcf2c81,,
ExtLibs/ICSharpCode.SharpZipLib/Zip/ZipExtraData.cs,896,ICSharpCode.SharpZipLib.Zip,ExtLibs/ICSharpCode.SharpZipLib/ICSharpCode.SharpZipLib.csproj,T0,delete,,,L,,,,,ready,,,,c93cf7623231736eb67ef1d4f25887575116c4b74c1b1e949ffd8278c830b9a2,,
ExtLibs/ICSharpCode.SharpZipLib/Zip/ZipFile.cs,4243,ICSharpCode.SharpZipLib.Zip,ExtLibs/ICSharpCode.SharpZipLib/ICSharpCode.SharpZipLib.csproj,T0,delete,,,XL,,,,,ready,,,,2ed4365d2fbcd20d8bec2dd6d083feeeb4f8ea633f53c686661262a04745f222,,
ExtLibs/ICSharpCode.SharpZipLib/Zip/ZipHelperStream.cs,561,ICSharpCode.SharpZipLib.Zip,ExtLibs/ICSharpCode.SharpZipLib/ICSharpCode.SharpZipLib.csproj,T0,delete,,,M,,,,,ready,,,,546a8a45125c0bcbb2eab1b2922470d9d5d7971fae34fa36f01b9fa7a19bda89,,
ExtLibs/ICSharpCode.SharpZipLib/Zip/ZipInputStream.cs,610,ICSharpCode.SharpZipLib.Zip,ExtLibs/ICSharpCode.SharpZipLib/ICSharpCode.SharpZipLib.csproj,T0,delete,,,L,,,,,ready,,,,9e5f6b0397927d58e2ab7d6bf0ce14bc380ceb60c06b2eb16d1ed683703d71da,,
ExtLibs/ICSharpCode.SharpZipLib/Zip/ZipNameTransform.cs,220,ICSharpCode.SharpZipLib.Zip,ExtLibs/ICSharpCode.SharpZipLib/ICSharpCode.SharpZipLib.csproj,T0,delete,,,M,,,,,ready,,,,d720f9ad0124c12d0ff5b969c8c314f0121a7dcc539a0e335fd10bf2de347088,,
ExtLibs/ICSharpCode.SharpZipLib/Zip/ZipOutputStream.cs,817,ICSharpCode.SharpZipLib.Zip,ExtLibs/ICSharpCode.SharpZipLib/ICSharpCode.SharpZipLib.csproj,T0,delete,,,L,,,,,ready,,,,d3c1e66d986503b8b91006d541645b3c5f1170a28a87fdf42af38c4ae5750d3f,,
ExtLibs/ICSharpCode.SharpZipLib/Zip/ZipStrings.cs,184,ICSharpCode.SharpZipLib.Zip,ExtLibs/ICSharpCode.SharpZipLib/ICSharpCode.SharpZipLib.csproj,T0,delete,,,S,,,,,ready,,,,1a3138bf25835aaab338af61f12329b29f7eb532a9f75821424ad2c8e59c0626,,
ExtLibs/ImageVisualizer/src/ImageVisualizer14/ImageControl.xaml.cs,216,Aberus.VisualStudio.Debugger.ImageVisualizer,MissionPlanner.csproj,T0,delete,,,M,,,,,dropped,,,,b8c54f8ad4d6e30dbbc04221a70f7b99e1c2cfc06004ff5f310eb4874372d81f,,"no callers in the C# tree as of efb0801 (D16): compiled by no project (MissionPlannerLib.csproj has Compile Remove=""ExtLibs\ImageVisualizer\**""); declares ImageControl"
ExtLibs/ImageVisualizer/src/ImageVisualizer14/ImageForm.Designer.cs,138,Aberus.VisualStudio.Debugger.ImageVisualizer,MissionPlanner.csproj,T0,delete,,,S,,,,,dropped,,,,03a0a939f7f22ddebff56833ecf6934b4ae84e536961bc5da4f3feeddffd2f88,,"a separate program, not the planner: ExtLibs/ImageVisualizer, a Visual Studio debugger visualizer (MissionPlannerLib.sln), not part of the running planner"
ExtLibs/ImageVisualizer/src/ImageVisualizer14/ImageForm.cs,95,Aberus.VisualStudio.Debugger.ImageVisualizer,MissionPlanner.csproj,T0,delete,,,S,,,,,dropped,,,,b70341ae19f64840e011e84e98bc266ffe056d32786a29e59c405577ab4939e8,,"a separate program, not the planner: ExtLibs/ImageVisualizer, a Visual Studio debugger visualizer (MissionPlannerLib.sln), not part of the running planner"
ExtLibs/ImageVisualizer/src/ImageVisualizer14/ImageVisualizer.cs,64,Aberus.VisualStudio.Debugger.ImageVisualizer,MissionPlanner.csproj,T0,delete,,,S,,,,,dropped,,,,9e108b72a4a209cb8a76b11f8ddc371d80e420e07442527cc3503495987ccf41,,"a separate program, not the planner: ExtLibs/ImageVisualizer, a Visual Studio debugger visualizer (MissionPlannerLib.sln), not part of the running planner"
ExtLibs/ImageVisualizer/src/ImageVisualizer14/ImageVisualizerObjectSource.cs,59,Aberus.VisualStudio.Debugger.ImageVisualizer,MissionPlanner.csproj,T0,delete,,,S,,,,,dropped,,,,185862a9f46e6210742bf1944ea723507bdaeb0d3ff7e60940cb693cb781a7de,,"a separate program, not the planner: ExtLibs/ImageVisualizer, a Visual Studio debugger visualizer (MissionPlannerLib.sln), not part of the running planner"
ExtLibs/ImageVisualizer/src/ImageVisualizer14/Properties/AssemblyInfo.cs,36,,MissionPlanner.csproj,T0,delete,,,S,,,,,dropped,,,,769eb4163de35f0f11cb8ce7cfed603091b205367a62e5a8113b48b3cf58b37f,,"a separate program, not the planner: ExtLibs/ImageVisualizer, a Visual Studio debugger visualizer (MissionPlannerLib.sln), not part of the running planner"
ExtLibs/ImageVisualizer/src/ImageVisualizer14/SerializableBitmapImage.cs,96,Aberus.VisualStudio.Debugger.ImageVisualizer,MissionPlanner.csproj,T0,delete,,,S,,,,,dropped,,,,5c78edc43a78ec926ade0db9e62bfb6d445072920797b729c50cc43dfea3ec4b,,"a separate program, not the planner: ExtLibs/ImageVisualizer, a Visual Studio debugger visualizer (MissionPlannerLib.sln), not part of the running planner"
ExtLibs/ImageVisualizer/src/ImageVisualizerPackage/ImageVisualizerPackage.cs,76,Aberus.VisualStudio.Debugger.ImageVisualizer,ExtLibs/ImageVisualizer/src/ImageVisualizerPackage/ImageVisualizerSkiaPackage.csproj,T0,delete,,,S,,,,,dropped,,,,824e9693bfc1153f328fbefa0ed70090c2c1c02e0d923ef3260498b7de84c56f,,"a separate program, not the planner: ExtLibs/ImageVisualizer, a Visual Studio debugger visualizer (MissionPlannerLib.sln), not part of the running planner"
ExtLibs/Installer/ILog.cs,28,log4net,ExtLibs/Installer/Installer.csproj,T3,hand-port,,,S,,,,,dropped,,,,bcb61cd387eeabf1700f5f2cfd48653b3408bbaa297d7ab820e30a71fb0b8c5d,,"a separate program, not the planner: ExtLibs/Installer/Installer.csproj, an Exe nothing in the planner references or runs"
ExtLibs/Installer/Installer.Designer.cs,141,Installer,ExtLibs/Installer/Installer.csproj,T2,extract,,,S,,,,,dropped,,,,efef1f64cbeb6cd155e0cf8dbad8600399809eea7ff6f44bb95c364ca566bf6a,,"a separate program, not the planner: ExtLibs/Installer/Installer.csproj, an Exe nothing in the planner references or runs"
ExtLibs/Installer/Installer.cs,209,System,ExtLibs/Installer/Installer.csproj,T3,hand-port,,,M,,,,,dropped,,,,146c813c012745cb5c3ff44c35717437171cbbf429b339d7b2ee937d4c9d4135,,"a separate program, not the planner: ExtLibs/Installer/Installer.csproj, an Exe nothing in the planner references or runs"
ExtLibs/Installer/LogManager.cs,11,log4net,ExtLibs/Installer/Installer.csproj,T3,hand-port,,,S,,,,,dropped,,,,699421ab5525bba82777020a10ca7db61577e04b0c1009c32089ea2feb53598a,,"a separate program, not the planner: ExtLibs/Installer/Installer.csproj, an Exe nothing in the planner references or runs"
ExtLibs/Installer/Program.cs,22,Installer,ExtLibs/Installer/Installer.csproj,T3,hand-port,,,S,,,,,dropped,,,,bb83017107684589440c52073a1e4dfbb77a6518d296de6aa9cf4aebb6450eaf,,"a separate program, not the planner: ExtLibs/Installer/Installer.csproj, an Exe nothing in the planner references or runs"
ExtLibs/Interfaces/IActivate.cs,27,MissionPlanner.Controls,ExtLibs/Interfaces/Interfaces.csproj,T3,hand-port,,,S,,,,,ready,,,,500c164a6f64eb1ca6e4d0fa11952a70f01e6026956186b890e3d609892bb14c,,
ExtLibs/Interfaces/ICommsSerial.cs,74,MissionPlanner.Comms,ExtLibs/Interfaces/Interfaces.csproj,T3,hand-port,,,S,,,,,ready,,,,3f2545a1ba18574df896ab3452d32410ab8de691c344a0dd710b1ac4ca7332fb,,
ExtLibs/Interfaces/IGraphics.cs,367,,ExtLibs/Interfaces/Interfaces.csproj,T3,hand-port,,,M,,,,,ready,,,,4a7c9bcedaf014609ca04ee2308901777869950f19a5069ba0fc8bb27c6d3d12,,
ExtLibs/Interfaces/ServiceLocator.cs,34,Interfaces,ExtLibs/Interfaces/Interfaces.csproj,T3,hand-port,,,S,,,,,ready,,,,61e3159eb52bc26fa517f6cab387558ce240735892e96c9b6a63981b913e1229,,
ExtLibs/KMLib/Abstract/AColorStyle.cs,10,KMLib.Abstract,ExtLibs/KMLib/KMLib.csproj,T0,delete,,,S,,,,,ready,,,,f0c0982c33e50191578499f26d2bfdf76c852d437c47c0e69e61bd69bc32f525,,
ExtLibs/KMLib/Abstract/AContainer.cs,34,KMLib.Abstract,ExtLibs/KMLib/KMLib.csproj,T0,delete,,,S,,,,,ready,,,,96d4c6e667e784e50932874fea6dcb79d0d84ceb0f21a04228e3f3599996dd52,,
ExtLibs/KMLib/Abstract/AFeature.cs,192,KMLib.Abstract,ExtLibs/KMLib/KMLib.csproj,T0,delete,,,S,,,,,ready,,,,d254489509c027cfc4920462413875d56a638882fe34b4231b932b9c95b3b534,,
ExtLibs/KMLib/Abstract/AGeometry.cs,47,KMLib.Abstract,ExtLibs/KMLib/KMLib.csproj,T0,delete,,,S,,,,,ready,,,,5b07f77e0e6157d4f79598a09ce999b472e7520505b2bbad1df7f7a926e2b355,,
ExtLibs/KMLib/Abstract/ALink.cs,106,KMLib.Abstract,ExtLibs/KMLib/KMLib.csproj,T0,delete,,,S,,,,,ready,,,,d19a0ad382519f616a3ed6ffd9da633f05eb9ab007ff7ddba198a22e3ef27f69,,
ExtLibs/KMLib/Abstract/AObject.cs,21,KMLib.Abstract,ExtLibs/KMLib/KMLib.csproj,T0,delete,,,S,,,,,ready,,,,9cc7f15db4e055dedb63741dcaaddaaabd3bb13d81650a7b5969f4a81317ba0d,,
ExtLibs/KMLib/Abstract/AOverlay.cs,56,KMLib.Abstract,ExtLibs/KMLib/KMLib.csproj,T0,delete,,,S,,,,,ready,,,,a1ee881229e4ec9b8a6308d86bcfea8551392954180ebcf388afdb5e3049ad83,,
ExtLibs/KMLib/Abstract/ASchemaField.cs,10,KMLib.Abstract,ExtLibs/KMLib/KMLib.csproj,T0,delete,,,S,,,,,ready,,,,783f9942d320e401ac42371d3432cca31c4aa7211e11e3bdb048c5a7c6991a26,,
ExtLibs/KMLib/Abstract/AStyleSelector.cs,10,KMLib.Abstract,ExtLibs/KMLib/KMLib.csproj,T0,delete,,,S,,,,,ready,,,,c8cc65acfc9e7e98c4d0435262428e1ee7807039ca74d30038e8406a9e550eb0,,
ExtLibs/KMLib/Abstract/ATimePrimitive.cs,10,KMLib.Abstract,ExtLibs/KMLib/KMLib.csproj,T0,delete,,,S,,,,,ready,,,,2df06ba17737ee8995e2e448730e4fc2584129c59a1ddeb3931d691549bd8840,,
ExtLibs/KMLib/BoundaryIs.cs,22,KMLib,ExtLibs/KMLib/KMLib.csproj,T0,delete,,,S,,,,,ready,,,,bd18e5525917e7561a77b08214dddcac542c5cb17d9686cff6a5ebf2ec48283c,,
ExtLibs/KMLib/CoordManager.cs,47,KMLib,ExtLibs/KMLib/KMLib.csproj,T0,delete,,,S,,,,,ready,,,,5906a73c79914101a3a0ace74dae78b2a62cff2792b3feb3dd9c56cd324e40f4,,
ExtLibs/KMLib/Coordinates.cs,57,KMLib,ExtLibs/KMLib/KMLib.csproj,T0,delete,,,S,,,,,ready,,,,15e5f745eafaea9d7c84fdfdcf52ebed572f040ea07eb5a60374d29be0f1dd0b,,
ExtLibs/KMLib/Document.cs,80,KMLib,ExtLibs/KMLib/KMLib.csproj,T0,delete,,,S,,,,,ready,,,,d012e36116d89093f37cf1a8fd36734c73033d848ffec6a83c60631a41a87b85,,
ExtLibs/KMLib/Feature/Document.cs,11,KMLib.Feature,ExtLibs/KMLib/KMLib.csproj,T0,delete,,,S,,,,,ready,,,,b55a709f8b65cdfae244d4ace8e8abb5dc73272fe6627683c6d56c53df20ce1f,,
ExtLibs/KMLib/Feature/Folder.cs,15,KMLib.Feature,ExtLibs/KMLib/KMLib.csproj,T0,delete,,,S,,,,,ready,,,,71bce72a4113ccd8bd0f4d86ec075fba1d5e5768e3a3639da6fd92187684981f,,
ExtLibs/KMLib/Feature/GroundOverlay.cs,64,KMLib.Feature,ExtLibs/KMLib/KMLib.csproj,T0,delete,,,S,,,,,ready,,,,2775e63dc51dd45dc03bdccb7c92225f541360f61142c8766e24e23ccd9fb780,,
ExtLibs/KMLib/Feature/NetworkLink.cs,43,KMLib.Feature,ExtLibs/KMLib/KMLib.csproj,T0,delete,,,S,,,,,ready,,,,a05456fb85d42672d49d283a485dabcad631827f4b7c79ccd77951cb1af0205e,,
ExtLibs/KMLib/Feature/Placemark.cs,151,KMLib.Feature,ExtLibs/KMLib/KMLib.csproj,T0,delete,,,S,,,,,ready,,,,bc3876ab612f6e0d379235e33f5bcf02a1f80cd9f5d99fe2ff8ed2defdb55e55,,
ExtLibs/KMLib/Feature/ScreenOverlay.cs,11,KMLib.Feature,ExtLibs/KMLib/KMLib.csproj,T0,delete,,,S,,,,,ready,,,,6e3d2fdd2134ae7fddcd6e9bbeb1a941788d1b1095cced316e0e69993f504d56,,
ExtLibs/KMLib/Geometry/LineString.cs,24,KMLib,ExtLibs/KMLib/KMLib.csproj,T0,delete,,,S,,,,,ready,,,,6abc9312b7236f12e1fdb23e27271106fcb197f6c3bf09948b7a896b8ab38494,,
ExtLibs/KMLib/Geometry/LinearRing.cs,38,KMLib,ExtLibs/KMLib/KMLib.csproj,T0,delete,,,S,,,,,ready,,,,6016107d96a97648e618b88a5bb4720ecc3b8b735a8690cf93ec30d2579aa56e,,
ExtLibs/KMLib/Geometry/Model.cs,86,KMLib.Geometry,ExtLibs/KMLib/KMLib.csproj,T0,delete,,,S,,,,,ready,,,,40c8ccd265ddaee7f1401219eea33e84fa4cac0058a0991b27f87b9501949c8c,,
ExtLibs/KMLib/Geometry/MultiGeometry.cs,11,KMLib.Geometry,ExtLibs/KMLib/KMLib.csproj,T0,delete,,,S,,,,,ready,,,,9443fb4be22c976b763c224edaaefb81c46c0649d76eb0f5a6f802f8df4a01dc,,
ExtLibs/KMLib/Geometry/Point.cs,108,KMLib.Geometry,ExtLibs/KMLib/KMLib.csproj,T0,delete,,,S,,,,,ready,,,,d105b334f8a97a1a9f4524a1825912f38c8e7f9041e45815d2636ec947fa148a,,
ExtLibs/KMLib/Geometry/Polygon.cs,41,KMLib,ExtLibs/KMLib/KMLib.csproj,T0,delete,,,S,,,,,ready,,,,95a3f4d0bd58eb0f0b17cfacf90f015250eeca441e650abf0043446210923be2,,
ExtLibs/KMLib/Icon.cs,27,KMLib,ExtLibs/KMLib/KMLib.csproj,T0,delete,,,S,,,,,ready,,,,17b86f3107e536be2c918d2a42a715e2bae7e9d819069660d35d0c2dd8e91bdb,,
ExtLibs/KMLib/LatLonAltBox.cs,143,KMLib,ExtLibs/KMLib/KMLib.csproj,T0,delete,,,S,,,,,ready,,,,3b74926d75f270abec970b9ed92126e39fcdb9681071cd2dfb67f7a4fb784df2,,
ExtLibs/KMLib/Link.cs,29,KMLib,ExtLibs/KMLib/KMLib.csproj,T0,delete,,,S,,,,,ready,,,,88b2d72694aac5ffd8200dd771e3daeafd35713a50c912f2033601d7e4a5e256,,
ExtLibs/KMLib/Lod.cs,35,KMLib,ExtLibs/KMLib/KMLib.csproj,T0,delete,,,S,,,,,ready,,,,069ff4ae5c1690568cab1c097c93685ecf80e08b73411d6f4eba01728d798d16,,
ExtLibs/KMLib/LookAt.cs,15,KMLib,ExtLibs/KMLib/KMLib.csproj,T0,delete,,,S,,,,,ready,,,,9e739d61e37b981723c40da5855a7da164e073f4cdaa74e8e316bc1b4664f209,,
ExtLibs/KMLib/Metadata.cs,27,KMLib,ExtLibs/KMLib/KMLib.csproj,T0,delete,,,S,,,,,ready,,,,02d921473b1e86990aa201bc6383c3fd53a247761e534c0b4fd7d1ae2567ba10,,
ExtLibs/KMLib/Properties/AssemblyInfo.cs,0,,ExtLibs/KMLib/KMLib.csproj,T0,delete,,,S,,,,,dropped,,,,f1945cd6c19e56b3c1c78943ef5ec18116907a4ca1efc40a57d48ab1db7adfc5,,"no callers in the C# tree as of efb0801 (D16): compiled by no project (ExtLibs/KMLib/KMLib.csproj has Compile Remove=""Properties\AssemblyInfo.cs""); declares nothing"
ExtLibs/KMLib/Region.cs,48,KMLib,ExtLibs/KMLib/KMLib.csproj,T0,delete,,,S,,,,,ready,,,,edae1054aed37ff50f64a6531e94b2026aa3e58a6fea8992db8901d03ad2f8e7,,
ExtLibs/KMLib/Snippet.cs,86,KMLib,ExtLibs/KMLib/KMLib.csproj,T0,delete,,,S,,,,,ready,,,,b315f032469e5b1ad430bc629eccad112308ca36c6aaabd680960f03dd216351,,
ExtLibs/KMLib/Style.cs,231,KMLib,ExtLibs/KMLib/KMLib.csproj,T0,delete,,,M,,,,,ready,,,,5c452663b94d40fa44baba96cbc3b1d4137d2a8bbf0cad158c54226aad5a54e9,,
ExtLibs/KMLib/Support/AGeomParent.cs,14,KMLib,ExtLibs/KMLib/KMLib.csproj,T0,delete,,,S,,,,,ready,,,,410c041061372cb64d81c14f1c38b7993182770608f573d80e838ae29e0ef17b,,
ExtLibs/KMLib/Support/Wrappers.cs,109,KMLib,ExtLibs/KMLib/KMLib.csproj,T0,delete,,,S,,,,,ready,,,,e8422d466c31fe9c4125661bbb67263762d393475737bf5e8ceebc036253f2b2,,
ExtLibs/KMLib/Support/enums etc.cs,20,KMLib,ExtLibs/KMLib/KMLib.csproj,T0,delete,,,S,,,,,ready,,,,bc937eb4d351037657509f5b2186e7b5f5b9f9da3240832531c9e25160d67b06,,
ExtLibs/KMLib/TimeSpan.cs,45,KMLib,ExtLibs/KMLib/KMLib.csproj,T0,delete,,,S,,,,,ready,,,,fbf9502e26e33dff55f58a673b93f612b4ae3114980082b25335f3e8f3c53aef,,
ExtLibs/KMLib/TimeStamp.cs,31,KMLib,ExtLibs/KMLib/KMLib.csproj,T0,delete,,,S,,,,,ready,,,,e84373dc32866d0570f1d4569fb7b2df3f9685ffea4a971c5105cfcc591d639c,,
ExtLibs/KMLib/kml.cs,76,KMLib,ExtLibs/KMLib/KMLib.csproj,T0,delete,,,S,,,,,ready,,,,963e217d6cda275f6be5fd263c774773cca08485924798bd1d0d34c2fbed4a42,,
ExtLibs/LEDBulb/Bulb/Form1.Designer.cs,262,Bulb,ExtLibs/LEDBulb/Bulb/Bulb.csproj,T2,extract,,,M,,,,,ready,,,,3fe2d87c4cd914f76fccc924f840143de4e2ae66d92ff3952f3deff24c6274b3,,
ExtLibs/LEDBulb/Bulb/Form1.cs,30,Bulb,ExtLibs/LEDBulb/Bulb/Bulb.csproj,T3,hand-port,,,S,,,,,ready,,,,bdb814af2b8b325eac98576c156fbd5cea17ca11b6cdfa63341d4f008ca20339,,
ExtLibs/LEDBulb/Bulb/LedBulb.cs,156,Bulb,ExtLibs/LEDBulb/Bulb/Bulb.csproj,T3,hand-port,,,S,,,,,ready,,,,5c3927eb38ddc61c251f93ba5daca46efe29ee4340c856d7110f1fb28f6a09ef,,
ExtLibs/LEDBulb/Bulb/Program.cs,18,Bulb,ExtLibs/LEDBulb/Bulb/Bulb.csproj,T3,hand-port,,,S,,,,,ready,,,,4eb6408db03720d537259de4e420975964c6d5364d41ba33a320ae6cc5746387,,
ExtLibs/LEDBulb/Bulb/Properties/AssemblyInfo.cs,36,,ExtLibs/LEDBulb/Bulb/Bulb.csproj,T3,hand-port,,,S,,,,,ready,,,,f13548b86174ad45f8578cc0e5531edd32ebbe1c51e24bf4649c8e17cb775af5,,
ExtLibs/LEDBulb/Bulb/Properties/Resources.Designer.cs,73,Bulb.Properties,ExtLibs/LEDBulb/Bulb/Bulb.csproj,T1,regenerate,,,S,,,,,ready,,,,e671e534594122633e7142afdc19c1684591945c0cb358c5b9216f4891928138,,
ExtLibs/LEDBulb/Bulb/Properties/Settings.Designer.cs,26,Bulb.Properties,ExtLibs/LEDBulb/Bulb/Bulb.csproj,T1,regenerate,,,S,,,,,ready,,,,ed14396aeff494ddcd06bc24608f6a776d1940fccc3f8e5edbb197567c44ae39,,
ExtLibs/LibTessDotNet/Properties/AssemblyInfo.cs,36,,ExtLibs/LibTessDotNet/LibTessDotNet.csproj,T0,delete,,,S,,,,,dropped,,,,5062e291d59b42833b9197e307be1621e61011039311aab968c0bc973e36c52d,,"no callers in the C# tree as of efb0801 (D16): compiled by no project (ExtLibs/LibTessDotNet/LibTessDotNet.csproj has Compile Remove=""Properties\AssemblyInfo.cs""); declares nothing"
ExtLibs/LibTessDotNet/Sources/Dict.cs,106,LibTessDotNet.Double,ExtLibs/LibTessDotNet/LibTessDotNet.csproj,T0,delete,,,S,,,,,ready,,,,8a1dbe79c0a890e9572dd5b11bf449e98401d92d395ae53b00511d7706a77acf,,
ExtLibs/LibTessDotNet/Sources/Geom.cs,301,LibTessDotNet.Double,ExtLibs/LibTessDotNet/LibTessDotNet.csproj,T0,delete,,,M,,,,,ready,,,,bde485670c111d4f7de0f4206e8e21276abad6004e404e0448ea5b342635696e,,
ExtLibs/LibTessDotNet/Sources/Mesh.cs,499,LibTessDotNet.Double,ExtLibs/LibTessDotNet/LibTessDotNet.csproj,T0,delete,,,M,,,,,ready,,,,5926119d01b8f47e20e8e67aa4319263c7dae0babd05294395034c0c608818f3,,
ExtLibs/LibTessDotNet/Sources/MeshUtils.cs,466,LibTessDotNet.Double,ExtLibs/LibTessDotNet/LibTessDotNet.csproj,T0,delete,,,M,,,,,ready,,,,6b94bc1e25743a3e1236de1436ba05bf0ed84b1d5ddf3dfb6cd11d0559c8a87a,,
ExtLibs/LibTessDotNet/Sources/PriorityHeap.cs,245,LibTessDotNet.Double,ExtLibs/LibTessDotNet/LibTessDotNet.csproj,T0,delete,,,M,,,,,ready,,,,08b14dc701144efa49e34a0db9f1c25e19e02eb590a5a5ca6ac147f14b3a518c,,
ExtLibs/LibTessDotNet/Sources/PriorityQueue.cs,230,LibTessDotNet.Double,ExtLibs/LibTessDotNet/LibTessDotNet.csproj,T0,delete,,,M,,,,,ready,,,,9c0c76b8f7a8c07b9fcaa1236bf5043739e2bc96f27deb160ce53d10df4630c9,,
ExtLibs/LibTessDotNet/Sources/Sweep.cs,1238,LibTessDotNet.Double,ExtLibs/LibTessDotNet/LibTessDotNet.csproj,T0,delete,,,L,,,,,ready,,,,693cd62518b521f1306164dda13b854f696eb64ddab4ec86b524c1b9216d7eeb,,
ExtLibs/LibTessDotNet/Sources/Tess.cs,750,LibTessDotNet.Double,ExtLibs/LibTessDotNet/LibTessDotNet.csproj,T0,delete,,,L,,,,,ready,,,,888680c931850d23a7081a5ea0473f87027c9e5718d6d5cf0f4d638466c37d1e,,
ExtLibs/LibVLC.NET/AudioTrack.cs,112,LibVLC.NET,ExtLibs/LibVLC.NET/LibVLC.NET.csproj,T0,delete,,,S,,,,,ready,,,,7fcae0a04dc9d3c03a293eabdbb6f53ceea823db26de86994d982c0ad8c80dd8,,
ExtLibs/LibVLC.NET/Instance.cs,167,LibVLC.NET,ExtLibs/LibVLC.NET/LibVLC.NET.csproj,T0,delete,,,S,,,,,ready,,,,5f80bc86bff010f53fb963c12988dd98d9a91af70cd7ea855a69b3c90bb8e009,,
ExtLibs/LibVLC.NET/LibVLCException.cs,90,LibVLC.NET,ExtLibs/LibVLC.NET/LibVLC.NET.csproj,T0,delete,,,S,,,,,ready,,,,fbe1c20c130689b098ab84431d2757bda01f276eec0fa56dedb7a6fdf5d73f3a,,
ExtLibs/LibVLC.NET/LibVLCLibrary.Core.AsynchronousEvents.cs,396,LibVLC.NET,ExtLibs/LibVLC.NET/LibVLC.NET.csproj,T0,delete,,,M,,,,,ready,,,,cc40892514715794a808dd6a1b67caf917f345e49d9613143d17bd29b8cd99cb,,
ExtLibs/LibVLC.NET/LibVLCLibrary.Core.ErrorHandling.cs,77,LibVLC.NET,ExtLibs/LibVLC.NET/LibVLC.NET.csproj,T0,delete,,,S,,,,,ready,,,,9eaf4f5d196171d688cafd574e44b677f7fbec9888978be56633a0da8b057142,,
ExtLibs/LibVLC.NET/LibVLCLibrary.Core.cs,188,LibVLC.NET,ExtLibs/LibVLC.NET/LibVLC.NET.csproj,T0,delete,,,S,,,,,ready,,,,98897331892ec991a472aba91d8a180069f740e3e94ae6029de0ad227ea56aa5,,
ExtLibs/LibVLC.NET/LibVLCLibrary.Media.cs,398,LibVLC.NET,ExtLibs/LibVLC.NET/LibVLC.NET.csproj,T0,delete,,,M,,,,,ready,,,,0c249923793733eaf75c671c2f30ec496963743ab8805f99ea0149035f430cc2,,
ExtLibs/LibVLC.NET/LibVLCLibrary.MediaList.cs,140,LibVLC.NET,ExtLibs/LibVLC.NET/LibVLC.NET.csproj,T0,delete,,,S,,,,,ready,,,,56a3ffed891f73d607b6b7bfe0dc428bd0104d674abde11053c9031751ed7c60,,
ExtLibs/LibVLC.NET/LibVLCLibrary.MediaPlayer.AudioControls.cs,200,LibVLC.NET,ExtLibs/LibVLC.NET/LibVLC.NET.csproj,T0,delete,,,M,,,,,ready,,,,acc69359d9e37ead1e9a9f22a6eaf511afc0a169cf345e8fe68077e99959acc1,,
ExtLibs/LibVLC.NET/LibVLCLibrary.MediaPlayer.VideoControls.cs,315,LibVLC.NET,ExtLibs/LibVLC.NET/LibVLC.NET.csproj,T0,delete,,,M,,,,,ready,,,,d4b7c16d51a8ed8e4768ca57c37cd1fada3fcc013b7517ea2367e2c6193663af,,
ExtLibs/LibVLC.NET/LibVLCLibrary.MediaPlayer.cs,653,LibVLC.NET,ExtLibs/LibVLC.NET/LibVLC.NET.csproj,T0,delete,,,L,,,,,ready,,,,220579bec07abe02dadfc1f8a4b26972293bdea6711b8a94ee752273ea93a9ae,,
ExtLibs/LibVLC.NET/LibVLCLibrary.cs,498,LibVLC.NET,ExtLibs/LibVLC.NET/LibVLC.NET.csproj,T0,delete,,,M,,,,,ready,,,,630f822ee43f577bc61a67ee279c67339e07f54b08f966d0c6c34c9bd479294d,,
ExtLibs/LibVLC.NET/MediaPlayer.cs,1111,LibVLC.NET,ExtLibs/LibVLC.NET/LibVLC.NET.csproj,T0,delete,,,L,,,,,ready,,,,1c2259a3aa762cad9f85e59f9b855f2de53cf1cd334f0fccba421d0e68e7365f,,
ExtLibs/LibVLC.NET/MediaPlayerEvent.cs,98,LibVLC.NET,ExtLibs/LibVLC.NET/LibVLC.NET.csproj,T0,delete,,,S,,,,,ready,,,,d5005d8c18505e69ede0d94453f17b6bcaaafbc5b0a2f78467e9ed648e5327ad,,
ExtLibs/LibVLC.NET/MediaPlayerState.cs,91,LibVLC.NET,ExtLibs/LibVLC.NET/LibVLC.NET.csproj,T0,delete,,,S,,,,,ready,,,,f9e49263d17fc1ea70bbe81737d481c45ac1132e3a6c8e48efde64d623e22f20,,
ExtLibs/LibVLC.NET/PixelFormat.cs,53,LibVLC.NET,ExtLibs/LibVLC.NET/LibVLC.NET.csproj,T0,delete,,,S,,,,,ready,,,,19a33ff136bf526d8086331033c39c4bbec388062ae21cf4256bd95f74ba095e,,
ExtLibs/LibVLC.NET/Properties/AssemblyInfo.cs,0,,ExtLibs/LibVLC.NET/LibVLC.NET.csproj,T0,delete,,,S,,,,,dropped,,,,f1945cd6c19e56b3c1c78943ef5ec18116907a4ca1efc40a57d48ab1db7adfc5,,"no callers in the C# tree as of efb0801 (D16): compiled by no project (ExtLibs/LibVLC.NET/LibVLC.NET.csproj has Compile Remove=""Properties\AssemblyInfo.cs""); declares nothing"
ExtLibs/LibVLC.NET/SubtitleTrack.cs,51,LibVLC.NET,ExtLibs/LibVLC.NET/LibVLC.NET.csproj,T0,delete,,,S,,,,,ready,,,,5d954eb99cfd5f38be6f0af191ed09381b5dfe3f89fba7c9e56fd025b0dc9fff,,
ExtLibs/LibVLC.NET/Track.cs,241,LibVLC.NET,ExtLibs/LibVLC.NET/LibVLC.NET.csproj,T0,delete,,,M,,,,,ready,,,,08764df9fb4b4eb124596b281167c6bc6f1c40d3b05f986b0cbe03dc87801db6,,
ExtLibs/LibVLC.NET/VideoBuffer.cs,132,LibVLC.NET,ExtLibs/LibVLC.NET/LibVLC.NET.csproj,T0,delete,,,S,,,,,ready,,,,ee34e60901055d5953d6f7ee1d4f22f2b5876af850a61c1d20ece5391d41bfbb,,
ExtLibs/LibVLC.NET/VideoFormat.cs,93,LibVLC.NET,ExtLibs/LibVLC.NET/LibVLC.NET.csproj,T0,delete,,,S,,,,,ready,,,,5598117f80500df1231b88e8e7766fce5c70e32dc4b9aa813d3d101c0d25bad9,,
ExtLibs/LibVLC.NET/VideoTrack.cs,114,LibVLC.NET,ExtLibs/LibVLC.NET/LibVLC.NET.csproj,T0,delete,,,S,,,,,ready,,,,b4d185885dd0a85715c2021f7b85c0260833bd7948b2af6df7d76851b087afdf,,
ExtLibs/LibVLC.NET/WeakReference.cs,89,LibVLC.NET,ExtLibs/LibVLC.NET/LibVLC.NET.csproj,T0,delete,,,S,,,,,ready,,,,83a371dc80e210d0a6af88b8a0d70e19c4776fcc2cf675297330d1136d77d063,,
ExtLibs/ManagedNativeWifi.Simple/NativeWifi.cs,483,ManagedNativeWifi.Simple,ExtLibs/ManagedNativeWifi.Simple/ManagedNativeWifi.Simple.csproj,T3,hand-port,,,M,,,,,ready,,,,4f5a00a9d226d9b789bed1185536cf5267b8c0550803228937b86a802bafb326,,
ExtLibs/ManagedNativeWifi.Simple/Properties/AssemblyInfo.cs,0,,ExtLibs/ManagedNativeWifi.Simple/ManagedNativeWifi.Simple.csproj,T3,hand-port,,,S,,,,,dropped,,,,f1945cd6c19e56b3c1c78943ef5ec18116907a4ca1efc40a57d48ab1db7adfc5,,"no callers in the C# tree as of efb0801 (D16): compiled by no project (ExtLibs/ManagedNativeWifi.Simple/ManagedNativeWifi.Simple.csproj has Compile Remove=""Properties\AssemblyInfo.cs""); declares nothing"
ExtLibs/Maps/ArcGISArcticBathymetry.cs,94,MissionPlanner.Maps,ExtLibs/Maps/MissionPlanner.Maps.csproj,T3,hand-port,,,S,,,,,ready,,,,7d3e68703e603ef32c9ebceca871356425fbd9c58cb0d7c36eb8ce7b8d2dc00e,,
ExtLibs/Maps/Custom.cs,85,MissionPlanner.Maps,ExtLibs/Maps/MissionPlanner.Maps.csproj,T3,hand-port,,,S,,,,,ready,,,,f0fc6cf1b9eb35ee78e164c42300f2eecd50ee60f3ae131de688e2b9a4205ff8,,
ExtLibs/Maps/Earthbuilder.cs,92,MissionPlanner.Maps,ExtLibs/Maps/MissionPlanner.Maps.csproj,T3,hand-port,,,S,,,,,ready,,,,7d0e3f1929cfee10164c2ce1504363959e4a3182dea32ca809a4cdaaa1033622,,
ExtLibs/Maps/Eniro_Topo.cs,96,MissionPlanner.Maps,ExtLibs/Maps/MissionPlanner.Maps.csproj,T3,hand-port,,,S,,,,,ready,,,,e70f059a975d5f476c645c6906dd714b24d7270a0ee2e5e13d407cab3b569bcc,,
ExtLibs/Maps/EsriArcticImagery.cs,94,MissionPlanner.Maps,ExtLibs/Maps/MissionPlanner.Maps.csproj,T3,hand-port,,,S,,,,,ready,,,,23291d23cf5d660f18d8c2d95d1e0fb0bb079a2c1ce8b5e7736df58a763100be,,
ExtLibs/Maps/EsriArcticOceanBase.cs,95,MissionPlanner.Maps,ExtLibs/Maps/MissionPlanner.Maps.csproj,T3,hand-port,,,S,,,,,ready,,,,29c68a319ed671c262872f0deace345dd62c7ba471608993f8f63a0af9ab3ec4,,
ExtLibs/Maps/Extensions.cs,22,MissionPlanner.Maps,ExtLibs/Maps/MissionPlanner.Maps.csproj,T3,hand-port,,,S,,,,,ready,,,,00c1e881ac11d7f77d567eea9278674f0b3fe4a9d5023caa22c788ca293be6b7,,
ExtLibs/Maps/GIBSAntarctic.cs,96,MissionPlanner.Maps,ExtLibs/Maps/MissionPlanner.Maps.csproj,T3,hand-port,,,S,,,,,ready,,,,6dcfefbf63279730f46f221676403d51574b798469b388ea61f6e439a183320d,,
ExtLibs/Maps/GIBSArctic.cs,97,MissionPlanner.Maps,ExtLibs/Maps/MissionPlanner.Maps.csproj,T3,hand-port,,,S,,,,,ready,,,,04793f5918d88f04f52bba69424b675be373234cfddb3f4ddc873c84ae9241ad,,
ExtLibs/Maps/GMapMarkerADSBPlane.cs,69,MissionPlanner.Maps,ExtLibs/Maps/MissionPlanner.Maps.csproj,T3,hand-port,,,S,,,,,ready,,,,091919f81d83615ce8dc2b58846e6fd84f85a6e21f6b6f67f6640601a9f70a24,,
ExtLibs/Maps/GMapMarkerAISBoat.cs,63,MissionPlanner.Maps,ExtLibs/Maps/MissionPlanner.Maps.csproj,T3,hand-port,,,S,,,,,ready,,,,8519413213daa76efe9d2acc2ffdd3d5c8901dabfa8b3d005692948f0c199633,,
ExtLibs/Maps/GMapMarkerAirport.cs,103,MissionPlanner.Maps,ExtLibs/Maps/MissionPlanner.Maps.csproj,T3,hand-port,,,S,,,,,ready,,,,c2005267070e1010d099fd2cc36b5eb4711a6f8a9ce592e62d4e924eec833750,,
ExtLibs/Maps/GMapMarkerAntennaTracker.cs,50,MissionPlanner.Maps,ExtLibs/Maps/MissionPlanner.Maps.csproj,T3,hand-port,mp-gui,,S,behaviour-equivalent,,spec+review,,tested,,,crates/mp-gui/src/mapview.rs;crates/mp-gui/src/pictures.rs;tests/gui/fly-map-marker.gui,f6f557f056f6b1c35b9c4192a0335e96e398956a22419a5e2135a047c19c9ec2,,"the icon upright at 40 by 40, the heading and target lines at 500 whatever the settings"
ExtLibs/Maps/GMapMarkerArrow.cs,42,MissionPlanner.Maps,ExtLibs/Maps/MissionPlanner.Maps.csproj,T3,hand-port,,,S,,,,,dropped,,,,b68dcfedf76d63895833274f3d6c70b4b34781cf92a24b24b16035f010d973a5,,no callers in the C# tree as of efb0801 (D16): no other file names its types (comments aside); declares GMapMarkerArrow
ExtLibs/Maps/GMapMarkerBase.cs,41,MissionPlanner.Maps,ExtLibs/Maps/MissionPlanner.Maps.csproj,T3,hand-port,mp-gui,,S,behaviour-equivalent,,spec+review,,tested,,,crates/mp-gui/src/mapview.rs;crates/mp-gui/src/pictures.rs;tests/gui/fly-map-marker.gui,94ac063235be57746d9bd130800564ab99ceafca0bf2334b4e07557fea33095b,,"the display settings as MarkerSettings, read from GMapMarkerBase_* (MainV2.cs:3855-3860); IsActive, IsTransparent and IsHidden are for a second vehicle, which this map has not got"
ExtLibs/Maps/GMapMarkerBoat.cs,95,MissionPlanner.Maps,ExtLibs/Maps/MissionPlanner.Maps.csproj,T3,hand-port,mp-gui,,S,behaviour-equivalent,,spec+review,,tested,,,crates/mp-gui/src/mapview.rs;crates/mp-gui/src/pictures.rs;tests/gui/fly-map-marker.gui,e6a741b541a7aa96c61810610e7bf0607f4ec4f6af56f0a9b6e56b6877c2139c,,"Resources.boat turned to the heading at the C#'s (-width/2, -width/2), the four lines"
ExtLibs/Maps/GMapMarkerDistance.cs,76,MissionPlanner.Maps,ExtLibs/Maps/MissionPlanner.Maps.csproj,T3,hand-port,,,S,,,,,ready,,,,a82a6946dacef88fd487ef3315cc95ade9817b83d6b7d156b290a395e2650837,,
ExtLibs/Maps/GMapMarkerElevation.cs,166,MissionPlanner.Maps,ExtLibs/Maps/MissionPlanner.Maps.csproj,T3,hand-port,,,S,,,,,ready,,,,59ad40241cfc94d0333345efc4f575fdc35070085696ba6ff37c9f1af04043a8,,
ExtLibs/Maps/GMapMarkerFill.cs,364,MissionPlanner.Maps,ExtLibs/Maps/MissionPlanner.Maps.csproj,T3,hand-port,,,M,,,,,ready,,,,be57c3db77d785861e70ae746ce434895d41e68dc8d3116a27380a47031ea692,,
ExtLibs/Maps/GMapMarkerHeli.cs,82,MissionPlanner.Maps,ExtLibs/Maps/MissionPlanner.Maps.csproj,T3,hand-port,mp-gui,,S,behaviour-equivalent,,spec+review,,tested,,,crates/mp-gui/src/mapview.rs;crates/mp-gui/src/pictures.rs;tests/gui/fly-map-marker.gui,353217a270b286a072f64e3751ad8589725fd09f690f7128c84d5f0d0fe3cff5,,"Resources.heli turned to the heading, the three lines"
ExtLibs/Maps/GMapMarkerKMLLabel.cs,54,MissionPlanner.GCSViews,ExtLibs/Maps/MissionPlanner.Maps.csproj,T3,hand-port,,,S,,,,,ready,,,,8b458eaf3ceab14d09c5b3007a28ad16431b4256de6e1f49bd69051e9f342135,,
ExtLibs/Maps/GMapMarkerOverlapCount.cs,242,MissionPlanner.Maps,ExtLibs/Maps/MissionPlanner.Maps.csproj,T3,hand-port,mp-gui,,M,behaviour-equivalent,,spec+review,,tested,,,crates/mp-gui/src/camera_photos.rs;crates/mp-gui/src/mapview.rs;tests/gui/fly-cameraoverlap.gui,b253d4f95eb9f146e5cecc0f6d3c9d5aea13fee94efdae8bd7b567b8941b4364,generateCoverageAll (no caller); the Console.WriteLine timings; Math.Round's banker's rounding at an exact midpoint of a cell,"Add by name with the area reset and enlarged, generateCoverageFP's 0.0001-degree cells counted where IsInside, the area limit of a degree; OnRender's five-metre discs in the eight colours at alpha 140 with off-screen cells skipped, drawLegend's eight discs of twenty down the left from (20, 100) numbered in white"
ExtLibs/Maps/GMapMarkerPOI.cs,19,MissionPlanner.Maps,ExtLibs/Maps/MissionPlanner.Maps.csproj,T3,hand-port,,,S,,,,,ready,,,,5f866a087fdaddcff270f2024f6e79d0b9e05f851ec38591a4d49bc1e860bf5c,,
ExtLibs/Maps/GMapMarkerPhoto.cs,78,MissionPlanner.Maps,ExtLibs/Maps/MissionPlanner.Maps.csproj,T3,hand-port,mp-gui,,S,behaviour-equivalent,,spec+review,,tested,,,crates/mp-gui/src/camera_photos.rs;crates/mp-gui/src/mapview.rs;tests/gui/fly-cameraoverlap.gui,bcacfe765d42bb2e05c3268b7ba4c45934114c43d2e18357c2d7f28d71a5dc80,the IsMouseOver footprint is the map's hover over the icon's 20 by 20,"the marker of a CAMERA_FEEDBACK: position, the camera icon (camera_icon red below CAM_MIN_INTERVAL, camera_icon_G green), roll/pitch/yaw less the never-set trims, the tooltip, the footprint from ImageProjection.calc at hfov/vfov, drawn for the last four and under the pointer"
ExtLibs/Maps/GMapMarkerPlane.cs,198,MissionPlanner.Maps,ExtLibs/Maps/MissionPlanner.Maps.csproj,T3,hand-port,mp-gui,,S,behaviour-equivalent,,spec+review,,tested,,,crates/mp-gui/src/mapview.rs;crates/mp-gui/src/pictures.rs;tests/gui/fly-map-marker.gui,ace8c345275690c283a83fc7588bb038930edf78478ec9bc62bbb2e81da386fc,,"the outline filled in the sysid's colour over its shadow, the four lines, the turn radius arc from cs.radius"
ExtLibs/Maps/GMapMarkerPlus.cs,40,MissionPlanner.Maps,ExtLibs/Maps/MissionPlanner.Maps.csproj,T3,hand-port,,,S,,,,,ready,,,,f21cfb30928fed1729bef6df21248bfef91b714d28eb307dcd87c5a740a3fe48,,
ExtLibs/Maps/GMapMarkerQuad.cs,236,MissionPlanner.Maps,ExtLibs/Maps/MissionPlanner.Maps.csproj,T3,hand-port,mp-gui,,M,behaviour-equivalent,,spec+review,,tested,,,crates/mp-gui/src/mapview.rs;crates/mp-gui/src/pictures.rs;tests/gui/fly-map-marker.gui,0a115948545301deab2ccf7d722ac30f9c76014275ee40d611e76e50f6de4da6,"the sysid drawn upright, where the C# turns it with the frame; framerotation (always 0 in the C#); the inactive styles (one vehicle); the map's own rotation (Overlay.Control.Bearing), which is not ported","the motors, arms and body drawn, the sysid, the heading, cog and target lines, the warn and danger circles from AVD_W_DIST_XY and AVD_F_DIST_XY"
ExtLibs/Maps/GMapMarkerRallyPt.cs,53,MissionPlanner.Maps,ExtLibs/Maps/MissionPlanner.Maps.csproj,T3,hand-port,,,S,,,,,ready,,,,4223b29c67b99dd368a42624de35cb7271a6d0fb96f923a007bf0f5282e9ea47,,
ExtLibs/Maps/GMapMarkerRect.cs,99,GMap.NET.WindowsForms,ExtLibs/Maps/MissionPlanner.Maps.csproj,T3,hand-port,,,S,,,,,ready,,,,fdba74596cb3974b94f6c9855cb5b5e91e21f293765638625cce879b8dc6788d,,
ExtLibs/Maps/GMapMarkerRover.cs,99,MissionPlanner.Maps,ExtLibs/Maps/MissionPlanner.Maps.csproj,T3,hand-port,mp-gui,,S,behaviour-equivalent,,spec+review,,tested,,,crates/mp-gui/src/mapview.rs;crates/mp-gui/src/pictures.rs;tests/gui/fly-map-marker.gui,9148a012099e99e5d05287a2a8d3d2889668d962ebe585060fad452e7aa0c26c,,"Resources.rover turned to the heading, the four lines"
ExtLibs/Maps/GMapMarkerSingle.cs,88,MissionPlanner.Maps,ExtLibs/Maps/MissionPlanner.Maps.csproj,T3,hand-port,mp-gui,,S,behaviour-equivalent,,spec+review,,tested,,,crates/mp-gui/src/mapview.rs;crates/mp-gui/src/pictures.rs;tests/gui/fly-map-marker.gui,14e49b4c97b666396901788ae8cea6cdf32c924790367910a6458b637aed722f,,"Resources.redsinglecopter2 turned to the heading, the sysid, the three lines"
ExtLibs/Maps/GMapMarkerSub.cs,93,MissionPlanner.Maps,ExtLibs/Maps/MissionPlanner.Maps.csproj,T3,hand-port,mp-gui,,S,behaviour-equivalent,,spec+review,,tested,,,crates/mp-gui/src/mapview.rs;crates/mp-gui/src/pictures.rs;tests/gui/fly-map-marker.gui,1f5c23460ffec290118f71ba4f835d012ff2f20458f66bfab6f47f2e4204f410,,"Resources.sub at 59 by 59 turned to the heading, the four lines"
ExtLibs/Maps/GMapMarkerWP.cs,61,MissionPlanner.Maps,ExtLibs/Maps/MissionPlanner.Maps.csproj,T3,hand-port,,,S,,,,,ready,,,,9e9ff55c0cf5f7d6e7b57d6701815d5925e6280f73301f44430961f8ae600daa,,
ExtLibs/Maps/Japan.cs,96,MissionPlanner.Maps,ExtLibs/Maps/MissionPlanner.Maps.csproj,T3,hand-port,,,S,,,,,ready,,,,77bfb54e4958bae8e9339d30d7e25a9a4bd7e0e6e675f0cbc0ee2f9d05361799,,
ExtLibs/Maps/Japan_1974.cs,105,MissionPlanner.Maps,ExtLibs/Maps/MissionPlanner.Maps.csproj,T3,hand-port,,,S,,,,,ready,,,,ee4b1641936e22c63c2b996414ef6a97e5417125ea2362887b39b751c8059431,,
ExtLibs/Maps/Japan_1979.cs,105,MissionPlanner.Maps,ExtLibs/Maps/MissionPlanner.Maps.csproj,T3,hand-port,,,S,,,,,ready,,,,3a04b5aa5a41af90cb3d21e5c70027bb0ce11409d2c7b5588912436816d18ec6,,
ExtLibs/Maps/Japan_1984.cs,105,MissionPlanner.Maps,ExtLibs/Maps/MissionPlanner.Maps.csproj,T3,hand-port,,,S,,,,,ready,,,,1f1e15f5450bf9112b63c8362ecd979fa89b81aa8137b02e3b2403013eaa17a1,,
ExtLibs/Maps/Japan_1988.cs,105,MissionPlanner.Maps,ExtLibs/Maps/MissionPlanner.Maps.csproj,T3,hand-port,,,S,,,,,ready,,,,3fad95056caa5d2f92b332ee60766f40ca532dd533d53f53e8934082d33ddf90,,
ExtLibs/Maps/Japan_Lake.cs,105,MissionPlanner.Maps,ExtLibs/Maps/MissionPlanner.Maps.csproj,T3,hand-port,,,S,,,,,ready,,,,d38ce5a112e54ef6f9f4488cd8f63d50be21ae79b9c22c1fde0e72de33b336ae,,
ExtLibs/Maps/Japan_Relief.cs,105,MissionPlanner.Maps,ExtLibs/Maps/MissionPlanner.Maps.csproj,T3,hand-port,,,S,,,,,ready,,,,5f01af2cba057759ce221d47675e7b1097ee6a6b0c6904dbca9f0eaccd0ad041,,
ExtLibs/Maps/Japan_Sea.cs,105,MissionPlanner.Maps,ExtLibs/Maps/MissionPlanner.Maps.csproj,T3,hand-port,,,S,,,,,ready,,,,1b7ca36652d6819a39d2546abd756a6152872754ef595884fc48b19371deee1a,,
ExtLibs/Maps/Japan_Slopezone.cs,105,MissionPlanner.Maps,ExtLibs/Maps/MissionPlanner.Maps.csproj,T3,hand-port,,,S,,,,,ready,,,,29e0c6db3089350e7aae5c62c63088838a885ef1c1d4b763680ddb18c1307254,,
ExtLibs/Maps/Mapbox.cs,96,MissionPlanner.Maps,ExtLibs/Maps/MissionPlanner.Maps.csproj,T3,hand-port,,,S,,,,,ready,,,,364227ea18c49cde870a2042a74461d35615df4a6dfddff10b50d859d2dc7ed9,,
ExtLibs/Maps/MapboxNoFly.cs,94,MissionPlanner.Maps,ExtLibs/Maps/MissionPlanner.Maps.csproj,T3,hand-port,,,S,,,,,ready,,,,66d42d80c636f340897c46785d0af08f15233205156d669b616dd3626a392c0a,,
ExtLibs/Maps/MapboxUser.cs,97,MissionPlanner.Maps,ExtLibs/Maps/MissionPlanner.Maps.csproj,T3,hand-port,,,S,,,,,ready,,,,d61d5853c924c693d844e8b06ac134970764769be6c75a978753477797833193,,
ExtLibs/Maps/MyImageCache.cs,218,MissionPlanner.Maps,ExtLibs/Maps/MissionPlanner.Maps.csproj,T3,hand-port,mp-tiles,,M,behaviour-equivalent,,golden,,tested,,,crates/mp-tiles/src/cache.rs;crates/mp-tiles/tests/tilecache.rs,5f122090ef94e264682c5dc3d256d7b7be21d9ab2b8c5d3cfb11bcf4363f3d9b,a corrupt entry is deleted rather than left (divergence at the site); the cache usage sweep only,"TileDBv3/en/<Name>/<z>/<y>/<x>.jpg, a tile the C# wrote read back byte for byte"
ExtLibs/Maps/NoMap.cs,82,MissionPlanner.Maps,ExtLibs/Maps/MissionPlanner.Maps.csproj,T3,hand-port,,,S,,,,,ready,,,,5b8a3f9264d9e9065b9cf62cb601065cc822d277a675c5c732592e3f28e73c40,,
ExtLibs/Maps/Propagation.cs,439,MissionPlanner.Maps,ExtLibs/Maps/MissionPlanner.Maps.csproj,T3,hand-port,,,M,,,,,ready,,,,02ce9a54e12197a46d1057142c43fb1b45830c33e195b27ee5eeaa63635493e0,,
ExtLibs/Maps/Resources.Designer.cs,1782,MissionPlanner.Maps,ExtLibs/Maps/MissionPlanner.Maps.csproj,T1,regenerate,,,XL,,,,,ready,,,,c066e4378717a9df865abe4c39717a8de265221e5e7e511f7717a82439085906,,
ExtLibs/Maps/SpriteLoader.cs,37,MissionPlanner.Maps,ExtLibs/Maps/MissionPlanner.Maps.csproj,T3,hand-port,,,S,,,,,ready,,,,8d1e1d44c8ecbf009c4ccd59161d98b84428aed96305ee14066b03d933f99b61,,
ExtLibs/Maps/Statkart_Topo2.cs,96,MissionPlanner.Maps,ExtLibs/Maps/MissionPlanner.Maps.csproj,T3,hand-port,,,S,,,,,ready,,,,b97c05898ed78e235f7c91b432ec900706ac7ede88ac0d6134615937c78b4c3b,,
ExtLibs/Maps/WMSProvider.cs,123,MissionPlanner.Maps,ExtLibs/Maps/MissionPlanner.Maps.csproj,T3,hand-port,,,S,,,,,ready,,,,cd2a50260dcbca7b3433beb9964d6684c2e1e0b69fe07aba4c72cf09a1301c10,,
ExtLibs/Maps/WMTSProvider.cs,117,MissionPlanner.Maps,ExtLibs/Maps/MissionPlanner.Maps.csproj,T3,hand-port,,,S,,,,,ready,,,,44ae66b1a5ee88d87206a68ee5f19e670c47673ae6472154d6e7638ae0626943,,
ExtLibs/Maps/WPOverlay.cs,593,MissionPlanner.ArduPilot,ExtLibs/Maps/MissionPlanner.Maps.csproj,T3,hand-port,,,M,,,,,ready,,,,c2d7e7ac8faff183b54a7d473f1945361ed8b6cde75b575e3fd07eee95b63507,,
ExtLibs/Mavlink/MAVLinkMessage.cs,216,,ExtLibs/Mavlink/MAVLink.csproj,T3,hand-port,,,M,,,,,ready,,,,67f85fffb2478daf786dfbef856e7a1f214018d6dbdcfabe0da0a614c87897cf,,
ExtLibs/Mavlink/MAVLinkParam.cs,235,,ExtLibs/Mavlink/MAVLink.csproj,T3,hand-port,,,M,,,,,ready,,,,2d9427dcd00e26183f1a5a5550d137af73547c68388b734450f955462cc08de4,,
ExtLibs/Mavlink/MAVLinkParamList.cs,202,,ExtLibs/Mavlink/MAVLink.csproj,T3,hand-port,,,M,,,,,ready,,,,65ee58cb92ed12dafdebc8d6b138e8abe8f4babd5b1112bb0237e0693e811e90,,
ExtLibs/Mavlink/Mavlink.cs,37563,,ExtLibs/Mavlink/MAVLink.csproj,T1,regenerate,,,XL,,,,,ready,,,,aec553774493a19f20f9dbbbbbc3b8c753782e27797dba1f1a641bcf3f0befee,,
ExtLibs/Mavlink/MavlinkCRC.cs,42,,ExtLibs/Mavlink/MAVLink.csproj,T3,hand-port,,,S,,,,,ready,,,,ba488e35c3918db97944e975325a813f129dfb9f2c647fdc5729636941e856a4,,
ExtLibs/Mavlink/MavlinkParse.cs,395,,ExtLibs/Mavlink/MAVLink.csproj,T3,hand-port,,,M,,,,,ready,,,,f585dc0bedaeb4aa3c64068c888df74660db80b28a44ce4cba80c1dd5dc10ee5,,
ExtLibs/Mavlink/MavlinkUtil.cs,434,,ExtLibs/Mavlink/MAVLink.csproj,T3,hand-port,,,M,,,,,ready,,,,38e2638d3186c1233b560d2558fd861c2c370ef3550135b595c71446863ae792,,
ExtLibs/Mavlink/component_information/Parameter.cs,379,component_information,ExtLibs/Mavlink/MAVLink.csproj,T3,hand-port,,,M,,,,,dropped,,,,1c313d8d585eba28b00914b464e892b756c8761bb3ba17166110b1ccf31a82c7,,"no callers in the C# tree as of efb0801 (D16): nothing outside ExtLibs/Mavlink/component_information/ names component_information; declares Converter, Parameter, ParametersClass, ParametersUnion, ParametersUnionConverter, Scope, ScopeConverter, TypeEnum, TypeEnumConverter"
ExtLibs/Mavlink/pymavlink/generator/CS/MAVLinkMessage.cs,199,,ExtLibs/Mavlink/pymavlink/generator/CS/MAVLink.csproj,T0,delete,,,S,,,,,dropped,,,,e144e84d6b9d5813648b21597f64353ba5ef1778f8cb98159d7ee9c7302983c2,,no callers in the C# tree as of efb0801 (D16): its project ExtLibs/Mavlink/pymavlink/generator/CS/MAVLink.csproj is in no build (neither MissionPlanner.sln nor MissionPlannerLib.sln reaches it); declares MAVLink
ExtLibs/Mavlink/pymavlink/generator/CS/MAVLinkParam.cs,199,,ExtLibs/Mavlink/pymavlink/generator/CS/MAVLink.csproj,T0,delete,,,S,,,,,dropped,,,,28faf6690b72193c12176db171eb2dd62998ff994ba98f8e9b579df2f8559676,,no callers in the C# tree as of efb0801 (D16): its project ExtLibs/Mavlink/pymavlink/generator/CS/MAVLink.csproj is in no build (neither MissionPlanner.sln nor MissionPlannerLib.sln reaches it); declares MAVLink
ExtLibs/Mavlink/pymavlink/generator/CS/MAVLinkParamList.cs,111,,ExtLibs/Mavlink/pymavlink/generator/CS/MAVLink.csproj,T0,delete,,,S,,,,,dropped,,,,50476d0adbdfb18729e4327bf74dc846053ec57722acd80bf44112b6ffbbcb2f,,no callers in the C# tree as of efb0801 (D16): its project ExtLibs/Mavlink/pymavlink/generator/CS/MAVLink.csproj is in no build (neither MissionPlanner.sln nor MissionPlannerLib.sln reaches it); declares MAVLink
ExtLibs/Mavlink/pymavlink/generator/CS/MavlinkCRC.cs,42,,ExtLibs/Mavlink/pymavlink/generator/CS/MAVLink.csproj,T0,delete,,,S,,,,,dropped,,,,8f53cf8ba9d160aa30ba2dd89432b5304552a34a96ca4666893d997547416582,,no callers in the C# tree as of efb0801 (D16): its project ExtLibs/Mavlink/pymavlink/generator/CS/MAVLink.csproj is in no build (neither MissionPlanner.sln nor MissionPlannerLib.sln reaches it); declares MAVLink
ExtLibs/Mavlink/pymavlink/generator/CS/MavlinkParse.cs,381,,ExtLibs/Mavlink/pymavlink/generator/CS/MAVLink.csproj,T0,delete,,,M,,,,,dropped,,,,fc0f6ae855759c4373d3209e68757e3b2cc7d2a0513bfd5e3472484990c44e41,,no callers in the C# tree as of efb0801 (D16): its project ExtLibs/Mavlink/pymavlink/generator/CS/MAVLink.csproj is in no build (neither MissionPlanner.sln nor MissionPlannerLib.sln reaches it); declares MAVLink
ExtLibs/Mavlink/pymavlink/generator/CS/MavlinkUtil.cs,320,,ExtLibs/Mavlink/pymavlink/generator/CS/MAVLink.csproj,T0,delete,,,M,,,,,dropped,,,,81fe26bfac57ef14b318580954699b34c33664ca475722c10a387249afd29a8a,,no callers in the C# tree as of efb0801 (D16): its project ExtLibs/Mavlink/pymavlink/generator/CS/MAVLink.csproj is in no build (neither MissionPlanner.sln nor MissionPlannerLib.sln reaches it); declares MavlinkUtil
ExtLibs/MavlinkMessagePlugin/MavlinkMessagePlugin.cs,53,MavlinkMessagePlugin,ExtLibs/MavlinkMessagePlugin/MavlinkMessagePlugin.csproj,T3,hand-port,,,S,,,,,ready,,,,27300bd8aeee7f5cf274a7bcb7aac8980a3c60628ec8426892b76b50e2111e99,,
ExtLibs/MavlinkMessagePlugin/message.cs,40,MavlinkMessagePlugin,ExtLibs/MavlinkMessagePlugin/MavlinkMessagePlugin.csproj,T3,hand-port,,,S,,,,,ready,,,,ab4c23904804a9d8100c0b6ae62a284843f7c6dc17e8c35c425ed9df46da424b,,
ExtLibs/MetaDataExtractorCSharp240d/AssemblyInfo.cs,0,,ExtLibs/MetaDataExtractorCSharp240d/MetaDataExtractor.csproj,T0,delete,,,S,,,,,dropped,,,,e3b0c44298fc1c149afbf4c8996fb92427ae41e4649b934ca495991b7852b855,,"no callers in the C# tree as of efb0801 (D16): compiled by no project (ExtLibs/MetaDataExtractorCSharp240d/MetaDataExtractor.csproj has Compile Remove=""AssemblyInfo.cs""); declares nothing"
ExtLibs/MetaDataExtractorCSharp240d/com/Run.cs,273,com,ExtLibs/MetaDataExtractorCSharp240d/MetaDataExtractor.csproj,T0,delete,,,M,,,,,ready,,,,714b4ab12a09555c59c73e2e3e02c11aee0ab5d59615021afbc0fa6302bdb798,,
ExtLibs/MetaDataExtractorCSharp240d/com/SimpleRun.cs,209,com,ExtLibs/MetaDataExtractorCSharp240d/MetaDataExtractor.csproj,T0,delete,,,M,,,,,ready,,,,7aa1b5cdeac81b9b244305e393e0aa8c87c8f35ecf7bdc711325bea8a8ffbd0f,,
ExtLibs/MetaDataExtractorCSharp240d/com/codec/jpeg/JPEGDecodeParam.cs,433,com.codec.jpeg,ExtLibs/MetaDataExtractorCSharp240d/MetaDataExtractor.csproj,T0,delete,,,M,,,,,ready,,,,716dd73dfcb6358848c2d1594c0f8001e5dd829bf1f60cfd5fd95c9d180179e9,,
ExtLibs/MetaDataExtractorCSharp240d/com/codec/jpeg/JPEGHuffmanTable.cs,260,com.codec.jpeg,ExtLibs/MetaDataExtractorCSharp240d/MetaDataExtractor.csproj,T0,delete,,,M,,,,,ready,,,,e036ed4f26fa1a2af0e79da1e72d1164c581533118dca3a87a8f871ffaaf053f,,
ExtLibs/MetaDataExtractorCSharp240d/com/codec/jpeg/JPEGQTable.cs,158,com.codec.jpeg,ExtLibs/MetaDataExtractorCSharp240d/MetaDataExtractor.csproj,T0,delete,,,S,,,,,ready,,,,3b4643ca09e4db3470de5f397f24bd51cc3b14e1efb86f4ed8afdc0cf2a489e0,,
ExtLibs/MetaDataExtractorCSharp240d/com/drew/imaging/jpg/JpegMetadataReader.cs,169,com.drew.imaging.jpg,ExtLibs/MetaDataExtractorCSharp240d/MetaDataExtractor.csproj,T0,delete,,,S,,,,,ready,,,,2e3796d9b864398ffd1549b57553d1786bcc56e3e639956a05cd5754cacc7cf2,,
ExtLibs/MetaDataExtractorCSharp240d/com/drew/imaging/jpg/JpegProcessingException.cs,57,com.drew.imaging.jpg,ExtLibs/MetaDataExtractorCSharp240d/MetaDataExtractor.csproj,T0,delete,,,S,,,,,ready,,,,350d9b6d7a26d51d3856491ac695f55e327fd6916fc8498091e48f0937ba178f,,
ExtLibs/MetaDataExtractorCSharp240d/com/drew/imaging/jpg/JpegSegmentData.cs,223,com.drew.imaging.jpg,ExtLibs/MetaDataExtractorCSharp240d/MetaDataExtractor.csproj,T0,delete,,,M,,,,,ready,,,,cdb4f1ffa4dbc9ca9fe84bd8ca63b0e65e94bc8ef2a81285875fb30d72223f87,,
ExtLibs/MetaDataExtractorCSharp240d/com/drew/imaging/jpg/JpegSegmentReader.cs,378,com.drew.imaging.jpg,ExtLibs/MetaDataExtractorCSharp240d/MetaDataExtractor.csproj,T0,delete,,,M,,,,,ready,,,,39324ae17362e75232092a3dd06e6c0f88a5286c1916da2451634a0f8f854f7c,,
ExtLibs/MetaDataExtractorCSharp240d/com/drew/imaging/tiff/TiffMetadataReader.cs,98,com.drew.imaging.tiff,ExtLibs/MetaDataExtractorCSharp240d/MetaDataExtractor.csproj,T0,delete,,,S,,,,,ready,,,,161b18c7ddc6bd0319743e97fcec6fee199b2346a09897a6883c59d91309dc33,,
ExtLibs/MetaDataExtractorCSharp240d/com/drew/imaging/tiff/TiffProcessingException.cs,60,com.drew.imaging.tiff,ExtLibs/MetaDataExtractorCSharp240d/MetaDataExtractor.csproj,T0,delete,,,S,,,,,ready,,,,acc6d1bada388ec3831cdd0d6a834110360b560f38522b0609b7490569d772cc,,
ExtLibs/MetaDataExtractorCSharp240d/com/drew/lang/CompoundException.cs,56,com.drew.lang,ExtLibs/MetaDataExtractorCSharp240d/MetaDataExtractor.csproj,T0,delete,,,S,,,,,ready,,,,856724ce6c7ae2d7c54c295656dfe8fe016c24ef171e07958ee0721fed604c5e,,
ExtLibs/MetaDataExtractorCSharp240d/com/drew/lang/Rational.cs,308,com.drew.lang,ExtLibs/MetaDataExtractorCSharp240d/MetaDataExtractor.csproj,T0,delete,,,M,,,,,ready,,,,64966384eadce308d054d527e8320846c152ef2aa7daabb80a06e3eb278795f9,,
ExtLibs/MetaDataExtractorCSharp240d/com/drew/metadata/AbstractDirectory.cs,852,com.drew.metadata,ExtLibs/MetaDataExtractorCSharp240d/MetaDataExtractor.csproj,T0,delete,,,L,,,,,ready,,,,8f527851ed0458991e612332ff93ca11144a27463a2c8e9232788af6530a81ea,,
ExtLibs/MetaDataExtractorCSharp240d/com/drew/metadata/AbstractMetadataReader.cs,107,com.drew.metadata,ExtLibs/MetaDataExtractorCSharp240d/MetaDataExtractor.csproj,T0,delete,,,S,,,,,ready,,,,c4aa4022e349818aa32efc6b2aded36aa273ba825c82d6946dc08f092e7afb74,,
ExtLibs/MetaDataExtractorCSharp240d/com/drew/metadata/AbstractTagDescriptor.cs,62,com.drew.metadata,ExtLibs/MetaDataExtractorCSharp240d/MetaDataExtractor.csproj,T0,delete,,,S,,,,,ready,,,,879d9448c5ca08773b04656cd2aca6615a4094e27dd396cc4b85b6c2ea630230,,
ExtLibs/MetaDataExtractorCSharp240d/com/drew/metadata/IMetadataReader.cs,47,com.drew.metadata,ExtLibs/MetaDataExtractorCSharp240d/MetaDataExtractor.csproj,T0,delete,,,S,,,,,ready,,,,cd410e73aa7b5ded4bf6f078f94d3431796b622d837fe1bb1a61a28e1a73f9ce,,
ExtLibs/MetaDataExtractorCSharp240d/com/drew/metadata/Metadata.cs,135,com.drew.metadata,ExtLibs/MetaDataExtractorCSharp240d/MetaDataExtractor.csproj,T0,delete,,,S,,,,,ready,,,,28eea2e7c6922a4e73b964247fdfc41868676c8aae7915c43ae047b9319c29ae,,
ExtLibs/MetaDataExtractorCSharp240d/com/drew/metadata/MetadataException.cs,58,com.drew.metadata,ExtLibs/MetaDataExtractorCSharp240d/MetaDataExtractor.csproj,T0,delete,,,S,,,,,ready,,,,60a022bd692a1db92d1f696da71cf8380b7c01643e2d5cc0111692e8811e5c64,,
ExtLibs/MetaDataExtractorCSharp240d/com/drew/metadata/Tag.cs,151,com.drew.metadata,ExtLibs/MetaDataExtractorCSharp240d/MetaDataExtractor.csproj,T0,delete,,,S,,,,,ready,,,,8989ea9e3d4ece2191c8e05ac8dc00c055548716c5eecc008e5608dc8e371713,,
ExtLibs/MetaDataExtractorCSharp240d/com/drew/metadata/exif/AbstractCasioTypeDirectory.cs,42,com.drew.metadata.exif,ExtLibs/MetaDataExtractorCSharp240d/MetaDataExtractor.csproj,T0,delete,,,S,,,,,ready,,,,f7f6fef34b82ec50f0b6aebbdf64d1d7490c8ae271664aa567c8715575ce1c30,,
ExtLibs/MetaDataExtractorCSharp240d/com/drew/metadata/exif/AbstractNikonTypeDirectory.cs,42,com.drew.metadata.exif,ExtLibs/MetaDataExtractorCSharp240d/MetaDataExtractor.csproj,T0,delete,,,S,,,,,ready,,,,ef3a8f4c35a772d28dd7b7d30a0a64a72e8b8c1c0726e05378448f80a75de30f,,
ExtLibs/MetaDataExtractorCSharp240d/com/drew/metadata/exif/CanonDescriptor.cs,1146,com.drew.metadata.exif,ExtLibs/MetaDataExtractorCSharp240d/MetaDataExtractor.csproj,T0,delete,,,L,,,,,ready,,,,e8d5701fa58151d85a2de2de7cb327f3edb6d214b0b9f8aebe603dc97d1a24b3,,
ExtLibs/MetaDataExtractorCSharp240d/com/drew/metadata/exif/CanonDirectory.cs,739,com.drew.metadata.exif,ExtLibs/MetaDataExtractorCSharp240d/MetaDataExtractor.csproj,T0,delete,,,L,,,,,ready,,,,7c0ec1fbc65ffd9f261ad95601f94887ebd3193d41ae971283d7f9ba28421637,,
ExtLibs/MetaDataExtractorCSharp240d/com/drew/metadata/exif/CasioType1Descriptor.cs,439,com.drew.metadata.exif,ExtLibs/MetaDataExtractorCSharp240d/MetaDataExtractor.csproj,T0,delete,,,M,,,,,ready,,,,7242da7a7bf8a004db5ffc7070e5967fcc5ae0ec38316cdec89dd856e8cf1aaa,,
ExtLibs/MetaDataExtractorCSharp240d/com/drew/metadata/exif/CasioType1Directory.cs,66,com.drew.metadata.exif,ExtLibs/MetaDataExtractorCSharp240d/MetaDataExtractor.csproj,T0,delete,,,S,,,,,ready,,,,b568f96ac040a096f97381807b31adb9c5857e9d734bca5378ec257515e7c761,,
ExtLibs/MetaDataExtractorCSharp240d/com/drew/metadata/exif/CasioType2Descriptor.cs,663,com.drew.metadata.exif,ExtLibs/MetaDataExtractorCSharp240d/MetaDataExtractor.csproj,T0,delete,,,L,,,,,ready,,,,694b2979f7088b0de21105f642328132d964625f1da76bc298cde1fac9a51cd3,,
ExtLibs/MetaDataExtractorCSharp240d/com/drew/metadata/exif/CasioType2Directory.cs,201,com.drew.metadata.exif,ExtLibs/MetaDataExtractorCSharp240d/MetaDataExtractor.csproj,T0,delete,,,M,,,,,ready,,,,d7352b68070c84d408ab34679be4e6e86765f17f923f41a1c7c2c47b28d0b56a,,
ExtLibs/MetaDataExtractorCSharp240d/com/drew/metadata/exif/ExifDescriptor.cs,1593,com.drew.metadata.exif,ExtLibs/MetaDataExtractorCSharp240d/MetaDataExtractor.csproj,T0,delete,,,XL,,,,,ready,,,,39d27edd579896ef8de9eb056d061fdcd751bbbfe66e1885e01401d07cf135e1,,
ExtLibs/MetaDataExtractorCSharp240d/com/drew/metadata/exif/ExifDirectory.cs,635,com.drew.metadata.exif,ExtLibs/MetaDataExtractorCSharp240d/MetaDataExtractor.csproj,T0,delete,,,L,,,,,ready,,,,435eb8bb5179379ae93066bdd44296f55c625daa19348785aca308e906d8354d,,
ExtLibs/MetaDataExtractorCSharp240d/com/drew/metadata/exif/ExifInteropDescriptor.cs,98,com.drew.metadata.exif,ExtLibs/MetaDataExtractorCSharp240d/MetaDataExtractor.csproj,T0,delete,,,S,,,,,ready,,,,024e56304c17b3edabc11604f040de82f7aa33986e2bd9f98fb28ce8591a1b8f,,
ExtLibs/MetaDataExtractorCSharp240d/com/drew/metadata/exif/ExifInteropDirectory.cs,52,com.drew.metadata.exif,ExtLibs/MetaDataExtractorCSharp240d/MetaDataExtractor.csproj,T0,delete,,,S,,,,,ready,,,,bdef371e9c37ddc8f22c420cc13f7a0c06e57db0da7eac7b9b4ed81b39dc9f96,,
ExtLibs/MetaDataExtractorCSharp240d/com/drew/metadata/exif/ExifProcessingException.cs,59,com.drew.metadata.exif,ExtLibs/MetaDataExtractorCSharp240d/MetaDataExtractor.csproj,T0,delete,,,S,,,,,ready,,,,8d87a4dbf29fdfef13d22c2d89f366cbc22d341031f258bb05feded7a19adf31,,
ExtLibs/MetaDataExtractorCSharp240d/com/drew/metadata/exif/ExifReader.cs,1026,com.drew.metadata.exif,ExtLibs/MetaDataExtractorCSharp240d/MetaDataExtractor.csproj,T0,delete,,,L,,,,,ready,,,,59316fd68bd9c166095e2fa9dc774773f4e9851d6a15e526534be863d9974860,,
ExtLibs/MetaDataExtractorCSharp240d/com/drew/metadata/exif/FujifilmDescriptor.cs,451,com.drew.metadata.exif,ExtLibs/MetaDataExtractorCSharp240d/MetaDataExtractor.csproj,T0,delete,,,M,,,,,ready,,,,5a4ee13bbee167b13f09d34749b6a382d875316d6cb2be806ea559bafa3914e4,,
ExtLibs/MetaDataExtractorCSharp240d/com/drew/metadata/exif/FujifilmDirectory.cs,66,com.drew.metadata.exif,ExtLibs/MetaDataExtractorCSharp240d/MetaDataExtractor.csproj,T0,delete,,,S,,,,,ready,,,,c2aa9d6ba9d3c92ceeed2c2325be8e034ed61ff4b2ab19d7a40b489e497e5ba0,,
ExtLibs/MetaDataExtractorCSharp240d/com/drew/metadata/exif/GpsDescriptor.cs,302,com.drew.metadata.exif,ExtLibs/MetaDataExtractorCSharp240d/MetaDataExtractor.csproj,T0,delete,,,M,,,,,ready,,,,75a8db50ff3abbd7a817eb769cd94503e3268a64c26f0c97d628273d1f8d0323,,
ExtLibs/MetaDataExtractorCSharp240d/com/drew/metadata/exif/GpsDirectory.cs,156,com.drew.metadata.exif,ExtLibs/MetaDataExtractorCSharp240d/MetaDataExtractor.csproj,T0,delete,,,S,,,,,ready,,,,3d51fad31ccbccac2641c4e63b760c88e402ee9172bb18171f4311b40db4cd48,,
ExtLibs/MetaDataExtractorCSharp240d/com/drew/metadata/exif/KodakDescriptor.cs,61,com.drew.metadata.exif,ExtLibs/MetaDataExtractorCSharp240d/MetaDataExtractor.csproj,T0,delete,,,S,,,,,ready,,,,40334e0a9009106547d779c25a7204b02f336ffa86b566e2af764ca190a818a2,,
ExtLibs/MetaDataExtractorCSharp240d/com/drew/metadata/exif/KodakDirectory.cs,49,com.drew.metadata.exif,ExtLibs/MetaDataExtractorCSharp240d/MetaDataExtractor.csproj,T0,delete,,,S,,,,,ready,,,,c711cb9ef23eae415da7ff0e79fba84e7d79ab32cce24886b1e87e0b0eebbce7,,
ExtLibs/MetaDataExtractorCSharp240d/com/drew/metadata/exif/KyoceraDescriptor.cs,95,com.drew.metadata.exif,ExtLibs/MetaDataExtractorCSharp240d/MetaDataExtractor.csproj,T0,delete,,,S,,,,,ready,,,,df8f3e3c444b47137066e234ccfa7e7d93b7b335a36fc2ac36750dca8b5d3435,,
ExtLibs/MetaDataExtractorCSharp240d/com/drew/metadata/exif/KyoceraDirectory.cs,50,com.drew.metadata.exif,ExtLibs/MetaDataExtractorCSharp240d/MetaDataExtractor.csproj,T0,delete,,,S,,,,,ready,,,,c9dee2ed85162eed093baff2b80721ce10451eb643992a16dd0671b53021f152,,
ExtLibs/MetaDataExtractorCSharp240d/com/drew/metadata/exif/NikonType1Descriptor.cs,309,com.drew.metadata.exif,ExtLibs/MetaDataExtractorCSharp240d/MetaDataExtractor.csproj,T0,delete,,,M,,,,,ready,,,,bce73336485b14b8c4dd619e86f6bf4dde6a7c276ef2f9b04af44284916e3b37,,
ExtLibs/MetaDataExtractorCSharp240d/com/drew/metadata/exif/NikonType1Directory.cs,55,com.drew.metadata.exif,ExtLibs/MetaDataExtractorCSharp240d/MetaDataExtractor.csproj,T0,delete,,,S,,,,,ready,,,,48a72e18275df4c91d764dc428fb0bf191ce3b1520eff0d738b09937f853364b,,
ExtLibs/MetaDataExtractorCSharp240d/com/drew/metadata/exif/NikonType2Descriptor.cs,253,com.drew.metadata.exif,ExtLibs/MetaDataExtractorCSharp240d/MetaDataExtractor.csproj,T0,delete,,,M,,,,,ready,,,,5adac43f034d74de20e61b5e729a783abf181d60af32f315cc2f9f75cc7944d4,,
ExtLibs/MetaDataExtractorCSharp240d/com/drew/metadata/exif/NikonType2Directory.cs,447,com.drew.metadata.exif,ExtLibs/MetaDataExtractorCSharp240d/MetaDataExtractor.csproj,T0,delete,,,M,,,,,ready,,,,6bf10835e83787d157503f756b185f976dc0ab227f4645ff39387055e9c2af1d,,
ExtLibs/MetaDataExtractorCSharp240d/com/drew/metadata/exif/OlympusDescriptor.cs,208,com.drew.metadata.exif,ExtLibs/MetaDataExtractorCSharp240d/MetaDataExtractor.csproj,T0,delete,,,M,,,,,ready,,,,25998c4dfc72b5cd8d3ac661823ee2dfa6a9dbc26a1123b2cd3b9d2e4daebb22,,
ExtLibs/MetaDataExtractorCSharp240d/com/drew/metadata/exif/OlympusDirectory.cs,199,com.drew.metadata.exif,ExtLibs/MetaDataExtractorCSharp240d/MetaDataExtractor.csproj,T0,delete,,,S,,,,,ready,,,,ef15e6e1588d834f4b2ebc610983743b87bdfda376110f9147cc15f60dea8d5f,,
ExtLibs/MetaDataExtractorCSharp240d/com/drew/metadata/exif/PanasonicDescriptor.cs,130,com.drew.metadata.exif,ExtLibs/MetaDataExtractorCSharp240d/MetaDataExtractor.csproj,T0,delete,,,S,,,,,ready,,,,444339925974f8dd29a7194175f8ff94654ae2e111a3549649dfe2f5ad2292bf,,
ExtLibs/MetaDataExtractorCSharp240d/com/drew/metadata/exif/PanasonicDirectory.cs,64,com.drew.metadata.exif,ExtLibs/MetaDataExtractorCSharp240d/MetaDataExtractor.csproj,T0,delete,,,S,,,,,ready,,,,8e66afa783bf2f2be20011b0a1ccc76c2c27d0f5632f43dee99b1aa15d7a41b5,,
ExtLibs/MetaDataExtractorCSharp240d/com/drew/metadata/exif/PentaxDescriptor.cs,324,com.drew.metadata.exif,ExtLibs/MetaDataExtractorCSharp240d/MetaDataExtractor.csproj,T0,delete,,,M,,,,,ready,,,,15534e629e91a8971e0686e54b5a0ae76460e64c0e0fd73434b69a4bc9a88444,,
ExtLibs/MetaDataExtractorCSharp240d/com/drew/metadata/exif/PentaxDirectory.cs,145,com.drew.metadata.exif,ExtLibs/MetaDataExtractorCSharp240d/MetaDataExtractor.csproj,T0,delete,,,S,,,,,ready,,,,1ba68e578b93c739f66975906a22e195a4abc6ffc9e69ae3fe6c1496426f665b,,
ExtLibs/MetaDataExtractorCSharp240d/com/drew/metadata/exif/SonyDescriptor.cs,59,com.drew.metadata.exif,ExtLibs/MetaDataExtractorCSharp240d/MetaDataExtractor.csproj,T0,delete,,,S,,,,,ready,,,,6f6bd2b0864f74563aedc3287a098ca6d53dc2c75df963e12627751c7a9360d3,,
ExtLibs/MetaDataExtractorCSharp240d/com/drew/metadata/exif/SonyDirectory.cs,49,com.drew.metadata.exif,ExtLibs/MetaDataExtractorCSharp240d/MetaDataExtractor.csproj,T0,delete,,,S,,,,,ready,,,,a6ee639951a4baf8e8567a7fee6ce58669cd6081e5ee7a907498cbc114f8b193,,
ExtLibs/MetaDataExtractorCSharp240d/com/drew/metadata/iptc/IptcDescriptor.cs,89,com.drew.metadata.iptc,ExtLibs/MetaDataExtractorCSharp240d/MetaDataExtractor.csproj,T0,delete,,,S,,,,,ready,,,,dfab4fed2dcd179c67fab9cb9ccdc51a7aee05c4a31c5bd1f111359b0c1523e4,,
ExtLibs/MetaDataExtractorCSharp240d/com/drew/metadata/iptc/IptcDirectory.cs,71,com.drew.metadata.iptc,ExtLibs/MetaDataExtractorCSharp240d/MetaDataExtractor.csproj,T0,delete,,,S,,,,,ready,,,,a81115027875d85a88a59d05ee00622b53c81413a85fc9b5f49fc4323376aba4,,
ExtLibs/MetaDataExtractorCSharp240d/com/drew/metadata/iptc/IptcProcessingException.cs,60,com.drew.metadata.iptc,ExtLibs/MetaDataExtractorCSharp240d/MetaDataExtractor.csproj,T0,delete,,,S,,,,,ready,,,,1d8da10ad539e264e2df73c338716f1ae0812ad42643f083bfe31b4d8f515361,,
ExtLibs/MetaDataExtractorCSharp240d/com/drew/metadata/iptc/IptcReader.cs,230,com.drew.metadata.iptc,ExtLibs/MetaDataExtractorCSharp240d/MetaDataExtractor.csproj,T0,delete,,,M,,,,,ready,,,,ab2ab0e71cc1cf4efc213faba2bc440888415525ab57390c8bde824760b347a4,,
ExtLibs/MetaDataExtractorCSharp240d/com/drew/metadata/jpeg/JpegCommentDescriptor.cs,54,com.drew.metadata.jpeg,ExtLibs/MetaDataExtractorCSharp240d/MetaDataExtractor.csproj,T0,delete,,,S,,,,,ready,,,,ac57b31e0f84498ed4b13ac2f703cf0b4b8b5470e5ee9835fb5167fda0186e52,,
ExtLibs/MetaDataExtractorCSharp240d/com/drew/metadata/jpeg/JpegCommentDirectory.cs,48,com.drew.metadata.jpeg,ExtLibs/MetaDataExtractorCSharp240d/MetaDataExtractor.csproj,T0,delete,,,S,,,,,ready,,,,0ccfc74c2a402dc2dc966e69fcd1d0a956fa5a986523c8b2075c502c3fb175aa,,
ExtLibs/MetaDataExtractorCSharp240d/com/drew/metadata/jpeg/JpegCommentReader.cs,71,com.drew.metadata.jpeg,ExtLibs/MetaDataExtractorCSharp240d/MetaDataExtractor.csproj,T0,delete,,,S,,,,,ready,,,,da5fb00bb93610e905846aa7780b26c51212e52ce74a85eac4e4118978ff8ee3,,
ExtLibs/MetaDataExtractorCSharp240d/com/drew/metadata/jpeg/JpegComponent.cs,131,com.drew.metadata.jpeg,ExtLibs/MetaDataExtractorCSharp240d/MetaDataExtractor.csproj,T0,delete,,,S,,,,,ready,,,,5eb773d2aeb62633ee6f08b855c891774efef45a90c4bcece6581d744226fe71,,
ExtLibs/MetaDataExtractorCSharp240d/com/drew/metadata/jpeg/JpegDescriptor.cs,123,com.drew.metadata.jpeg,ExtLibs/MetaDataExtractorCSharp240d/MetaDataExtractor.csproj,T0,delete,,,S,,,,,ready,,,,20f0f6f56efedaf2c9782e6847795932f4b5434f9d70d3e616f2cd1a1b3ec312,,
ExtLibs/MetaDataExtractorCSharp240d/com/drew/metadata/jpeg/JpegDirectory.cs,133,com.drew.metadata.jpeg,ExtLibs/MetaDataExtractorCSharp240d/MetaDataExtractor.csproj,T0,delete,,,S,,,,,ready,,,,70147c79ea3fd6f75af96b8dd5645d1207a5bcf0a761cc70c7079eb99e745a9a,,
ExtLibs/MetaDataExtractorCSharp240d/com/drew/metadata/jpeg/JpegReader.cs,123,com.drew.metadata.jpeg,ExtLibs/MetaDataExtractorCSharp240d/MetaDataExtractor.csproj,T0,delete,,,S,,,,,ready,,,,e520b83f4b5340f2e84d11c8008b92fc22e5c037d5237d270c6aa92b677dd17d,,
ExtLibs/MetaDataExtractorCSharp240d/com/test/resouces/TestAllKeyWords.cs,125,com.test.resources,ExtLibs/MetaDataExtractorCSharp240d/MetaDataExtractor.csproj,T0,delete,,,S,,,,,ready,,,,58c271306541162a363134c993f6c847c6b11badab77cefc3844c7260e7ff887,,
ExtLibs/MetaDataExtractorCSharp240d/com/utils/Utils.cs,108,com.utils,ExtLibs/MetaDataExtractorCSharp240d/MetaDataExtractor.csproj,T0,delete,,,S,,,,,ready,,,,9e6aef05a0eca3e87e1d25b6eef3fca46f55f9a69cb405e6edeeff0f3aeb3d4b,,
ExtLibs/MetaDataExtractorCSharp240d/com/utils/bundle/AbstractResourceBundle.cs,150,com.utils.bundle,ExtLibs/MetaDataExtractorCSharp240d/MetaDataExtractor.csproj,T0,delete,,,S,,,,,ready,,,,7f68d1554b91a6de1c84f08ceec53b2ffe6a56c6efba581a1651cfc9cfde75cb,,
ExtLibs/MetaDataExtractorCSharp240d/com/utils/bundle/IResourceBundle.cs,106,com.utils.bundle,ExtLibs/MetaDataExtractorCSharp240d/MetaDataExtractor.csproj,T0,delete,,,S,,,,,ready,,,,120277587436220b060e35d7baf3c5fce2f0f19d15c01ab437069bd95744d7e4,,
ExtLibs/MetaDataExtractorCSharp240d/com/utils/bundle/MissingResourceException.cs,52,com.utils.bundle,ExtLibs/MetaDataExtractorCSharp240d/MetaDataExtractor.csproj,T0,delete,,,S,,,,,ready,,,,33f8bd5bdb3f627b02f28bad82c5688752f0ab9c87eed97d9b8d1d7e8d06c741,,
ExtLibs/MetaDataExtractorCSharp240d/com/utils/bundle/ResourceBundle.cs,180,com.utils.bundle,ExtLibs/MetaDataExtractorCSharp240d/MetaDataExtractor.csproj,T0,delete,,,S,,,,,ready,,,,41c41beb5fe0f6b7071e6f4ab12c655f02d4419ab915ac11481a882936cf75d7,,
ExtLibs/MetaDataExtractorCSharp240d/com/utils/bundle/ResourceBundleFactory.cs,130,com.utils.bundle,ExtLibs/MetaDataExtractorCSharp240d/MetaDataExtractor.csproj,T0,delete,,,S,,,,,ready,,,,5a405f646e3238c1a923be1fec92b7820c7656c3434742d30d85ea0018648a0f,,
ExtLibs/MetaDataExtractorCSharp240d/com/utils/bundle/ResourceBundleWithManager.cs,117,com.utils.bundle,ExtLibs/MetaDataExtractorCSharp240d/MetaDataExtractor.csproj,T0,delete,,,S,,,,,ready,,,,f71cb59193a416140d7d8d98d7902e588a85e3caca8af0f58530a007281fd5c9,,
ExtLibs/MetaDataExtractorCSharp240d/com/utils/bundle/SpecialResourceWriter.cs,69,com.utils.bundle,ExtLibs/MetaDataExtractorCSharp240d/MetaDataExtractor.csproj,T0,delete,,,S,,,,,ready,,,,eb97a946199346cc04429798284a7f7f4fd320adccb49df168b0dd8609d92e05,,
ExtLibs/MetaDataExtractorCSharp240d/com/utils/xml/IOutPutTextStreamHandler.cs,60,com.utils.xml,ExtLibs/MetaDataExtractorCSharp240d/MetaDataExtractor.csproj,T0,delete,,,S,,,,,ready,,,,5c2f6ce01f75f6bba8b70a1c2e4328d337a96a0c7f46ae242a4fa02ca8972483,,
ExtLibs/MetaDataExtractorCSharp240d/com/utils/xml/TxtOutPutStreamHandler.cs,194,com.utils.xml,ExtLibs/MetaDataExtractorCSharp240d/MetaDataExtractor.csproj,T0,delete,,,S,,,,,ready,,,,6c9ec9622b927a0b0f11db3df439757bb9e33d30ec094df0aafd586e1ba412a8,,
ExtLibs/MetaDataExtractorCSharp240d/com/utils/xml/XmlNewOutPutStreamHandler.cs,579,com.utils.xml,ExtLibs/MetaDataExtractorCSharp240d/MetaDataExtractor.csproj,T0,delete,,,M,,,,,ready,,,,467b92292c006907c54c2223034f5adc5de72f080447d7ba5eeb4de80eaac93d,,
ExtLibs/MetaDataExtractorCSharp240d/com/utils/xml/XmlOutPutStreamHandler.cs,430,com.utils.xml,ExtLibs/MetaDataExtractorCSharp240d/MetaDataExtractor.csproj,T0,delete,,,M,,,,,ready,,,,ec68a499ce6713c71db491901bb2bd92d934b0d88748280dd5d52211084e9025,,
ExtLibs/MissionPlanner.Drawing.Common/Consts.cs,221,MissionPlanner.Drawing.Common,ExtLibs/MissionPlanner.Drawing.Common/MissionPlanner.Drawing.Common.csproj,T0,delete,,,M,,,,,ready,,,,90518ff7a6b6b611feeee922f999d46e8ed9ec45852c04f74ff473219c4dc54a,,
ExtLibs/MissionPlanner.Drawing/Bitmap.cs,253,System.Drawing,ExtLibs/MissionPlanner.Drawing/MissionPlanner.Drawing.csproj,T0,delete,,,M,,,,,ready,,,,29a52ea45f1a3ec5ea5f01944f68077cef026abbc93bbb7ef4889ba9163bee0c,,
ExtLibs/MissionPlanner.Drawing/Brush.cs,21,System.Drawing,ExtLibs/MissionPlanner.Drawing/MissionPlanner.Drawing.csproj,T0,delete,,,S,,,,,ready,,,,9b68b814a576e6e3170fc130d8a7b5e479f3a85952144cd9b246936f63c9b468,,
ExtLibs/MissionPlanner.Drawing/Brushes.cs,355,System.Drawing,ExtLibs/MissionPlanner.Drawing/MissionPlanner.Drawing.csproj,T0,delete,,,M,,,,,ready,,,,e47b464046b01d5e87f777f69f58eaa2a2fef674c61ae5469e6ebe553ba44d8a,,
ExtLibs/MissionPlanner.Drawing/CharacterRange.cs,85,System.Drawing,ExtLibs/MissionPlanner.Drawing/MissionPlanner.Drawing.csproj,T0,delete,,,S,,,,,ready,,,,2270db136d5f79a7c2528be9424d165fdf70b9179f79864be48200cf04da5622,,
ExtLibs/MissionPlanner.Drawing/CollectionExtensions.cs,44,System.Drawing,ExtLibs/MissionPlanner.Drawing/MissionPlanner.Drawing.csproj,T0,delete,,,S,,,,,ready,,,,dee85eb9c40b55c234cda0f8826182b8dfa09d581ebb3a55ca98a4683db7b97f,,
ExtLibs/MissionPlanner.Drawing/Color.cs,451,System.Drawing,ExtLibs/MissionPlanner.Drawing/MissionPlanner.Drawing.csproj,T0,delete,,,M,,,,,dropped,,,,6606fb524ed49e8ecb7f04655427fd2934c3745411d32e2bd8ac9e8cf4afdcdf,,"no callers in the C# tree as of efb0801 (D16): compiled by no project (ExtLibs/MissionPlanner.Drawing/MissionPlanner.Drawing.csproj has Compile Remove=""Color.cs""); declares Color"
ExtLibs/MissionPlanner.Drawing/ColorConverter.cs,382,System.Drawing,ExtLibs/MissionPlanner.Drawing/MissionPlanner.Drawing.csproj,T0,delete,,,M,,,,,ready,,,,b84c99b81bff173281261ee2a09a835ca956b38bb7284badcc2b697cf58ba520,,
ExtLibs/MissionPlanner.Drawing/ColorPalette.cs,61,System.Drawing.Imaging,ExtLibs/MissionPlanner.Drawing/MissionPlanner.Drawing.csproj,T0,delete,,,S,,,,,ready,,,,ddaef2da7df06800d64b128fff3a94cd82586fc155e81785745aeb3bd300d591,,
ExtLibs/MissionPlanner.Drawing/ColorTable.cs,36,System.Drawing,ExtLibs/MissionPlanner.Drawing/MissionPlanner.Drawing.csproj,T0,delete,,,S,,,,,ready,,,,6d1c5b1894f7bc82283e2d67a2065df1475933315b613723e4ed5e8f5b3d4f84,,
ExtLibs/MissionPlanner.Drawing/ColorTranslator.cs,110,System.Drawing,ExtLibs/MissionPlanner.Drawing/MissionPlanner.Drawing.csproj,T0,delete,,,S,,,,,ready,,,,d45f1dee6200ccabd7b1387f963df92d8e1da378b8b6a81693daca4cb0c365b3,,
ExtLibs/MissionPlanner.Drawing/CombineMode.cs,22,System.Drawing.Drawing2D,ExtLibs/MissionPlanner.Drawing/MissionPlanner.Drawing.csproj,T0,delete,,,S,,,,,ready,,,,d46abff40c4351084de1a9574e89d546c443c69260284edc12889cdf690f6382,,
ExtLibs/MissionPlanner.Drawing/CompositingMode.cs,10,System.Drawing.Drawing2D,ExtLibs/MissionPlanner.Drawing/MissionPlanner.Drawing.csproj,T0,delete,,,S,,,,,ready,,,,bc7b9c59b0f5230c7389aceadb89e2a0d5a80832b356ea38cc9469245f60aa10,,
ExtLibs/MissionPlanner.Drawing/CompositingQuality.cs,22,System.Drawing.Drawing2D,ExtLibs/MissionPlanner.Drawing/MissionPlanner.Drawing.csproj,T0,delete,,,S,,,,,ready,,,,a15e27f89844921672aeae79224e1f87ebece7a90a3848fb19c9b09a52457473,,
ExtLibs/MissionPlanner.Drawing/Consts.cs,165,,ExtLibs/MissionPlanner.Drawing/MissionPlanner.Drawing.csproj,T0,delete,,,S,,,,,ready,,,,6552f58902512bc66b8731358d85dd12c79d369110eef90ec46fe7717b09e392,,
ExtLibs/MissionPlanner.Drawing/ContentAlignment.cs,31,System.Drawing,ExtLibs/MissionPlanner.Drawing/MissionPlanner.Drawing.csproj,T0,delete,,,S,,,,,ready,,,,283342f4b0df48033a805610e210fb94e109ff94cd0a5aff981c361cf93c43f2,,
ExtLibs/MissionPlanner.Drawing/ControlStyles.cs,5,System.Drawing,ExtLibs/MissionPlanner.Drawing/MissionPlanner.Drawing.csproj,T0,delete,,,S,,,,,ready,,,,67257bdf347e0779b106a9fa0892c9a3d4826e06577d39de8d1dd695793f747c,,
ExtLibs/MissionPlanner.Drawing/CoordinateSpace.cs,13,System.Drawing,ExtLibs/MissionPlanner.Drawing/MissionPlanner.Drawing.csproj,T0,delete,,,S,,,,,ready,,,,90e68590703a8ed4cfee2e2f56671324e29327614bb149081e7114213a3f3e00,,
ExtLibs/MissionPlanner.Drawing/CopyPixelOperation.cs,55,System.Drawing,ExtLibs/MissionPlanner.Drawing/MissionPlanner.Drawing.csproj,T0,delete,,,S,,,,,ready,,,,bf7cc4199d080509cdbbaba894a89e9803be414f23235f768fe6d26a4b9036b6,,
ExtLibs/MissionPlanner.Drawing/Drawing2D/Blend.cs,20,System.Drawing.Drawing2D,ExtLibs/MissionPlanner.Drawing/MissionPlanner.Drawing.csproj,T0,delete,,,S,,,,,ready,,,,4949007ee55a60c0f0a902ab5467b7919de6ba891f243e19d6fb92ae1698f9e9,,
ExtLibs/MissionPlanner.Drawing/Drawing2D/Clipper/ClipType.cs,9,ClipperLib,ExtLibs/MissionPlanner.Drawing/MissionPlanner.Drawing.csproj,T0,delete,,,S,,,,,ready,,,,93d8f00c116ab3b587bc90a388bcc6027249ab26468a418407ac171d6e14091c,,
ExtLibs/MissionPlanner.Drawing/Drawing2D/Clipper/Clipper.cs,3448,ClipperLib,ExtLibs/MissionPlanner.Drawing/MissionPlanner.Drawing.csproj,T0,delete,,,XL,,,,,ready,,,,8cffa3ca2681dbe5f063974be73571a4969b9e925afbbeeb6a2dd77c33198d3f,,
ExtLibs/MissionPlanner.Drawing/Drawing2D/Clipper/ClipperBase.cs,890,ClipperLib,ExtLibs/MissionPlanner.Drawing/MissionPlanner.Drawing.csproj,T0,delete,,,L,,,,,ready,,,,44d11be1e2f260ddd6078afe85c8377ed1387894f63904117b4946d319ec45e7,,
ExtLibs/MissionPlanner.Drawing/Drawing2D/Clipper/ClipperException.cs,10,ClipperLib,ExtLibs/MissionPlanner.Drawing/MissionPlanner.Drawing.csproj,T0,delete,,,S,,,,,ready,,,,93948c94f662547f9db4fa9d5fa287136560e53dedafdbfbbb6b287fbe0614da,,
ExtLibs/MissionPlanner.Drawing/Drawing2D/Clipper/Direction.cs,7,ClipperLib,ExtLibs/MissionPlanner.Drawing/MissionPlanner.Drawing.csproj,T0,delete,,,S,,,,,ready,,,,6d85ff545d6dc886bb48fbab595ee3a1e489d7f2da3a4c5ba1f4caeda3b338b4,,
ExtLibs/MissionPlanner.Drawing/Drawing2D/Clipper/DoublePoint.cs,126,ClipperLib,ExtLibs/MissionPlanner.Drawing/MissionPlanner.Drawing.csproj,T0,delete,,,S,,,,,ready,,,,98fc64dfedc84958b2a911ad470e60c503b466435e2a4b7c2bff42483178a346,,
ExtLibs/MissionPlanner.Drawing/Drawing2D/Clipper/EdgeSide.cs,7,ClipperLib,ExtLibs/MissionPlanner.Drawing/MissionPlanner.Drawing.csproj,T0,delete,,,S,,,,,ready,,,,a84b8bc94b8b6578850e648892e012c1c8a6e4a4e2f8f95bd44c60f59ed9ecc0,,
ExtLibs/MissionPlanner.Drawing/Drawing2D/Clipper/EndType.cs,9,ClipperLib,ExtLibs/MissionPlanner.Drawing/MissionPlanner.Drawing.csproj,T0,delete,,,S,,,,,ready,,,,b35ebd83ddaa5601d1dea15ebea8ae568add91f0b2278979d13bb9e4780e43d2,,
ExtLibs/MissionPlanner.Drawing/Drawing2D/Clipper/Int128.cs,204,ClipperLib,ExtLibs/MissionPlanner.Drawing/MissionPlanner.Drawing.csproj,T0,delete,,,M,,,,,ready,,,,3570671652becb714f34be9f6a7bec9efa62940cf5123b15899a2087c43cb095,,
ExtLibs/MissionPlanner.Drawing/Drawing2D/Clipper/IntPoint.cs,70,ClipperLib,ExtLibs/MissionPlanner.Drawing/MissionPlanner.Drawing.csproj,T0,delete,,,S,,,,,ready,,,,1fdbeb8d31d6c99274711a79ebf10e0dea2f9084d43fcedb031f3ff073df686e,,
ExtLibs/MissionPlanner.Drawing/Drawing2D/Clipper/IntRect.cs,27,ClipperLib,ExtLibs/MissionPlanner.Drawing/MissionPlanner.Drawing.csproj,T0,delete,,,S,,,,,ready,,,,a69640a554bb44296836a4beaae107704029700d1029c4a66acd9ad971121d4f,,
ExtLibs/MissionPlanner.Drawing/Drawing2D/Clipper/IntersectNode.cs,9,ClipperLib,ExtLibs/MissionPlanner.Drawing/MissionPlanner.Drawing.csproj,T0,delete,,,S,,,,,ready,,,,b8d217b7c938670a4bd70a2133c5225cd0531112f2f715dedb4ca99a6dc06b20,,
ExtLibs/MissionPlanner.Drawing/Drawing2D/Clipper/Join.cs,8,ClipperLib,ExtLibs/MissionPlanner.Drawing/MissionPlanner.Drawing.csproj,T0,delete,,,S,,,,,ready,,,,84d7c0b92a6d24236ebd6b40059a1a1ebbd31a86a5e3fe65fe12ebd71b6f8ae6,,
ExtLibs/MissionPlanner.Drawing/Drawing2D/Clipper/JoinType.cs,8,ClipperLib,ExtLibs/MissionPlanner.Drawing/MissionPlanner.Drawing.csproj,T0,delete,,,S,,,,,ready,,,,70e05ed792b961a6fbab33e8459e386211b1de96e824e41c4cd288ac78679487,,
ExtLibs/MissionPlanner.Drawing/Drawing2D/Clipper/LocalMinima.cs,11,ClipperLib,ExtLibs/MissionPlanner.Drawing/MissionPlanner.Drawing.csproj,T0,delete,,,S,,,,,ready,,,,c90d3c41c70166223137d3a0a14ed491bb2470fed5bd9ff697be5f36654e7fcd,,
ExtLibs/MissionPlanner.Drawing/Drawing2D/Clipper/OutPt.cs,9,ClipperLib,ExtLibs/MissionPlanner.Drawing/MissionPlanner.Drawing.csproj,T0,delete,,,S,,,,,ready,,,,7807f20941a34c946baac224893e24a9b6a057719b036846e5c92650df68e013,,
ExtLibs/MissionPlanner.Drawing/Drawing2D/Clipper/OutRec.cs,12,ClipperLib,ExtLibs/MissionPlanner.Drawing/MissionPlanner.Drawing.csproj,T0,delete,,,S,,,,,ready,,,,8aa099ee3aff8df27c62dd0ad16576d16f5e5b5a74c3884cfbe1af8ca151cf35,,
ExtLibs/MissionPlanner.Drawing/Drawing2D/Clipper/PolyFillType.cs,9,ClipperLib,ExtLibs/MissionPlanner.Drawing/MissionPlanner.Drawing.csproj,T0,delete,,,S,,,,,ready,,,,312c7622bd8dcfea2ca57392c34a5f5bd45cdb0c9fbb6030ba1297a11e7d07c8,,
ExtLibs/MissionPlanner.Drawing/Drawing2D/Clipper/PolyNode.cs,77,ClipperLib,ExtLibs/MissionPlanner.Drawing/MissionPlanner.Drawing.csproj,T0,delete,,,S,,,,,ready,,,,f0911a7633460564f4b1d9283f3cc1b70b4a3abad80f6334fdacd63b0ee13029,,
ExtLibs/MissionPlanner.Drawing/Drawing2D/Clipper/PolyTree.cs,34,ClipperLib,ExtLibs/MissionPlanner.Drawing/MissionPlanner.Drawing.csproj,T0,delete,,,S,,,,,ready,,,,3d92c5eba1ba18b94010bdcf10f319b6bcca995153c91729278a4c70fea222fd,,
ExtLibs/MissionPlanner.Drawing/Drawing2D/Clipper/PolyType.cs,7,ClipperLib,ExtLibs/MissionPlanner.Drawing/MissionPlanner.Drawing.csproj,T0,delete,,,S,,,,,ready,,,,e23d9cf48c0a04e6111c0fb1202be46dff96ee4791d5636ba33e31050a982b1d,,
ExtLibs/MissionPlanner.Drawing/Drawing2D/Clipper/Scanbeam.cs,9,ClipperLib,ExtLibs/MissionPlanner.Drawing/MissionPlanner.Drawing.csproj,T0,delete,,,S,,,,,ready,,,,8d61caecf95ec445f90b36a0ca95ee39f8b9ad74b5d5f5fac8731f04c0c85d73,,
ExtLibs/MissionPlanner.Drawing/Drawing2D/Clipper/TEdge.cs,23,ClipperLib,ExtLibs/MissionPlanner.Drawing/MissionPlanner.Drawing.csproj,T0,delete,,,S,,,,,ready,,,,d9eeecbd51752b79545586d16d37455877c9673763328b070fbf7eab7f908d30,,
ExtLibs/MissionPlanner.Drawing/Drawing2D/ColorBlend.cs,20,System.Drawing.Drawing2D,ExtLibs/MissionPlanner.Drawing/MissionPlanner.Drawing.csproj,T0,delete,,,S,,,,,ready,,,,4d948ed5146725fb1c6de531908c6113b25b01cf1d808c438b3338f1be3ce3dc,,
ExtLibs/MissionPlanner.Drawing/Drawing2D/ColorMatrix.cs,299,System.Drawing.Imaging,ExtLibs/MissionPlanner.Drawing/MissionPlanner.Drawing.csproj,T0,delete,,,M,,,,,ready,,,,5f6c32b17c1087bf98cea58e638522d89a0f6d88bb4bc93e4bbbeee6592b29bb,,
ExtLibs/MissionPlanner.Drawing/Drawing2D/CurveType.cs,13,System.Drawing.Drawing2D,ExtLibs/MissionPlanner.Drawing/MissionPlanner.Drawing.csproj,T0,delete,,,S,,,,,ready,,,,681ab23dd41cc9a958f9799c6f0db0fce43dde295fd50806bf9256ceed264305,,
ExtLibs/MissionPlanner.Drawing/Drawing2D/CustomLineCap.cs,13,System.Drawing.Drawing2D,ExtLibs/MissionPlanner.Drawing/MissionPlanner.Drawing.csproj,T0,delete,,,S,,,,,ready,,,,537a4ee6277690265bd226e27ddecbcb4086a83122d5f4f9111b323058cf2839,,
ExtLibs/MissionPlanner.Drawing/Drawing2D/DashStyle.cs,22,System.Drawing.Drawing2D,ExtLibs/MissionPlanner.Drawing/MissionPlanner.Drawing.csproj,T0,delete,,,S,,,,,ready,,,,8a01b79dc63eeba05725f206d8babb984c6da08bfac75a15c16dd41ee6e67d13,,
ExtLibs/MissionPlanner.Drawing/Drawing2D/ExtensionsDrawing.cs,14,System.Drawing.Drawing2D,ExtLibs/MissionPlanner.Drawing/MissionPlanner.Drawing.csproj,T0,delete,,,S,,,,,ready,,,,4bf5990adb7bcbec2c901b365cf566969645c3de24276a33659dc2543956ff98,,
ExtLibs/MissionPlanner.Drawing/Drawing2D/GraphicsPath.cs,2343,System.Drawing.Drawing2D,ExtLibs/MissionPlanner.Drawing/MissionPlanner.Drawing.csproj,T0,delete,,,XL,,,,,ready,,,,cacfde20e6d02d2991ee1e2728c28e405c92ccdc51a25341960768b0b647e509,,
ExtLibs/MissionPlanner.Drawing/Drawing2D/GraphicsPathIterator.cs,354,System.Drawing.Drawing2D,ExtLibs/MissionPlanner.Drawing/MissionPlanner.Drawing.csproj,T0,delete,,,M,,,,,ready,,,,10fa31acf00b4ea60ac0baf45fb47dcb9205ef5714ebcf2e15320d582bc50adb,,
ExtLibs/MissionPlanner.Drawing/Drawing2D/GraphicsPath_old.cs,100,System.Drawing.Drawing2D,ExtLibs/MissionPlanner.Drawing/MissionPlanner.Drawing.csproj,T0,delete,,,S,,,,,ready,,,,5884ab71e6ce283cf37766c283b17f0c3d9ded413306bc750b89ed6bad8f93ea,,
ExtLibs/MissionPlanner.Drawing/Drawing2D/HatchBrush.cs,37,System.Drawing.Drawing2D,ExtLibs/MissionPlanner.Drawing/MissionPlanner.Drawing.csproj,T0,delete,,,S,,,,,ready,,,,5ef8b4639b0087b9e73ea0e2508dc1ed00246ff3662c51aee205c39e58a294f3,,
ExtLibs/MissionPlanner.Drawing/Drawing2D/HatchStyle.cs,172,System.Drawing.Drawing2D,ExtLibs/MissionPlanner.Drawing/MissionPlanner.Drawing.csproj,T0,delete,,,S,,,,,ready,,,,7e5831bbc9f1b0eb3beca508b2bd93c96107b7d5dc2735514c47bd0b822428cd,,
ExtLibs/MissionPlanner.Drawing/Drawing2D/LinearGradientBrush.cs,46,System.Drawing.Drawing2D,ExtLibs/MissionPlanner.Drawing/MissionPlanner.Drawing.csproj,T0,delete,,,S,,,,,ready,,,,101cddfd912b75f684d991ed0bb7670f930aba50fa31ff06e1b8bb2c6e38bf9b,,
ExtLibs/MissionPlanner.Drawing/Drawing2D/Matrix.cs,776,System.Drawing.Drawing2D,ExtLibs/MissionPlanner.Drawing/MissionPlanner.Drawing.csproj,T0,delete,,,L,,,,,ready,,,,e8e9c2bcb2baaa0880680e49714fb4664df2e9ebd0f868133ae203f74afb1f2a,,
ExtLibs/MissionPlanner.Drawing/Drawing2D/PathData.cs,10,System.Drawing.Drawing2D,ExtLibs/MissionPlanner.Drawing/MissionPlanner.Drawing.csproj,T0,delete,,,S,,,,,ready,,,,b56fe91c97a85820ae086d06a7876204a59ee35e0a298c4f845473a33541e583,,
ExtLibs/MissionPlanner.Drawing/Drawing2D/PathGradientBrush.cs,16,System.Drawing.Drawing2D,ExtLibs/MissionPlanner.Drawing/MissionPlanner.Drawing.csproj,T0,delete,,,S,,,,,ready,,,,18045ab8519396183d441c9637140590e998815ff5b35e9b69042f3e19573bb3,,
ExtLibs/MissionPlanner.Drawing/Drawing2D/PathPointType.cs,13,System.Drawing.Drawing2D,ExtLibs/MissionPlanner.Drawing/MissionPlanner.Drawing.csproj,T0,delete,,,S,,,,,ready,,,,2f60aa6fd198c0735b9fee17bc8051225a3ece0209f7b386d2f82896d4c3c3bf,,
ExtLibs/MissionPlanner.Drawing/Drawing2D/WarpMode.cs,10,System.Drawing.Drawing2D,ExtLibs/MissionPlanner.Drawing/MissionPlanner.Drawing.csproj,T0,delete,,,S,,,,,ready,,,,4ad1570e40692a6fea97962b72cb1b45c6c3359224379e8ff6ac2ed105771256,,
ExtLibs/MissionPlanner.Drawing/Extension.cs,183,System.Drawing,ExtLibs/MissionPlanner.Drawing/MissionPlanner.Drawing.csproj,T0,delete,,,S,,,,,ready,,,,fdc2e1b8577bcb8ffe0413e216aa37d969e7ee4e76cf45098e15e5d15d1def63,,
ExtLibs/MissionPlanner.Drawing/FillMode.cs,10,System.Drawing,ExtLibs/MissionPlanner.Drawing/MissionPlanner.Drawing.csproj,T0,delete,,,S,,,,,ready,,,,1e1bf178e45f4491d98706ead36a71910c84b599c7f53022e54fd27da3c90b1f,,
ExtLibs/MissionPlanner.Drawing/FlushIntention.cs,10,System.Drawing,ExtLibs/MissionPlanner.Drawing/MissionPlanner.Drawing.csproj,T0,delete,,,S,,,,,ready,,,,ae74fe6eb31b1d6c8f84b384334135fe132d17dbe81d61d98f60e9f8f0d90b71,,
ExtLibs/MissionPlanner.Drawing/Font.cs,379,System.Drawing,ExtLibs/MissionPlanner.Drawing/MissionPlanner.Drawing.csproj,T0,delete,,,M,,,,,ready,,,,97e2aead8ee204d52d73c2e2757dc4db93e5f010760cd1033a01033fcb9020eb,,
ExtLibs/MissionPlanner.Drawing/FontFamily.cs,86,System.Drawing,ExtLibs/MissionPlanner.Drawing/MissionPlanner.Drawing.csproj,T0,delete,,,S,,,,,ready,,,,04135c562897e755aad36e6ca3ceb814eb018cac821c4b32c66188367b2dbe2a,,
ExtLibs/MissionPlanner.Drawing/FontStyle.cs,19,System.Drawing,ExtLibs/MissionPlanner.Drawing/MissionPlanner.Drawing.csproj,T0,delete,,,S,,,,,ready,,,,3cb2648e2b6df5f8869b157c7e6d1aa7584d8052ee7690da2028f9c351bb28be,,
ExtLibs/MissionPlanner.Drawing/Graphics.cs,1652,System.Drawing,ExtLibs/MissionPlanner.Drawing/MissionPlanner.Drawing.csproj,T0,delete,,,XL,,,,,ready,,,,90bc9bfe40508e7056c78d3c5da80376baefb67424b07ad171b86637fe6d7d90,,
ExtLibs/MissionPlanner.Drawing/GraphicsContainer.cs,6,System.Drawing,ExtLibs/MissionPlanner.Drawing/MissionPlanner.Drawing.csproj,T0,delete,,,S,,,,,ready,,,,aec40f9a4cace2508406991d596b0cec90dad26165eee104c94b2049b19484ff,,
ExtLibs/MissionPlanner.Drawing/GraphicsState.cs,8,System.Drawing,ExtLibs/MissionPlanner.Drawing/MissionPlanner.Drawing.csproj,T0,delete,,,S,,,,,ready,,,,2102a0a8274017fbae538ef5a83a16fd0420fda873a0c68333b4885002e160d2,,
ExtLibs/MissionPlanner.Drawing/GraphicsUnit.cs,25,System.Drawing,ExtLibs/MissionPlanner.Drawing/MissionPlanner.Drawing.csproj,T0,delete,,,S,,,,,ready,,,,65a6b4311392d3b89c38e2b27b9eebf2bf725812864f991e9162094534aa3f3b,,
ExtLibs/MissionPlanner.Drawing/HashHelpers.cs,9,System.Numerics.Hashing,ExtLibs/MissionPlanner.Drawing/MissionPlanner.Drawing.csproj,T0,delete,,,S,,,,,ready,,,,87e54438f1491250362d27acc5e0558f5310fba87183689a78c2722f49c6df62,,
ExtLibs/MissionPlanner.Drawing/HotkeyPrefix.cs,13,System.Drawing,ExtLibs/MissionPlanner.Drawing/MissionPlanner.Drawing.csproj,T0,delete,,,S,,,,,ready,,,,212997590a143d355f6ab72c21c863a5ada005bc13562960400de7e04447e2bd,,
ExtLibs/MissionPlanner.Drawing/IDeviceContext.cs,9,System.Drawing,ExtLibs/MissionPlanner.Drawing/MissionPlanner.Drawing.csproj,T0,delete,,,S,,,,,ready,,,,7239af43925c7ed653f264bfb351bbe7d5e0813dfd64d188b913dbcaac522946,,
ExtLibs/MissionPlanner.Drawing/IGraphics.cs,13,System.Drawing,ExtLibs/MissionPlanner.Drawing/MissionPlanner.Drawing.csproj,T0,delete,,,S,,,,,ready,,,,68cc62131397c6eb61df97d6fa91907ddabde3e89777f64095125da5f4735217,,
ExtLibs/MissionPlanner.Drawing/Icon.cs,80,System.Drawing,ExtLibs/MissionPlanner.Drawing/MissionPlanner.Drawing.csproj,T0,delete,,,S,,,,,ready,,,,fce3d79ca281825a1e582f1ccd84d3381280f083c42aa947c09a31370ac3d26b,,
ExtLibs/MissionPlanner.Drawing/Image.cs,204,System.Drawing,ExtLibs/MissionPlanner.Drawing/MissionPlanner.Drawing.csproj,T0,delete,,,M,,,,,ready,,,,09089862e9ff92b45907c0a3ade02039d307a17f4dcbab340e61fc371a8ff331,,
ExtLibs/MissionPlanner.Drawing/ImageAttributes.cs,45,System.Drawing.Imaging,ExtLibs/MissionPlanner.Drawing/MissionPlanner.Drawing.csproj,T0,delete,,,S,,,,,ready,,,,d9933c85bde2579af8c2173edc0eb1d4980e41754b044e8d435bad0667eb3960,,
ExtLibs/MissionPlanner.Drawing/ImageLayout.cs,2,System.Drawing,ExtLibs/MissionPlanner.Drawing/MissionPlanner.Drawing.csproj,T0,delete,,,S,,,,,ready,,,,70c52ac11e9702f8b1145025a4bc0541831dd9dc4c94704a4adf554079ce9dd0,,
ExtLibs/MissionPlanner.Drawing/ImageLockMode.cs,16,System.Drawing.Imaging,ExtLibs/MissionPlanner.Drawing/MissionPlanner.Drawing.csproj,T0,delete,,,S,,,,,ready,,,,6b7fd87259471be6cc061227cfe6723b2d09a6070e616e4e70507141e75792a8,,
ExtLibs/MissionPlanner.Drawing/Imaging/BitmapData.cs,13,System.Drawing.Imaging,ExtLibs/MissionPlanner.Drawing/MissionPlanner.Drawing.csproj,T0,delete,,,S,,,,,ready,,,,ef102d9d2c87c9df03c82ec5869aa0c4c7600e58b822be04db4e001f76bb5132,,
ExtLibs/MissionPlanner.Drawing/Imaging/ColorMap.cs,20,System.Drawing.Imaging,ExtLibs/MissionPlanner.Drawing/MissionPlanner.Drawing.csproj,T0,delete,,,S,,,,,ready,,,,050dbdcc74a4cec39bc02784601010df2a69038656aef30792689e92950431fe,,
ExtLibs/MissionPlanner.Drawing/Imaging/EmfPlusRecordType.cs,258,System.Drawing.Imaging,ExtLibs/MissionPlanner.Drawing/MissionPlanner.Drawing.csproj,T0,delete,,,M,,,,,ready,,,,3c3af57dd397b120956e6ce49aebc1d59152115eebbdafca5c1d2abe94dab920,,
ExtLibs/MissionPlanner.Drawing/Imaging/EmfType.cs,8,System.Drawing.Imaging,ExtLibs/MissionPlanner.Drawing/MissionPlanner.Drawing.csproj,T0,delete,,,S,,,,,ready,,,,edc45d0070140d92c89c3689701ed6f4605efcd251b68c15a8cc71f6235a2fac,,
ExtLibs/MissionPlanner.Drawing/Imaging/Encoder.cs,25,System.Drawing.Imaging,ExtLibs/MissionPlanner.Drawing/MissionPlanner.Drawing.csproj,T0,delete,,,S,,,,,ready,,,,6791358b1135b5b850d502a36266e34f60478376b8af5decead50818e57658a4,,
ExtLibs/MissionPlanner.Drawing/Imaging/EncoderParameter.cs,11,System.Drawing.Imaging,ExtLibs/MissionPlanner.Drawing/MissionPlanner.Drawing.csproj,T0,delete,,,S,,,,,ready,,,,ec7659d3d5c8c80d31b1b3a327992495666d3c6586e8423097c53bfb391daedf,,
ExtLibs/MissionPlanner.Drawing/Imaging/EncoderParameters.cs,19,System.Drawing.Imaging,ExtLibs/MissionPlanner.Drawing/MissionPlanner.Drawing.csproj,T0,delete,,,S,,,,,ready,,,,f54ea4a6f6b2f98386b84fd553987d38af4a5e8754c6febb8f6ef0483376dcd8,,
ExtLibs/MissionPlanner.Drawing/Imaging/FrameDimension.cs,62,System.Drawing.Imaging,ExtLibs/MissionPlanner.Drawing/MissionPlanner.Drawing.csproj,T0,delete,,,S,,,,,ready,,,,8c737c950332d26aaa4bb5c84699f4d76c011f49d58869a68607bbcd533b0dde,,
ExtLibs/MissionPlanner.Drawing/Imaging/ImageCodecInfo.cs,13,System.Drawing.Imaging,ExtLibs/MissionPlanner.Drawing/MissionPlanner.Drawing.csproj,T0,delete,,,S,,,,,ready,,,,34d65e50cc2ba4a22054af2efeaa91da61bd384bc59c1f8c7973547242a58643,,
ExtLibs/MissionPlanner.Drawing/Imaging/ImageFormat.cs,31,System.Drawing.Imaging,ExtLibs/MissionPlanner.Drawing/MissionPlanner.Drawing.csproj,T0,delete,,,S,,,,,ready,,,,b0ea7a47d04f695b96115dbaf18ee9421e561e9ba68799d29c66c694238f911b,,
ExtLibs/MissionPlanner.Drawing/Imaging/MetafileFrameUnit.cs,11,System.Drawing.Imaging,ExtLibs/MissionPlanner.Drawing/MissionPlanner.Drawing.csproj,T0,delete,,,S,,,,,ready,,,,f91bd77288a0829d6eb4bbc58004856c7a9e4ed0a593d9e1f9b3364ff0628685,,
ExtLibs/MissionPlanner.Drawing/Imaging/PixelFormat.cs,28,System.Drawing.Imaging,ExtLibs/MissionPlanner.Drawing/MissionPlanner.Drawing.csproj,T0,delete,,,S,,,,,ready,,,,f5d8d3cf5c9f41495079fa0bd186349e8aa3a6ed13e32b54d55bbef973768657,,
ExtLibs/MissionPlanner.Drawing/InterpolationMode.cs,31,System.Drawing.Drawing2D,ExtLibs/MissionPlanner.Drawing/MissionPlanner.Drawing.csproj,T0,delete,,,S,,,,,ready,,,,8321928753af2b0558667da5eafe344b7c7010408f4705d7570370e73f89a129,,
ExtLibs/MissionPlanner.Drawing/KeyEventArgs.cs,4,System.Drawing,ExtLibs/MissionPlanner.Drawing/MissionPlanner.Drawing.csproj,T0,delete,,,S,,,,,ready,,,,f7a3b507e5033ef74196ace1f872312c50712e5b1e78b827653f2fe6159202bf,,
ExtLibs/MissionPlanner.Drawing/Keys.cs,4,System.Drawing,ExtLibs/MissionPlanner.Drawing/MissionPlanner.Drawing.csproj,T0,delete,,,S,,,,,ready,,,,f7a3b507e5033ef74196ace1f872312c50712e5b1e78b827653f2fe6159202bf,,
ExtLibs/MissionPlanner.Drawing/KnownColor.cs,359,System.Drawing,ExtLibs/MissionPlanner.Drawing/MissionPlanner.Drawing.csproj,T0,delete,,,M,,,,,ready,,,,d960f486776eedae23ed5dc292ff07057ee5006f431def978fed0f936c507dcc,,
ExtLibs/MissionPlanner.Drawing/KnownColorTable.cs,401,System.Drawing,ExtLibs/MissionPlanner.Drawing/MissionPlanner.Drawing.csproj,T0,delete,,,M,,,,,ready,,,,9341887b38c5c1774e6e4dffb4915d65ed503b374f4addf1851af440879a258a,,
ExtLibs/MissionPlanner.Drawing/LineCap.cs,37,System.Drawing,ExtLibs/MissionPlanner.Drawing/MissionPlanner.Drawing.csproj,T0,delete,,,S,,,,,ready,,,,6da3cc825496808092f4c1959572dc2923a8daa4196f62983a0f0c70801b1d00,,
ExtLibs/MissionPlanner.Drawing/LineJoin.cs,16,System.Drawing,ExtLibs/MissionPlanner.Drawing/MissionPlanner.Drawing.csproj,T0,delete,,,S,,,,,ready,,,,b9cf6abdd7e327105ce3e3aee427614d1387166264dfb49d69db1a5b2def4ab2,,
ExtLibs/MissionPlanner.Drawing/LinearGradientMode.cs,16,System.Drawing,ExtLibs/MissionPlanner.Drawing/MissionPlanner.Drawing.csproj,T0,delete,,,S,,,,,ready,,,,3e44b4cf1171873234ce0227dd7fa087827a82c1856ce87109bc43455d1c8afe,,
ExtLibs/MissionPlanner.Drawing/MatrixOrder.cs,10,System.Drawing.Drawing2D,ExtLibs/MissionPlanner.Drawing/MissionPlanner.Drawing.csproj,T0,delete,,,S,,,,,ready,,,,e04095eff9ef6a4611b2f1421731eed34e44deb72fe16e1a0186cde3efb00a0a,,
ExtLibs/MissionPlanner.Drawing/Metafile.cs,21,System.Drawing.Imaging,ExtLibs/MissionPlanner.Drawing/MissionPlanner.Drawing.csproj,T0,delete,,,S,,,,,ready,,,,882afd742aea7896d618d1f8ce262c20a31d64c9d3d1dd7315c441110145905b,,
ExtLibs/MissionPlanner.Drawing/MouseButtons.cs,17,System.Drawing,ExtLibs/MissionPlanner.Drawing/MissionPlanner.Drawing.csproj,T0,delete,,,S,,,,,ready,,,,3e94fc1d6b3f476b8283696a847ffd74b211acf1dc6ac5c109166771b69af0c0,,
ExtLibs/MissionPlanner.Drawing/Pen.cs,94,System.Drawing,ExtLibs/MissionPlanner.Drawing/MissionPlanner.Drawing.csproj,T0,delete,,,S,,,,,ready,,,,80ba9c1dc2b1f55e69bc0a83e2fba8cc0605abdfd8fd5cfe1e47681a42757964,,
ExtLibs/MissionPlanner.Drawing/PenAlignment.cs,19,System.Drawing,ExtLibs/MissionPlanner.Drawing/MissionPlanner.Drawing.csproj,T0,delete,,,S,,,,,ready,,,,172a501b333cf4811d46a2389c0b7419c4b59b662d10bd723557e62acd1b204b,,
ExtLibs/MissionPlanner.Drawing/Pens.cs,876,System.Drawing,ExtLibs/MissionPlanner.Drawing/MissionPlanner.Drawing.csproj,T0,delete,,,L,,,,,ready,,,,fa5b4d5a18d4698e0f2779c432f3577ea6c994b36b9e66d13656e5d023433eb3,,
ExtLibs/MissionPlanner.Drawing/PixelOffsetMode.cs,22,System.Drawing,ExtLibs/MissionPlanner.Drawing/MissionPlanner.Drawing.csproj,T0,delete,,,S,,,,,ready,,,,7570d845f7d13cea7b52a50b718b48e25205a0f6524b18600dc3e747ee7d5f43,,
ExtLibs/MissionPlanner.Drawing/PropertyItem.cs,9,System.Drawing,ExtLibs/MissionPlanner.Drawing/MissionPlanner.Drawing.csproj,T0,delete,,,S,,,,,ready,,,,065dcde50c7d72c5b2f067c7d146ad4f059dcd59af0db8386fb8e1742d58f8a0,,
ExtLibs/MissionPlanner.Drawing/Region.cs,154,System.Drawing,ExtLibs/MissionPlanner.Drawing/MissionPlanner.Drawing.csproj,T0,delete,,,S,,,,,ready,,,,aeabd0e02d7acf02aa9a0bcce9dc176732d280fc282a62b73720ac50b1af93e8,,
ExtLibs/MissionPlanner.Drawing/Resource.Designer.cs,163,System.Drawing,ExtLibs/MissionPlanner.Drawing/MissionPlanner.Drawing.csproj,T0,delete,,,S,,,,,ready,,,,ba40857d28965a7bb9f208013a897f7406a5d16f4d8c1d96b066162e57aebdde,,
ExtLibs/MissionPlanner.Drawing/RotateFlipType.cs,52,System.Drawing,ExtLibs/MissionPlanner.Drawing/MissionPlanner.Drawing.csproj,T0,delete,,,S,,,,,ready,,,,f8048347bd99fcbc44175b8b4c39ac68a2ec20d8c7c32f1ea17537e4e81824fb,,
ExtLibs/MissionPlanner.Drawing/SR.cs,30,System.Drawing,ExtLibs/MissionPlanner.Drawing/MissionPlanner.Drawing.csproj,T0,delete,,,S,,,,,ready,,,,815c5ff251e33787dbe2dd4c3fc7ea8a2ee6805b8b7dd96dee7a26ac57ad6cde,,
ExtLibs/MissionPlanner.Drawing/SmoothingMode.cs,22,System.Drawing.Drawing2D,ExtLibs/MissionPlanner.Drawing/MissionPlanner.Drawing.csproj,T0,delete,,,S,,,,,ready,,,,03f735d59ca1e93b9f738657f404cc3dc7836c15110f66829f16bb7faf216379,,
ExtLibs/MissionPlanner.Drawing/SolidBrush.cs,59,System.Drawing,ExtLibs/MissionPlanner.Drawing/MissionPlanner.Drawing.csproj,T0,delete,,,S,,,,,ready,,,,7c15c23722e8f3b430c0a68e808b7ab150be63bca0b699d8f0f88f36b7b79f89,,
ExtLibs/MissionPlanner.Drawing/StringAlignment.cs,13,System.Drawing,ExtLibs/MissionPlanner.Drawing/MissionPlanner.Drawing.csproj,T0,delete,,,S,,,,,ready,,,,68b283391716c9ee7aa2bf5f6c10e8dcf2dd885b059b4efe7efc538787096cf4,,
ExtLibs/MissionPlanner.Drawing/StringFormat.cs,60,System.Drawing,ExtLibs/MissionPlanner.Drawing/MissionPlanner.Drawing.csproj,T0,delete,,,S,,,,,ready,,,,b57708e2aeaa427594d0f7b02c3de6dceab1a9b9d498dd9c0041af163c4b1caa,,
ExtLibs/MissionPlanner.Drawing/StringFormatFlags.cs,34,System.Drawing,ExtLibs/MissionPlanner.Drawing/MissionPlanner.Drawing.csproj,T0,delete,,,S,,,,,ready,,,,daa0b1d12faba01fefb61e120249ead59c35deca0a34d6d2dac4db2da3278ee8,,
ExtLibs/MissionPlanner.Drawing/StringTrimming.cs,22,System.Drawing,ExtLibs/MissionPlanner.Drawing/MissionPlanner.Drawing.csproj,T0,delete,,,S,,,,,ready,,,,5fdc95f39faf2ba346f724a1f51544ec3ee6963debf2add91883a05a7a24f0ea,,
ExtLibs/MissionPlanner.Drawing/SystemBrushes.cs,5,System.Drawing,ExtLibs/MissionPlanner.Drawing/MissionPlanner.Drawing.csproj,T0,delete,,,S,,,,,ready,,,,fcfd2067e213e6a17cc9fd740f6869ff880b56b20be475afdc40dc91d7580a30,,
ExtLibs/MissionPlanner.Drawing/SystemColors.cs,181,System.Drawing,ExtLibs/MissionPlanner.Drawing/MissionPlanner.Drawing.csproj,T0,delete,,,S,,,,,ready,,,,e28e17eac15093a6527df773c3b3a09ad3d662283e54b931d9384cfbe6fdc44e,,
ExtLibs/MissionPlanner.Drawing/SystemFonts.cs,16,System.Drawing,ExtLibs/MissionPlanner.Drawing/MissionPlanner.Drawing.csproj,T0,delete,,,S,,,,,ready,,,,90b93d04159b86126237d0a7c0856144a7c7d183c7b6b87879c87df7821f8426,,
ExtLibs/MissionPlanner.Drawing/SystemIcons.cs,57,System.Drawing,ExtLibs/MissionPlanner.Drawing/MissionPlanner.Drawing.csproj,T0,delete,,,S,,,,,ready,,,,91d41b0d80f71eed8651e64fd6907fed4beea668b4330fc0778691ff0f5caac9,,
ExtLibs/MissionPlanner.Drawing/SystemPens.cs,5,System.Drawing,ExtLibs/MissionPlanner.Drawing/MissionPlanner.Drawing.csproj,T0,delete,,,S,,,,,ready,,,,7c93b436b7f87789bf54b92066d991227bb0a1d9990e296fd042cbe40e65386b,,
ExtLibs/MissionPlanner.Drawing/TextRenderingHint.cs,22,System.Drawing.Text,ExtLibs/MissionPlanner.Drawing/MissionPlanner.Drawing.csproj,T0,delete,,,S,,,,,ready,,,,f80829cf8c7059815d64e9e1e556f183bfa39d58e45ccf6e4d29e79f5dc14d3c,,
ExtLibs/MissionPlanner.Drawing/TextureBrush.cs,62,System.Drawing,ExtLibs/MissionPlanner.Drawing/MissionPlanner.Drawing.csproj,T0,delete,,,S,,,,,ready,,,,aa7166426f338276b627084b7db209b6a5f31504f9f5c0cbfcc4a1e2ac83dc61,,
ExtLibs/MissionPlanner.Drawing/WrapMode.cs,19,System.Drawing.Drawing2D,ExtLibs/MissionPlanner.Drawing/MissionPlanner.Drawing.csproj,T0,delete,,,S,,,,,ready,,,,0d4817fd833d1e45cc5d79e34542e4ae85395a5e355f8308780cd0ac65226c9f,,
ExtLibs/MissionPlanner.Gridv2/GridPluginv2.cs,82,MissionPlanner,ExtLibs/MissionPlanner.Gridv2/MissionPlanner.Gridv2.csproj,T3,hand-port,,,S,,,,,ready,,,,19e0f6dca2a0266aaf3306fc3ce49cbc1bee4e3939fd344a6f501cb36fc10b1b,,
ExtLibs/MissionPlanner.Gridv2/GridUIv2.Designer.cs,735,MissionPlanner,ExtLibs/MissionPlanner.Gridv2/MissionPlanner.Gridv2.csproj,T2,extract,,,L,,,,,ready,,,,98e0659417170a2f57dcd3918e8a288f2abd7305ffeebe12ffcc9a86c5f03586,,
ExtLibs/MissionPlanner.Gridv2/GridUIv2.cs,1083,MissionPlanner,ExtLibs/MissionPlanner.Gridv2/MissionPlanner.Gridv2.csproj,T3,hand-port,,,L,,,,,ready,,,,7eecc95db4d8575cb75517a9a704f072e56338354d63aba329ea6e71940afb7a,,
ExtLibs/MissionPlanner.Gridv2/Properties/Resources.Designer.cs,63,MissionPlanner.Properties,ExtLibs/MissionPlanner.Gridv2/MissionPlanner.Gridv2.csproj,T1,regenerate,,,S,,,,,ready,,,,1151a4b5a7c4d3315739fb8e4d32db98198c0c53429a3ea893325ffc20b58ae8,,
ExtLibs/MissionPlanner.Stats/StatsPlugin.cs,246,MissionPlanner.Stats,ExtLibs/MissionPlanner.Stats/MissionPlanner.Stats.csproj,T3,hand-port,,,M,,,,,ready,,,,2b863e959e3319222117e6e6310a478fc6e9bcdecee2f61916b825af5b02fe6a,,
ExtLibs/Mock/Program.cs,118,Mock,ExtLibs/Mock/Mock.csproj,T3,hand-port,,,S,,,,,dropped,,,,f8671244e5256bb8861b6e8e52eff6252352f3804571c56025b81b4e89fc06f4,,"a separate program, not the planner: ExtLibs/Mock/Mock.csproj, a console MAVLink mock nothing in the planner references or runs"
ExtLibs/MockDroneID/Program.cs,142,Mock,ExtLibs/MockDroneID/MockDroneID.csproj,T3,hand-port,,,S,,,,,dropped,,,,f9c4cdf2bc683682820df3c872bed1a0e9b9c5bc870e0efdb3ef5e41864644cb,,"a separate program, not the planner: ExtLibs/MockDroneID/MockDroneID.csproj, a console mock nothing in the planner references or runs"
ExtLibs/NMEA2000/CANFrameNMEA.cs,96,NMEA2000,ExtLibs/NMEA2000/NMEA2000.csproj,T0,delete,,,S,,,,,dropped,,,,885cb8dea2668d124c7399a2c4ff5dc79e17277b811a4067cb9ab38cf12373da,,"out of scope, owner's ruling §12 D13 (2026-09-25): NMEA2000 (ExtLibs/NMEA2000)"
ExtLibs/NMEA2000/ConvertCANLogToYDWG.cs,82,NMEA2000,ExtLibs/NMEA2000/NMEA2000.csproj,T0,delete,,,S,,,,,dropped,,,,8d7ba0c84f34cfc62782893fc60c4a5693c461e75417b234ac9a40a0270917db,,"out of scope, owner's ruling §12 D13 (2026-09-25): NMEA2000 (ExtLibs/NMEA2000)"
ExtLibs/NMEA2000/INMEA2000.cs,6,NMEA2000,ExtLibs/NMEA2000/NMEA2000.csproj,T0,delete,,,S,,,,,dropped,,,,f952c6dbb8809d499ae63ed7dbdcea198ee8619bf9bb80806c5a71af510da2f9,,"out of scope, owner's ruling §12 D13 (2026-09-25): NMEA2000 (ExtLibs/NMEA2000)"
ExtLibs/NMEA2000/NMEA2000pgns.cs,5878,NMEA2000,ExtLibs/NMEA2000/NMEA2000.csproj,T0,delete,,,XL,,,,,dropped,,,,330086c440115cf25cf4c1c95c6b5d8078bb2e185696d303c1e290235b05a927,,"out of scope, owner's ruling §12 D13 (2026-09-25): NMEA2000 (ExtLibs/NMEA2000)"
ExtLibs/NMEA2000/Program.cs,11,NMEA2000,ExtLibs/NMEA2000/NMEA2000.csproj,T0,delete,,,S,,,,,dropped,,,,f3f154b0d55a2564f60903c1a781d80ced81aeaac0e033f87b04bfb0842a5826,,"out of scope, owner's ruling §12 D13 (2026-09-25): NMEA2000 (ExtLibs/NMEA2000)"
ExtLibs/NMEA2000/msggen.cs,260,NMEA2000,ExtLibs/NMEA2000/NMEA2000.csproj,T0,delete,,,M,,,,,dropped,,,,8fca7696aeefb754103b8f883d1cfd0014ccf2c137649928f8526411cb9b3400,,"out of scope, owner's ruling §12 D13 (2026-09-25): NMEA2000 (ExtLibs/NMEA2000)"
ExtLibs/NMEA2000/pgns.cs,423,NMEA2000,ExtLibs/NMEA2000/NMEA2000.csproj,T0,delete,,,M,,,,,dropped,,,,6916a57647b177f2e29768dc07213587e6a6df593e7c44086a85e8af302f9cba,,"out of scope, owner's ruling §12 D13 (2026-09-25): NMEA2000 (ExtLibs/NMEA2000)"
ExtLibs/NetDFULib/FirmwareUpdate.cs,1300,NetDFULib,ExtLibs/NetDFULib/NetDFULib.csproj,T0,delete,,,L,,,,,dropped,,,,ca663ec25e41b6e4be89826f9dcccc23bb3b731e88bceabd3ff67a170945b61d,,"a separate program, not the planner: ExtLibs/NetDFULib/NetDFULib.csproj, an Exe (MissionPlannerLib.sln) whose types nothing outside it names"
ExtLibs/NetDFULib/HEX2DFU.cs,66,NetDFULib,ExtLibs/NetDFULib/NetDFULib.csproj,T0,delete,,,S,,,,,dropped,,,,7f6437c6cfdcce6d9879131163ef64456d176c97178be0d0978d0bf6afd714ca,,"a separate program, not the planner: ExtLibs/NetDFULib/NetDFULib.csproj, an Exe (MissionPlannerLib.sln) whose types nothing outside it names"
ExtLibs/NetDFULib/IFirmwareUpdate.cs,90,NetDFULib,ExtLibs/NetDFULib/NetDFULib.csproj,T0,delete,,,S,,,,,dropped,,,,a6e888c398e39b80114cfc8667371bbd77aa63a132f91f51f21029d4beadc407,,"a separate program, not the planner: ExtLibs/NetDFULib/NetDFULib.csproj, an Exe (MissionPlannerLib.sln) whose types nothing outside it names"
ExtLibs/NetDFULib/Program.cs,35,NetDFULib,ExtLibs/NetDFULib/NetDFULib.csproj,T0,delete,,,S,,,,,dropped,,,,bd3dca0ebb75906d3084e2cbf8aa0216e0e081986bdd8c2efdb13b605b338554,,"a separate program, not the planner: ExtLibs/NetDFULib/NetDFULib.csproj, an Exe (MissionPlannerLib.sln) whose types nothing outside it names"
ExtLibs/NetDFULib/Win32USB.cs,333,NetDFULib,ExtLibs/NetDFULib/NetDFULib.csproj,T0,delete,,,M,,,,,dropped,,,,e53926626ea911ce0d1b88fd57f2fd2e0488c0cfb8433c35ec42b6f362fc969a,,"a separate program, not the planner: ExtLibs/NetDFULib/NetDFULib.csproj, an Exe (MissionPlannerLib.sln) whose types nothing outside it names"
ExtLibs/Ntrip/Program.cs,250,Ntrip,ExtLibs/Ntrip/Ntrip.csproj,T3,hand-port,,,M,,,,,dropped,,,,cde2071e0417c4f1bda77c7c251e6c1065352a721d5460edb574f91ec54aeb13,,"a separate program, not the planner: ExtLibs/Ntrip/Ntrip.csproj, a console NTRIP client; the planner's own is ExtLibs/Comms/CommsNTRIP.cs"
ExtLibs/OSDConfigurator/ConfigFactory.cs,101,OSDConfigurator,ExtLibs/OSDConfigurator/OSDConfigurator.csproj,T3,hand-port,mp-gui,,S,behaviour-equivalent,,spec+review,,tested,,,crates/mp-gui/src/config/onboard_osd.rs,225a85dc6a58d9cc80a833c5c8c8488b1b07d2c0975d42afb5f7668220094063,,"Create, MakeScreen (the primary settings, the incomplete dropped, the extras attached, the rest the screen's options) and SplitIntoThree, held to a vehicle's list in the unit tests"
ExtLibs/OSDConfigurator/Extensions/Extensions.cs,27,OSDConfigurator.Extensions,ExtLibs/OSDConfigurator/OSDConfigurator.csproj,T3,hand-port,mp-gui,,S,behaviour-equivalent,,spec+review,,tested,,,crates/mp-gui/src/config/onboard_osd.rs,41f10d3f938228a512a64a04e9fbb68e9b08401e0ee6389f99203ca96643c339,,TryParseScreenAndIndex as the regex OSD(\d)\S+(\d)\S+ reads a name
ExtLibs/OSDConfigurator/GUI/IItemCaptionProvider.cs,22,OSDConfigurator.GUI,ExtLibs/OSDConfigurator/OSDConfigurator.csproj,T3,hand-port,mp-gui,,S,behaviour-equivalent,,spec+review,,tested,,,crates/mp-gui/src/config/onboard_osd.rs,255bd5d0c54aeff31d6980a44b626e2cc3feb06ae4e4571d0e1bfcc4cf138036,,CaptionModes and the caption with its offset
ExtLibs/OSDConfigurator/GUI/ItemControls/CommonItemControl.Designer.cs,72,OSDConfigurator.GUI.ItemControls,ExtLibs/OSDConfigurator/OSDConfigurator.csproj,T2,extract,mp-gui,,S,behaviour-equivalent,,spec+review,,tested,,,crates/mp-gui/src/config/onboard_osd_ui.rs,13b1c98e717c419adced041ad0d18df710bd8275f5c617be9b453c97df559dec,,"175 x 35, the box at (15, 11), the name at (36, 12)"
ExtLibs/OSDConfigurator/GUI/ItemControls/CommonItemControl.cs,39,OSDConfigurator.GUI.ItemControls,ExtLibs/OSDConfigurator/OSDConfigurator.csproj,T3,hand-port,mp-gui,,S,behaviour-equivalent,,spec+review,,tested,,,crates/mp-gui/src/config/onboard_osd.rs;tests/gui/config-onboard-osd.gui,1deb56bfd79e11b9e0787b8998de9c7187004dee3b1f5202ac0bbdeaa433f623,,"the item's check box, 1 or 0, and its name"
ExtLibs/OSDConfigurator/GUI/ItemControls/ItemControlBase.cs,50,OSDConfigurator.GUI.ItemControls,ExtLibs/OSDConfigurator/OSDConfigurator.csproj,T3,hand-port,mp-gui,,S,behaviour-equivalent,,spec+review,,tested,,,crates/mp-gui/src/config/onboard_osd_ui.rs,5ae39f7b3165ddd802b450264680517c5ee847126843be88e5b735cb28188069,,"DoSelect on a click, the box following the item's Enabled"
ExtLibs/OSDConfigurator/GUI/LayoutControl.Designer.cs,48,OSDConfigurator.GUI,ExtLibs/OSDConfigurator/OSDConfigurator.csproj,T2,extract,mp-gui,,S,behaviour-equivalent,,spec+review,,tested,,,crates/mp-gui/src/config/onboard_osd.rs,e10f30e39c49fbb7acce79a6590658246142d08eba341614af5092629214b51d,,"BackColor 127,127,127"
ExtLibs/OSDConfigurator/GUI/LayoutControl.cs,153,OSDConfigurator.GUI,ExtLibs/OSDConfigurator/OSDConfigurator.csproj,T3,hand-port,mp-gui,,S,behaviour-equivalent,,spec+review,,tested,,,crates/mp-gui/src/config/onboard_osd.rs;crates/mp-gui/src/config/onboard_osd_ui.rs;tests/gui/config-onboard-osd.gui,620c20f8c773856d5fe488baba72214279e497b12eb6e24ed48d7166184ea0bf,,"the canvas sized to the cells, the press that selects an enabled item and takes its offset, the drag a cell at a time, the release, the redraw on every option's change"
ExtLibs/OSDConfigurator/GUI/OSDUserControl.Designer.cs,78,OSDConfigurator.GUI,ExtLibs/OSDConfigurator/OSDConfigurator.csproj,T2,extract,mp-gui,,S,behaviour-equivalent,,spec+review,,tested,,,crates/mp-gui/src/config/onboard_osd_ui.rs,9fb8db7860d98a3fbe4dbb46876352009166b66987412336068c55d18da9700c,,"the tab strip of 35-high tabs, Settings first"
ExtLibs/OSDConfigurator/GUI/OSDUserControl.cs,72,OSDConfigurator.GUI,ExtLibs/OSDConfigurator/OSDConfigurator.csproj,T3,hand-port,mp-gui,,S,behaviour-equivalent,,spec+review,,tested,,,crates/mp-gui/src/config/onboard_osd.rs;crates/mp-gui/src/config/onboard_osd_ui.rs;tests/gui/config-onboard-osd.gui,4e5055ab4f7d0f92f68a81a48a7d9d597b72339fcd8b044e24b502610033e0f9,,"ApplySettings: the screens and options cleared and built for screens 1 to 6, the Settings tab's rows, a tab a screen"
ExtLibs/OSDConfigurator/GUI/OptionControls/BitwiseSettingControl.Designer.cs,96,OSDConfigurator.GUI,ExtLibs/OSDConfigurator/OSDConfigurator.csproj,T2,extract,mp-gui,,S,behaviour-equivalent,,spec+review,,tested,,,crates/mp-gui/src/config/onboard_osd_ui.rs,56586e7b4c2bad6848152dfa1b5f063537d49ff9f2de673aa93bd633c3f158f7,,"the box at (152, 12), the list at (152, 35), 125 high"
ExtLibs/OSDConfigurator/GUI/OptionControls/BitwiseSettingControl.cs,93,OSDConfigurator.GUI,ExtLibs/OSDConfigurator/OSDConfigurator.csproj,T3,hand-port,mp-gui,,S,behaviour-equivalent,,spec+review,,tested,,,crates/mp-gui/src/config/onboard_osd.rs;tests/gui/config-onboard-osd.gui,377712f5f4b55635aea946f1a60bb59231ea5f5e168c6c59ea565c9630cdd204,,"the value typed (an int, Enter or leaving) and a bit a tick, value | (1 << i) and value - (1 << i)"
ExtLibs/OSDConfigurator/GUI/OptionControls/BoolSettingControl.Designer.cs,87,OSDConfigurator.GUI,ExtLibs/OSDConfigurator/OSDConfigurator.csproj,T2,extract,mp-gui,,S,behaviour-equivalent,,spec+review,,tested,,,crates/mp-gui/src/config/onboard_osd_ui.rs,ad43a3ec4a756c89c71b920abbce370b77df6b46f3c3a1c8557a020db1d6c0b4,,"the name at (16, 15), the box at (155, 15), 42 high"
ExtLibs/OSDConfigurator/GUI/OptionControls/BoolSettingControl.cs,36,OSDConfigurator.GUI,ExtLibs/OSDConfigurator/OSDConfigurator.csproj,T3,hand-port,mp-gui,,S,behaviour-equivalent,,spec+review,,tested,,,crates/mp-gui/src/config/onboard_osd.rs;tests/gui/config-onboard-osd.gui,123dfba27e40a2b8cff7bc452a093e31249311c9009a9e5b4b5b4c9c23a3c00a,,"the check box, 1 or 0"
ExtLibs/OSDConfigurator/GUI/OptionControls/DropdownSettingControl.Designer.cs,87,OSDConfigurator.GUI,ExtLibs/OSDConfigurator/OSDConfigurator.csproj,T2,extract,mp-gui,,S,behaviour-equivalent,,spec+review,,tested,,,crates/mp-gui/src/config/onboard_osd_ui.rs,f56d93b3e3b75144180aac1d1bfd6164dec05abe5e28ea4356af12b4e6226cd6,,"the combo at (153, 11) 152 wide, DropDownList"
ExtLibs/OSDConfigurator/GUI/OptionControls/DropdownSettingControl.cs,42,OSDConfigurator.GUI,ExtLibs/OSDConfigurator/OSDConfigurator.csproj,T3,hand-port,mp-gui,,S,behaviour-equivalent,,spec+review,,tested,,,crates/mp-gui/src/config/onboard_osd.rs;tests/gui/config-onboard-osd.gui,dde62db4552478f5d18124f322a22aa5952af235cac801b0cf14579b06377d16,,the index chosen is the value
ExtLibs/OSDConfigurator/GUI/OptionControls/IntSettingControl.Designer.cs,86,OSDConfigurator.GUI,ExtLibs/OSDConfigurator/OSDConfigurator.csproj,T2,extract,mp-gui,,S,behaviour-equivalent,,spec+review,,tested,,,crates/mp-gui/src/config/onboard_osd_ui.rs,2f87420cf9b37f5c37af7691521f69b5bea6c8eaa3113b49eb031af70b247ddc,,"the box at (153, 13) 152 wide"
ExtLibs/OSDConfigurator/GUI/OptionControls/IntSettingControl.cs,43,OSDConfigurator.GUI,ExtLibs/OSDConfigurator/OSDConfigurator.csproj,T3,hand-port,mp-gui,,S,behaviour-equivalent,,spec+review,,tested,,,crates/mp-gui/src/config/onboard_osd.rs;tests/gui/config-onboard-osd.gui,f402ae16e09e9b7ec602c5886619ac99bd8720ac7d779a1c22134a041dcea53b,,"the text box validated on leaving: double.TryParse taken, else the value shown again"
ExtLibs/OSDConfigurator/GUI/OptionControls/IntSpinSettingControl.Designer.cs,87,OSDConfigurator.GUI,ExtLibs/OSDConfigurator/OSDConfigurator.csproj,T2,extract,mp-gui,,S,behaviour-equivalent,,spec+review,,tested,,,crates/mp-gui/src/config/onboard_osd_ui.rs,aa5d087619813634bcadbfeac34c50c8b11d7ac92e876f465ae19ac2f4ce8c64,,"the box at (153, 13) 152 wide"
ExtLibs/OSDConfigurator/GUI/OptionControls/IntSpinSettingControl.cs,36,OSDConfigurator.GUI,ExtLibs/OSDConfigurator/OSDConfigurator.csproj,T3,hand-port,mp-gui,,S,behaviour-equivalent,,spec+review,,tested,,,crates/mp-gui/src/config/onboard_osd.rs;tests/gui/config-onboard-osd.gui,dd9695fc9f365b3e4201f9233075de3775914712cc0b94383b17954d9c4693c8,,"the NumericUpDown, WinForms' 0 to 100 by 1, its value the setting's"
ExtLibs/OSDConfigurator/GUI/OptionControls/OptionControlBase.cs,51,OSDConfigurator.GUI,ExtLibs/OSDConfigurator/OSDConfigurator.csproj,T3,hand-port,mp-gui,,S,behaviour-equivalent,,spec+review,,tested,,,crates/mp-gui/src/config/onboard_osd_ui.rs,52221242ec82e73154236b6f634ed43229715bf12864d2dfdf436d02ebbf2039,,"a row drawn from its setting each frame, which is the Updated subscription"
ExtLibs/OSDConfigurator/GUI/OptionControls/OptionControlFactory.cs,86,OSDConfigurator.GUI,ExtLibs/OSDConfigurator/OSDConfigurator.csproj,T3,hand-port,mp-gui,,S,behaviour-equivalent,,spec+review,,tested,,,crates/mp-gui/src/config/onboard_osd.rs;tests/gui/config-onboard-osd.gui,6d3db4a94732a92bcc808af8a227004b9de45d06dd3ae08bfb29921d6674f612,"rows of equal weight keep the vehicle's order, which List.Sort leaves unspecified",the control a setting gets by its name and the weights the rows stack by
ExtLibs/OSDConfigurator/GUI/Osd56ItemsSetup/ItemControl.Designer.cs,143,OSDConfigurator.GUI.Osd56ItemsSetup,ExtLibs/OSDConfigurator/OSDConfigurator.csproj,T2,extract,mp-gui,,S,behaviour-equivalent,,spec+review,,tested,,,crates/mp-gui/src/config/onboard_osd_ui.rs,e2f26ef9b028df16cbede7bb05abd105c5d5cfeb3751890538f42ff246727383,,"775 x 27, the two combos 184 wide at (3, 3) and (193, 3), Min, Max and Increment with their labels at their Locations"
ExtLibs/OSDConfigurator/GUI/Osd56ItemsSetup/ItemControl.cs,117,OSDConfigurator.GUI.Osd56ItemsSetup,ExtLibs/OSDConfigurator/OSDConfigurator.csproj,T3,hand-port,mp-gui,,S,behaviour-equivalent,,spec+review,,tested,,,crates/mp-gui/src/config/onboard_osd_slots.rs;tests/gui/config-onboard-osd.gui,a39203fc174b492b92f7d9c7239cd9f9fad1eaec2d2517c9d666dd77c69fdbed,,"ItemTypes, the initial values to 0.##### places, the numbers enabled for type None only, TextBoxKeyPress's digits, point and minus, IsDirty by the type's rule"
ExtLibs/OSDConfigurator/GUI/Osd56ItemsSetup/SetupDialog.Designer.cs,89,OSDConfigurator.GUI.Osd56ItemsSetup,ExtLibs/OSDConfigurator/OSDConfigurator.csproj,T2,extract,mp-gui,,S,behaviour-equivalent,,spec+review,,tested,,,crates/mp-gui/src/config/onboard_osd_ui.rs,c40481b055f2150ddd00c72abc8b8f960bd8c17bb78b098e81c5be9b70a49ad0,,"778 wide, the content docked top and the 41-high panel with Done && Refresh at (332, 9)"
ExtLibs/OSDConfigurator/GUI/Osd56ItemsSetup/SetupDialog.cs,114,OSDConfigurator.GUI.Osd56ItemsSetup,ExtLibs/OSDConfigurator/OSDConfigurator.csproj,T3,hand-port,mp-gui,,S,behaviour-equivalent,,spec+review,,tested,,,crates/mp-gui/src/config/onboard_osd_slots.rs;crates/mp-gui/src/config/onboard_osd_ui.rs;tests/gui/config-onboard-osd.gui,a03b1a564cd79d9b2bbc0333b6e86014f7b5b5cd5f88a137dc116b8eeb78dc13,,"Change and OsdItemWrapper, the rows a screen at a time in index order with the ""OSD n"" heading, GetChangedItems"
ExtLibs/OSDConfigurator/GUI/ScreenControl.Designer.cs,251,OSDConfigurator.GUI,ExtLibs/OSDConfigurator/OSDConfigurator.csproj,T2,extract,mp-gui,,M,behaviour-equivalent,,spec+review,,tested,,,crates/mp-gui/src/config/onboard_osd_ui.rs;tests/gui/config-onboard-osd.gui,28b4466f6c0c2c85876d646b647f7f93f0c8be5e5ed6293e1cea39e69b5770fa,the two TableLayoutPanels' percentages are sized from the same numbers; the canvas scrolls within the left column where it is wider,"the left column's canvas and item list, the 350-wide right column's Editor Options (344x114, its six controls at their Locations), Screen Options and Item Options halving the rest"
ExtLibs/OSDConfigurator/GUI/ScreenControl.cs,145,OSDConfigurator.GUI,ExtLibs/OSDConfigurator/OSDConfigurator.csproj,T3,hand-port,mp-gui,,S,behaviour-equivalent,,spec+review,,tested,,,crates/mp-gui/src/config/onboard_osd.rs;crates/mp-gui/src/config/onboard_osd_ui.rs;tests/gui/config-onboard-osd.gui,4213449271a7a9a32321cb67242c9e9b2c6f0ce37ce053bc6c34855addc4f65c,,"SelectedItem retitling and refilling Item Options, Decrease, HD Layout, Show Names, Clear All, Copy Layout and Paste Layout, the item list a CommonItemControl an item, Editor Options disabled for a screen without items"
ExtLibs/OSDConfigurator/GUI/Symbols.cs,114,OSDConfigurator.GUI,ExtLibs/OSDConfigurator/OSDConfigurator.csproj,T3,hand-port,mp-gui,,S,bit-exact,,spec+review,,tested,,,crates/mp-gui/src/config/onboard_osd.rs,b5fcfa447b2e0e0c2821074493644ff5801ec5c40b8277bf04216cd3f059d74e,,"the symbols the captions use, at their font places"
ExtLibs/OSDConfigurator/GUI/Visualizer.cs,133,OSDConfigurator.GUI,ExtLibs/OSDConfigurator/OSDConfigurator.csproj,T3,hand-port,mp-gui,,S,behaviour-equivalent,,spec+review,,tested,,,crates/mp-gui/src/config/onboard_osd.rs;crates/mp-gui/src/config/onboard_osd_ui.rs;tests/gui/config-onboard-osd.gui,220b0e40b430e974fc171e082ff3641d606b6d05c9a9ecd7a812b0dd03fd68a2,,"the cell and screen sizes, GetCanvasSize, ToOSDLocation, ToScreenPoint, ToScreenRectangle and Contains, MakeFont over clarity.png (16 by 16 of 12x18 with a pixel between), Draw a cell a glyph, DrawSelection five pixels out in yellow, the SD and HD backgrounds with their notes; the glyphs scaled by nearest pixel where GDI+ interpolates"
ExtLibs/OSDConfigurator/Models/IOSDSetting.cs,17,OSDConfigurator.Models,ExtLibs/OSDConfigurator/OSDConfigurator.csproj,T3,hand-port,mp-gui,,S,behaviour-equivalent,,spec+review,,tested,,,crates/mp-gui/src/config/onboard_osd.rs,0380e23c3ff8abd6a1b7bd6bab44a6d81ef915e96af826afcae2c39b9428ece7,,"Setting: Name, Value and its change"
ExtLibs/OSDConfigurator/Models/OSDConfiguration.cs,19,OSDConfigurator.Models,ExtLibs/OSDConfigurator/OSDConfigurator.csproj,T3,hand-port,mp-gui,,S,behaviour-equivalent,,spec+review,,tested,,,crates/mp-gui/src/config/onboard_osd.rs,de06ff2d75a63df87f5109a3a236e36daa792ae789b6d985f2910c59b0926542,,Config: the options and the screens
ExtLibs/OSDConfigurator/Models/OSDItem.cs,79,OSDConfigurator.Models,ExtLibs/OSDConfigurator/OSDConfigurator.csproj,T3,hand-port,mp-gui,,S,behaviour-equivalent,,spec+review,,tested,,,crates/mp-gui/src/config/onboard_osd.rs,f75651fb536a934094473a7d9187da5163221f4527999aeca216d026c7fb022e,,"Item's EndsWith, Enabled, X and Y; Screen; CopyTo as Paste Layout"
ExtLibs/OSDConfigurator/Properties/AssemblyInfo.cs,36,,ExtLibs/OSDConfigurator/OSDConfigurator.csproj,T3,hand-port,,,S,,,,,ready,,,,4b28e4edd6bc8b57ac5f4f008c6eacb3d2816008012bc434e067a661872baed8,,
ExtLibs/OSDConfigurator/Properties/Resources.Designer.cs,73,OSDConfigurator.Properties,ExtLibs/OSDConfigurator/OSDConfigurator.csproj,T1,regenerate,mp-gui,,S,behaviour-equivalent,,spec+review,,tested,,,assets/osd/clarity.png;crates/mp-gui/src/config/onboard_osd.rs,d990507719276efe67e87c89bb86e0fbc72e7f0758b5e101646d26b3851170c1,,"Resources.clarity carried as assets/osd/clarity.png, decoded once"
ExtLibs/ObjectListView/CellEditing/CellEditKeyEngine.cs,520,BrightIdeasSoftware,ExtLibs/ObjectListView/ObjectListView2005.csproj,T0,delete,,,M,,,,,ready,,,,20224837e615348f43a7a21b905b63ea57183513fab437c77516625eac4e08d2,,
ExtLibs/ObjectListView/CellEditing/CellEditors.cs,288,BrightIdeasSoftware,ExtLibs/ObjectListView/ObjectListView2005.csproj,T0,delete,,,M,,,,,ready,,,,d01d1cd3e21a7e9506f61f3918aacaddbc5895e0f545ebb59d6ef6f7ec8bbc10,,
ExtLibs/ObjectListView/CellEditing/EditorRegistry.cs,213,BrightIdeasSoftware,ExtLibs/ObjectListView/ObjectListView2005.csproj,T0,delete,,,M,,,,,ready,,,,9888abdb3a294be175b07441487604679fd3711d80811d7ff2a93455a3ef2487,,
ExtLibs/ObjectListView/DataListView.cs,236,BrightIdeasSoftware,ExtLibs/ObjectListView/ObjectListView2005.csproj,T0,delete,,,M,,,,,ready,,,,9cd261a23a7ae0bd0a7bdb077c2648f916b7f067f926d107247608dca4ad2f9a,,
ExtLibs/ObjectListView/DataTreeListView.cs,240,BrightIdeasSoftware,ExtLibs/ObjectListView/ObjectListView2005.csproj,T0,delete,,,M,,,,,ready,,,,e73145fbf28520dc2220c3d06523df38efd63a9717831e13d37844455229cf87,,
ExtLibs/ObjectListView/DragDrop/DragSource.cs,219,BrightIdeasSoftware,ExtLibs/ObjectListView/ObjectListView2005.csproj,T0,delete,,,M,,,,,ready,,,,e65ed4e96906b507e7c77e5ad958772ea2d31a19253fa0b07e82f8ee50230b9c,,
ExtLibs/ObjectListView/DragDrop/DropSink.cs,1454,BrightIdeasSoftware,ExtLibs/ObjectListView/ObjectListView2005.csproj,T0,delete,,,L,,,,,ready,,,,9f643e3a10905f359e31d4cc854c61c712e4db8e0daf208e2f7b340e3eaae4fe,,
ExtLibs/ObjectListView/DragDrop/OLVDataObject.cs,185,BrightIdeasSoftware,ExtLibs/ObjectListView/ObjectListView2005.csproj,T0,delete,,,S,,,,,ready,,,,df0dcaa0060afc603243676e088e3347671515f0703f9b6e78a024c4efe9246a,,
ExtLibs/ObjectListView/FastDataListView.cs,165,BrightIdeasSoftware,ExtLibs/ObjectListView/ObjectListView2005.csproj,T0,delete,,,S,,,,,ready,,,,ba4cf3b4c6e8591d3a794f6469e55bdaceaa111d3403f9d6459936fb56304b66,,
ExtLibs/ObjectListView/FastObjectListView.cs,422,BrightIdeasSoftware,ExtLibs/ObjectListView/ObjectListView2005.csproj,T0,delete,,,M,,,,,ready,,,,8a4420d1ba030c33cada2c279573931f30be64b307cbf1f2af239cbd1be96713,,
ExtLibs/ObjectListView/Filtering/Cluster.cs,125,BrightIdeasSoftware,ExtLibs/ObjectListView/ObjectListView2005.csproj,T0,delete,,,S,,,,,ready,,,,ed1629beba9a747a01a93d8eb5a145b495be40962f5969ecb5c3e9ae6645a2f6,,
ExtLibs/ObjectListView/Filtering/ClusteringStrategy.cs,189,BrightIdeasSoftware,ExtLibs/ObjectListView/ObjectListView2005.csproj,T0,delete,,,S,,,,,ready,,,,8e37c74a383c6c70c6d87bd23b439421384745bdf6f9ccccb0a44bd119975926,,
ExtLibs/ObjectListView/Filtering/ClustersFromGroupsStrategy.cs,70,BrightIdeasSoftware,ExtLibs/ObjectListView/ObjectListView2005.csproj,T0,delete,,,S,,,,,ready,,,,c6d485852c2fd847ddb62765fd68af900a326fd0ca7d8fa2788ee366ff93c066,,
ExtLibs/ObjectListView/Filtering/DateTimeClusteringStrategy.cs,187,BrightIdeasSoftware,ExtLibs/ObjectListView/ObjectListView2005.csproj,T0,delete,,,S,,,,,ready,,,,23a9c2c98ff5f917c6fcfab08b13517750437dc3672f25a1f0b7f58c05f8ac2a,,
ExtLibs/ObjectListView/Filtering/FilterMenuBuilder.cs,369,BrightIdeasSoftware,ExtLibs/ObjectListView/ObjectListView2005.csproj,T0,delete,,,M,,,,,ready,,,,6435f4b6048da8903c8f8a023a312e9e20ecbc193c65d3011a39a2d25924374c,,
ExtLibs/ObjectListView/Filtering/Filters.cs,488,BrightIdeasSoftware,ExtLibs/ObjectListView/ObjectListView2005.csproj,T0,delete,,,M,,,,,ready,,,,8a26f42841f2104938187cf106f9e112b649409b8f8738e40162c61a5814599e,,
ExtLibs/ObjectListView/Filtering/FlagClusteringStrategy.cs,159,BrightIdeasSoftware,ExtLibs/ObjectListView/ObjectListView2005.csproj,T0,delete,,,S,,,,,ready,,,,495ccba0c16f9d468c2b73daeecc285ff42071ba5e5ca870257d909867292c9a,,
ExtLibs/ObjectListView/Filtering/ICluster.cs,56,BrightIdeasSoftware,ExtLibs/ObjectListView/ObjectListView2005.csproj,T0,delete,,,S,,,,,ready,,,,c7192a84a06e39aac330c533a192678e6e0d167af531c6b886b0ac8dbe7329e8,,
ExtLibs/ObjectListView/Filtering/IClusteringStrategy.cs,80,BrightIdeasSoftware,ExtLibs/ObjectListView/ObjectListView2005.csproj,T0,delete,,,S,,,,,ready,,,,a3ce4468daf479e315025a3a2b930d7a347cc132d33f73356daf7cb86ea041df,,
ExtLibs/ObjectListView/Filtering/TextMatchFilter.cs,629,BrightIdeasSoftware,ExtLibs/ObjectListView/ObjectListView2005.csproj,T0,delete,,,L,,,,,ready,,,,3df0fe8ffea2da2f3e8dd1d1174ebd30c60be8eaeb928c83fbf76fedad074acd,,
ExtLibs/ObjectListView/Implementation/Attributes.cs,335,BrightIdeasSoftware,ExtLibs/ObjectListView/ObjectListView2005.csproj,T0,delete,,,M,,,,,ready,,,,b71c2fff3ea4f8f2fe52979b10c6c90edb4ba44dfe112ede9e20e2bc6d2e3346,,
ExtLibs/ObjectListView/Implementation/Comparers.cs,329,BrightIdeasSoftware,ExtLibs/ObjectListView/ObjectListView2005.csproj,T0,delete,,,M,,,,,ready,,,,0e85a6be21772a80e89b70c63511c328b04601060577a63fe9f1e1057110c1d3,,
ExtLibs/ObjectListView/Implementation/DataSourceAdapter.cs,626,BrightIdeasSoftware,ExtLibs/ObjectListView/ObjectListView2005.csproj,T0,delete,,,L,,,,,ready,,,,adaff95e17143e07ebd5ccbf9473c4c2d8561a01dc38e9677fb7c10900795256,,
ExtLibs/ObjectListView/Implementation/Delegates.cs,168,BrightIdeasSoftware,ExtLibs/ObjectListView/ObjectListView2005.csproj,T0,delete,,,S,,,,,ready,,,,6311bf232d39271ba23aa053e80998e01a59582a98d35a0efb711776ab98009e,,
ExtLibs/ObjectListView/Implementation/Enums.cs,103,BrightIdeasSoftware,ExtLibs/ObjectListView/ObjectListView2005.csproj,T0,delete,,,S,,,,,ready,,,,74902deeeebc87bf1fecaeb54959516754588b4e8b17fda212dd46380e31c718,,
ExtLibs/ObjectListView/Implementation/Events.cs,2471,BrightIdeasSoftware,ExtLibs/ObjectListView/ObjectListView2005.csproj,T0,delete,,,XL,,,,,ready,,,,2538b57013a55ede50820dc9eed17aa27f369316f3ddfad71b5da707d3c88a32,,
ExtLibs/ObjectListView/Implementation/GroupingParameters.cs,175,BrightIdeasSoftware,ExtLibs/ObjectListView/ObjectListView2005.csproj,T0,delete,,,S,,,,,ready,,,,336006596f18dc52a0ddd77cf843cbab18e06f29d02287ed7e18d2429a22ec17,,
ExtLibs/ObjectListView/Implementation/Groups.cs,747,BrightIdeasSoftware,ExtLibs/ObjectListView/ObjectListView2005.csproj,T0,delete,,,L,,,,,ready,,,,c455cbfe9416b1d6f18163cb775d06fdfb440e0e91d688329280bb734981581f,,
ExtLibs/ObjectListView/Implementation/Munger.cs,568,BrightIdeasSoftware,ExtLibs/ObjectListView/ObjectListView2005.csproj,T0,delete,,,M,,,,,ready,,,,72482b159e9982e2e0d8df47575c2c6ca432a41ea74bd06475f81dde9e1984d4,,
ExtLibs/ObjectListView/Implementation/NativeMethods.cs,1226,BrightIdeasSoftware,ExtLibs/ObjectListView/ObjectListView2005.csproj,T0,delete,,,L,,,,,ready,,,,2df1afe301fdddc628032827d7d968a5e29e32cf20d1308390f4266cd0a74e39,,
ExtLibs/ObjectListView/Implementation/NullableDictionary.cs,87,BrightIdeasSoftware,ExtLibs/ObjectListView/ObjectListView2005.csproj,T0,delete,,,S,,,,,ready,,,,e3e4f009b50187fc4acef21ff5723c155eaf1a229e052f860ee5ebd2ed6be89b,,
ExtLibs/ObjectListView/Implementation/OLVListItem.cs,321,BrightIdeasSoftware,ExtLibs/ObjectListView/ObjectListView2005.csproj,T0,delete,,,M,,,,,ready,,,,7a43dbb9474208a0cac571dd404fcbd1af02cc695ef4cdef96f2b43b99e390ac,,
ExtLibs/ObjectListView/Implementation/OLVListSubItem.cs,173,BrightIdeasSoftware,ExtLibs/ObjectListView/ObjectListView2005.csproj,T0,delete,,,S,,,,,ready,,,,0791a3109084f9b69596acb0e5f29bff6b78a026465ca9d205e6ab5f251f596d,,
ExtLibs/ObjectListView/Implementation/OlvListViewHitTestInfo.cs,388,BrightIdeasSoftware,ExtLibs/ObjectListView/ObjectListView2005.csproj,T0,delete,,,M,,,,,ready,,,,6008f486ea2a8921781cdcc61b71afd89fe9718ec260dcf24385c28ac053682c,,
ExtLibs/ObjectListView/Implementation/TreeDataSourceAdapter.cs,261,BrightIdeasSoftware,ExtLibs/ObjectListView/ObjectListView2005.csproj,T0,delete,,,M,,,,,ready,,,,ff1258ec32756199762d0c30a19d7e67043ee9c668fa939fb731c1ab134d8000,,
ExtLibs/ObjectListView/Implementation/VirtualGroups.cs,355,BrightIdeasSoftware,ExtLibs/ObjectListView/ObjectListView2005.csproj,T0,delete,,,M,,,,,ready,,,,1349412af8b9040ea026d62d89b051fb23cd1fd1d55b8315fd11d32af9df18d2,,
ExtLibs/ObjectListView/Implementation/VirtualListDataSource.cs,349,BrightIdeasSoftware,ExtLibs/ObjectListView/ObjectListView2005.csproj,T0,delete,,,M,,,,,ready,,,,a7dac994f183a707c735ef5ff5477d48f31dedaf97dbddb77412df6a0ae6a856,,
ExtLibs/ObjectListView/OLVColumn.cs,1911,BrightIdeasSoftware,ExtLibs/ObjectListView/ObjectListView2005.csproj,T0,delete,,,XL,,,,,ready,,,,4030ab3e5e01ec6aca4a81f2b266f8e2059c3476e0071c3a8744fb7c7854db96,,
ExtLibs/ObjectListView/ObjectListView.DesignTime.cs,75,BrightIdeasSoftware.Design,ExtLibs/ObjectListView/ObjectListView2005.csproj,T0,delete,,,S,,,,,ready,,,,3053510bf58e04c804f6e0cb0781037c8cfc252830ca59683f5414a9d0b8fc19,,
ExtLibs/ObjectListView/ObjectListView.cs,10788,BrightIdeasSoftware,ExtLibs/ObjectListView/ObjectListView2005.csproj,T0,delete,,,XL,,,,,ready,,,,8dd4f1d4db3b58e63d6c89486e8a26b70c6b409b390f6439ab00d49310a21a08,,
ExtLibs/ObjectListView/Properties/AssemblyInfo.cs,36,,ExtLibs/ObjectListView/ObjectListView2005.csproj,T0,delete,,,S,,,,,dropped,,,,225c35b33f52018b2baf6218ca70eb1cad8d5dda1ae44a63830a6697dda4b195,,no callers in the C# tree as of efb0801 (D16): its project ExtLibs/ObjectListView/ObjectListView2005.csproj / ExtLibs/ObjectListView/ObjectListView2008.csproj / ExtLibs/ObjectListView/ObjectListView2010.csproj / ExtLibs/ObjectListView/ObjectListView2012.csproj is in no build (neither MissionPlanner.sln nor MissionPlannerLib.sln reaches it); declares nothing
ExtLibs/ObjectListView/Properties/Resources.Designer.cs,113,BrightIdeasSoftware.Properties,ExtLibs/ObjectListView/ObjectListView2005.csproj,T0,delete,,,S,,,,,ready,,,,bdcb95282079c529bde2747b663f80b057cab078b312d9b6954fb5962438b182,,
ExtLibs/ObjectListView/Rendering/Adornments.cs,743,BrightIdeasSoftware,ExtLibs/ObjectListView/ObjectListView2005.csproj,T0,delete,,,L,,,,,ready,,,,1c4866ac9d392880669fff91312e594b6d5f380c85d9b5bc1f694ab9ce4e2ff9,,
ExtLibs/ObjectListView/Rendering/Decorations.cs,820,BrightIdeasSoftware,ExtLibs/ObjectListView/ObjectListView2005.csproj,T0,delete,,,L,,,,,ready,,,,7c467f5fefc4a38cdec404a7a1fd98bd5ccec0cbb42b895c04afaafd69eff0ce,,
ExtLibs/ObjectListView/Rendering/Overlays.cs,302,BrightIdeasSoftware,ExtLibs/ObjectListView/ObjectListView2005.csproj,T0,delete,,,M,,,,,ready,,,,2af6d7a8e7a1b2563733e599764b0e5fb7082f6782a0fa738145db5f111a0692,,
ExtLibs/ObjectListView/Rendering/Renderers.cs,3835,BrightIdeasSoftware,ExtLibs/ObjectListView/ObjectListView2005.csproj,T0,delete,,,XL,,,,,ready,,,,fadb38a2e0b9ba510cc7ccce62942425dad44d3f71e77432ca037fa8deb3fe31,,
ExtLibs/ObjectListView/Rendering/Styles.cs,400,BrightIdeasSoftware,ExtLibs/ObjectListView/ObjectListView2005.csproj,T0,delete,,,M,,,,,ready,,,,163a5e7d04cfe8356c1d303380be34d1218b2b4f8f132ebb4caf42db802cb237,,
ExtLibs/ObjectListView/Rendering/TreeRenderer.cs,308,BrightIdeasSoftware,ExtLibs/ObjectListView/ObjectListView2005.csproj,T0,delete,,,M,,,,,ready,,,,d5ae58004058113ea120211e9eb70fe38918c2d4d098cc4ed6c43f68fb6a1a05,,
ExtLibs/ObjectListView/SubControls/GlassPanelForm.cs,459,BrightIdeasSoftware,ExtLibs/ObjectListView/ObjectListView2005.csproj,T0,delete,,,M,,,,,ready,,,,1c862e28220181dabfd73c8997c0b36080ce3ff8c726501e494300049faa2849,,
ExtLibs/ObjectListView/SubControls/HeaderControl.cs,1230,BrightIdeasSoftware,ExtLibs/ObjectListView/ObjectListView2005.csproj,T0,delete,,,L,,,,,ready,,,,73d2a5c8d84e63c011ca5daa741a888124496cad07cb7418f4445a68bbabdd56,,
ExtLibs/ObjectListView/SubControls/ToolStripCheckedListBox.cs,189,BrightIdeasSoftware,ExtLibs/ObjectListView/ObjectListView2005.csproj,T0,delete,,,S,,,,,ready,,,,6f389ce2fcec93165e46099c6c20a2b7b4d344733b0074373c645d7a5d2f9767,,
ExtLibs/ObjectListView/SubControls/ToolTipControl.cs,698,BrightIdeasSoftware,ExtLibs/ObjectListView/ObjectListView2005.csproj,T0,delete,,,L,,,,,ready,,,,194afa00f2e7ae83c85d85f65c6b28c95bcb55d40af723c58420d2c23a80e648,,
ExtLibs/ObjectListView/TreeListView.cs,2207,BrightIdeasSoftware,ExtLibs/ObjectListView/ObjectListView2005.csproj,T0,delete,,,XL,,,,,ready,,,,5b6efaab3506534ab5df1e11abd3be94881a3b9bdea27544ffbe9ad401571a69,,
ExtLibs/ObjectListView/Utilities/ColumnSelectionForm.Designer.cs,189,BrightIdeasSoftware,ExtLibs/ObjectListView/ObjectListView2005.csproj,T0,delete,,,S,,,,,ready,,,,842d622c8b25a4433a43b1a260c7dfe1308769ca4e47f76b7be516188864ec3b,,
ExtLibs/ObjectListView/Utilities/ColumnSelectionForm.cs,263,BrightIdeasSoftware,ExtLibs/ObjectListView/ObjectListView2005.csproj,T0,delete,,,M,,,,,ready,,,,8a4b19549a0c47da24575c72dafc54eaae3b00f87fc76a5c1eb387f9714cc0b3,,
ExtLibs/ObjectListView/Utilities/Generator.cs,563,BrightIdeasSoftware,ExtLibs/ObjectListView/ObjectListView2005.csproj,T0,delete,,,M,,,,,ready,,,,cb2cbec7fe722dc62a634758206d62f17493c8e97c99820837d60d7a381fdf20,,
ExtLibs/ObjectListView/Utilities/OLVExporter.cs,276,BrightIdeasSoftware,ExtLibs/ObjectListView/ObjectListView2005.csproj,T0,delete,,,M,,,,,ready,,,,fb03eff39fd6159fc44a4f52c45ff205cc0d0d251633146d2ea20324d04b34c2,,
ExtLibs/ObjectListView/Utilities/TypedObjectListView.cs,561,BrightIdeasSoftware,ExtLibs/ObjectListView/ObjectListView2005.csproj,T0,delete,,,M,,,,,ready,,,,954ca9e4abc8978cc7fca2cb36ba4cd83ed967e291c2313a909243dae2261297,,
ExtLibs/ObjectListView/VirtualObjectListView.cs,1242,BrightIdeasSoftware,ExtLibs/ObjectListView/ObjectListView2005.csproj,T0,delete,,,L,,,,,ready,,,,9491c75c0508787a45dd90ad6fcab3dc034db5df3e5b3a06615408f04734d535,,
ExtLibs/Onvif/Onvif.cs,193,Onvif,ExtLibs/Onvif/Onvif.csproj,T3,hand-port,,,S,,,,,ready,,,,32e58531efa9c0a5bca91f1be9336739daa53ad0b95b5b1a52bb414bddb94efd,,
ExtLibs/ParameterMetaDataGenerator/Program.cs,207,ParameterMetaDataGenerator,ExtLibs/ParameterMetaDataGenerator/ParameterMetaDataGenerator.csproj,T3,hand-port,,,M,,,,,dropped,,,,1c07b7d5968e8e5eba5234155911a37cfd459d8609105261f32973cf20cd9a1d,,"a separate program, not the planner: ExtLibs/ParameterMetaDataGenerator, an Exe that writes ParameterMetaData.xml offline; nothing in the planner references or runs it"
ExtLibs/ProjNet/CoordinateSystems/AngularUnit.cs,157,ProjNet.CoordinateSystems,ExtLibs/ProjNet/ProjNET.csproj,T0,delete,,,S,,,,,ready,,,,9672b198da100c2e303cd50936c525cd9fc0ac6eaf256f9615ab83547a4b9b76,,
ExtLibs/ProjNet/CoordinateSystems/CoordinateSystem.cs,116,ProjNet.CoordinateSystems,ExtLibs/ProjNet/ProjNET.csproj,T0,delete,,,S,,,,,ready,,,,0b2e58d5b2e68f3df79467418545b9e3887da1dfce3db603d30275c92140aa32,,
ExtLibs/ProjNet/CoordinateSystems/CoordinateSystemFactory.cs,321,ProjNet.CoordinateSystems,ExtLibs/ProjNet/ProjNET.csproj,T0,delete,,,M,,,,,ready,,,,05ad287c41b253a6ac28d8e4bfab1b360b3769a1bfaf94edf6c966f6ca83c0a3,,
ExtLibs/ProjNet/CoordinateSystems/Datum.cs,87,ProjNet.CoordinateSystems,ExtLibs/ProjNet/ProjNET.csproj,T0,delete,,,S,,,,,ready,,,,fa9582c172f4ab0cef2a3b1eb262d8521af1fdaef04383d73c9d75159cdac8d2,,
ExtLibs/ProjNet/CoordinateSystems/Ellipsoid.cs,262,ProjNet.CoordinateSystems,ExtLibs/ProjNet/ProjNET.csproj,T0,delete,,,M,,,,,ready,,,,d1f32fcd9067d12838f9f06f5ca792022bb5e92956458ade4563ccdcbad63fa8,,
ExtLibs/ProjNet/CoordinateSystems/FittedCoordinateSystem.cs,165,ProjNet.CoordinateSystems,ExtLibs/ProjNet/ProjNET.csproj,T0,delete,,,S,,,,,ready,,,,8d2e14951560628700be670ca4bb7716683104c26101fee64f109b199702d748,,
ExtLibs/ProjNet/CoordinateSystems/GeocentricCoordinateSystem.cs,174,ProjNet.CoordinateSystems,ExtLibs/ProjNet/ProjNET.csproj,T0,delete,,,S,,,,,ready,,,,45a2673873ed73acea415ccc874dfdc85c02ef031ead12b3dde175b3b4dc47d3,,
ExtLibs/ProjNet/CoordinateSystems/GeographicCoordinateSystem.cs,213,ProjNet.CoordinateSystems,ExtLibs/ProjNet/ProjNET.csproj,T0,delete,,,M,,,,,ready,,,,6b4e5e968a30d7e47317f40998c84450e20c9dfd6615bc5e4decfc33adde3514,,
ExtLibs/ProjNet/CoordinateSystems/GeographicTransform.cs,143,ProjNet.CoordinateSystems,ExtLibs/ProjNet/ProjNET.csproj,T0,delete,,,S,,,,,ready,,,,d3e1e2cf1f2dd972b52ba0954832acc1b724523d759e38b5a58f9e948896bc85,,
ExtLibs/ProjNet/CoordinateSystems/HorizontalCoordinateSystem.cs,69,ProjNet.CoordinateSystems,ExtLibs/ProjNet/ProjNET.csproj,T0,delete,,,S,,,,,ready,,,,ec1565f23180346a8627e424dd7d9e4e88e53ab41e24ef1500e2b3d6cb58d6ec,,
ExtLibs/ProjNet/CoordinateSystems/HorizontalDatum.cs,223,ProjNet.CoordinateSystems,ExtLibs/ProjNet/ProjNET.csproj,T0,delete,,,M,,,,,ready,,,,f6106cf13aec547162bad1b5b085fee85fb7cd358c879a191416a96e4127bb4c,,
ExtLibs/ProjNet/CoordinateSystems/Info.cs,189,ProjNet.CoordinateSystems,ExtLibs/ProjNet/ProjNET.csproj,T0,delete,,,S,,,,,ready,,,,9c120dadaa931c111df800c5d5c99fa6749e72ec79779d1e1cd206184f3864ab,,
ExtLibs/ProjNet/CoordinateSystems/LinearUnit.cs,150,ProjNet.CoordinateSystems,ExtLibs/ProjNet/ProjNET.csproj,T0,delete,,,S,,,,,ready,,,,9dbe7d10a6e4fc8589cb45b90ee0802c8ecb7b5d575662fdcede07e21b390a6f,,
ExtLibs/ProjNet/CoordinateSystems/ParameterInfo.cs,88,ProjNet.CoordinateSystems,ExtLibs/ProjNet/ProjNET.csproj,T0,delete,,,S,,,,,ready,,,,a526248d2db6f93b5635c2fc878d732136009d536e0d09539bf34a14bfd9dac8,,
ExtLibs/ProjNet/CoordinateSystems/PrimeMeridian.cs,221,ProjNet.CoordinateSystems,ExtLibs/ProjNet/ProjNET.csproj,T0,delete,,,M,,,,,ready,,,,5dfae752c207da527d87312d511651a74a0a1c33c437ff04ff6a4b63ce9c7547,,
ExtLibs/ProjNet/CoordinateSystems/ProjectedCoordinateSystem.cs,255,ProjNet.CoordinateSystems,ExtLibs/ProjNet/ProjNET.csproj,T0,delete,,,M,,,,,ready,,,,0be8343a39b7cd7552c5cdd7cf9034492b8a63c68c26cc8ca5ea4d8d3f7e51fb,,
ExtLibs/ProjNet/CoordinateSystems/Projection.cs,166,ProjNet.CoordinateSystems,ExtLibs/ProjNet/ProjNET.csproj,T0,delete,,,S,,,,,ready,,,,f008aea672fb021d08c17655d872114e6b789d68fec37df859fb4b1666be7254,,
ExtLibs/ProjNet/CoordinateSystems/Projections/AlbersProjection.cs,250,ProjNet.CoordinateSystems.Projections,ExtLibs/ProjNet/ProjNET.csproj,T0,delete,,,M,,,,,ready,,,,cea2b6f1422e2317382e56420ffcbbfc02939ab845062ede672dcc3f9cbd14d0,,
ExtLibs/ProjNet/CoordinateSystems/Projections/CassiniSoldnerProjection.cs,113,ProjNet.CoordinateSystems.Projections,ExtLibs/ProjNet/ProjNET.csproj,T0,delete,,,S,,,,,ready,,,,2601a0c26c8b5ad56b3e96e22c2ff54aaa4a162c9d2e45dca9df9388eddca32c,,
ExtLibs/ProjNet/CoordinateSystems/Projections/HotineObliqueMercatorProjection.cs,224,ProjNet.CoordinateSystems.Projections,ExtLibs/ProjNet/ProjNET.csproj,T0,delete,,,M,,,,,ready,,,,0b70d52c3afa97e523516e4d695546e63e81f27036d772e0683802fa6ea44bba,,
ExtLibs/ProjNet/CoordinateSystems/Projections/KrovakProjection.cs,270,ProjNet.CoordinateSystems.Projections,ExtLibs/ProjNet/ProjNET.csproj,T0,delete,,,M,,,,,ready,,,,5088cc635067a0f43269bf465f28126e0c19c35bbffc1397a8a7183b8583550d,,
ExtLibs/ProjNet/CoordinateSystems/Projections/LambertConformalConic.cs,263,ProjNet.CoordinateSystems.Projections,ExtLibs/ProjNet/ProjNET.csproj,T0,delete,,,M,,,,,ready,,,,9eb6b418fc45b7e030729f2039dbe3f92054900e4f6fffd4a8c5143b36f3d702,,
ExtLibs/ProjNet/CoordinateSystems/Projections/MapProjection.cs,875,ProjNet.CoordinateSystems.Projections,ExtLibs/ProjNet/ProjNET.csproj,T0,delete,,,L,,,,,ready,,,,af4da3aee4406ab975042f8a2999a050c18c6b5651e1d8a95a2ce7b5a5500d1e,,
ExtLibs/ProjNet/CoordinateSystems/Projections/Mercator.cs,229,ProjNet.CoordinateSystems.Projections,ExtLibs/ProjNet/ProjNET.csproj,T0,delete,,,M,,,,,ready,,,,c04a2c914c58b359311b3c5537c9cae5c3efc8785836dfb7e5533450581e97bd,,
ExtLibs/ProjNet/CoordinateSystems/Projections/ObliqueStereographicProjection.cs,223,ProjNet.CoordinateSystems.Projections,ExtLibs/ProjNet/ProjNET.csproj,T0,delete,,,M,,,,,ready,,,,f1f8092fbd1b4930d59f0b7d874766134b22d3f6cdc7c6ba404b23330bb910a8,,
ExtLibs/ProjNet/CoordinateSystems/Projections/PolyconicProjection.cs,163,ProjNet.CoordinateSystems.Projections,ExtLibs/ProjNet/ProjNET.csproj,T0,delete,,,S,,,,,ready,,,,0762f8ff04f601345c7506a2a4b6cd02dfeed9af888933277373968be6f5375c,,
ExtLibs/ProjNet/CoordinateSystems/Projections/ProjectionParameterSet.cs,163,ProjNet.CoordinateSystems.Projections,ExtLibs/ProjNet/ProjNET.csproj,T0,delete,,,S,,,,,ready,,,,b64ce3c02633e6bae9320e3e6e72a16b40695ff6b0054f20dc4fafcea9195a36,,
ExtLibs/ProjNet/CoordinateSystems/Projections/ProjectionsRegistry.cs,125,ProjNet.CoordinateSystems.Projections,ExtLibs/ProjNet/ProjNET.csproj,T0,delete,,,S,,,,,ready,,,,6c7bc06368f2c41b2c5b918e1bb974909090cacf4969287c5bdffd3ddcfab6a5,,
ExtLibs/ProjNet/CoordinateSystems/Projections/TransverseMercator.cs,354,ProjNet.CoordinateSystems.Projections,ExtLibs/ProjNet/ProjNET.csproj,T0,delete,,,M,,,,,ready,,,,ddbe260a68174c00f27aa9b026c65c02aeeff000a38f3fbc17a8b9e8dd35c156,,"ported into crates/mp-mission/src/utm.rs for the survey grid despite T0: PLAN 12 D4 left projections open, and the grid needs ProjNet bit for bit"
ExtLibs/ProjNet/CoordinateSystems/Transformations/AffineTransform.cs,453,ProjNet.CoordinateSystems.Transformations,ExtLibs/ProjNet/ProjNET.csproj,T0,delete,,,M,,,,,ready,,,,d31537b4d90cbf9c5332db81175534c13cb05feadbf421fec5f2221ef8605f65,,
ExtLibs/ProjNet/CoordinateSystems/Transformations/ConcatenatedTransform.cs,175,ProjNet.CoordinateSystems.Transformations,ExtLibs/ProjNet/ProjNET.csproj,T0,delete,,,S,,,,,ready,,,,334f8e599f96f0c2e097a1fc87f675787f56b82853eaaf01b17130c970c2e7c1,,
ExtLibs/ProjNet/CoordinateSystems/Transformations/CoordinateTransformation.cs,152,ProjNet.CoordinateSystems.Transformations,ExtLibs/ProjNet/ProjNET.csproj,T0,delete,,,S,,,,,ready,,,,53d8280c5a8a949696d09f8d7655e518ee2e76c34e6765bb0c907ae9aa6032e2,,
ExtLibs/ProjNet/CoordinateSystems/Transformations/CoordinateTransformationFactory.cs,432,ProjNet.CoordinateSystems.Transformations,ExtLibs/ProjNet/ProjNET.csproj,T0,delete,,,M,,,,,ready,,,,42a75951c3abe6a296b4c7d7faeebf4d525ecffb742b3d23ff811fc73e634cdf,,
ExtLibs/ProjNet/CoordinateSystems/Transformations/DatumTransform.cs,176,ProjNet.CoordinateSystems.Transformations,ExtLibs/ProjNet/ProjNET.csproj,T0,delete,,,S,,,,,ready,,,,b7cb2e0b6dbe90e79185c6c7828d1bdca0a4253b4640f5a22247722fcb7dc695,,
ExtLibs/ProjNet/CoordinateSystems/Transformations/GeocentricTransform.cs,298,ProjNet.CoordinateSystems.Transformations,ExtLibs/ProjNet/ProjNET.csproj,T0,delete,,,M,,,,,ready,,,,1051ebe7afc35ca4449cd4a4e3db3faaaa368d5fabf84e6d60f7d74bca2f1139,,
ExtLibs/ProjNet/CoordinateSystems/Transformations/GeographicTransform.cs,168,ProjNet.CoordinateSystems.Transformations,ExtLibs/ProjNet/ProjNET.csproj,T0,delete,,,S,,,,,ready,,,,a54aa8c5c6a91d8ed591530d6ae5bafe6c9b82675cf1bd419ee1dcd6c9956593,,
ExtLibs/ProjNet/CoordinateSystems/Transformations/MathTransform.cs,258,ProjNet.CoordinateSystems.Transformations,ExtLibs/ProjNet/ProjNET.csproj,T0,delete,,,M,,,,,ready,,,,d87e4a5eee27e9cfde8b2eed3c7e8bf05e2700a28194906bde7fafc030d9258c,,
ExtLibs/ProjNet/CoordinateSystems/Transformations/PrimeMeridianTransform.cs,130,ProjNet.CoordinateSystems.Transformations,ExtLibs/ProjNet/ProjNET.csproj,T0,delete,,,S,,,,,ready,,,,acda4fdabb7307ab3a6324693fee65c96a94dbbef9d54aebd2094bd7f3c9bff4,,
ExtLibs/ProjNet/CoordinateSystems/Unit.cs,113,ProjNet.CoordinateSystems,ExtLibs/ProjNet/ProjNET.csproj,T0,delete,,,S,,,,,ready,,,,259def275c923b62da7e789d323d93b8dbf9359afa20a1b4970e96654943c45a,,
ExtLibs/ProjNet/IO/CoordinateSystems/CoordinateSystemWktReader.cs,555,ProjNet.Converters.WellKnownText,ExtLibs/ProjNet/ProjNET.csproj,T0,delete,,,M,,,,,ready,,,,a2d3bdb778acda38ebf1f7206da607f576b1da1cd97820e5ba47d23cfe5e0bdb,,
ExtLibs/ProjNet/IO/CoordinateSystems/MathTransformWktReader.cs,257,ProjNet.Converters.WellKnownText,ExtLibs/ProjNet/ProjNET.csproj,T0,delete,,,M,,,,,ready,,,,b5d73072e6f6bc780f793baf09999d5f6f40f567f00e1043d39ebce4f68223d0,,
ExtLibs/ProjNet/IO/CoordinateSystems/StreamTokenizer.cs,273,ProjNet.Converters.WellKnownText.IO,ExtLibs/ProjNet/ProjNET.csproj,T0,delete,,,M,,,,,ready,,,,c7eed71e4147650aa75c6fef2da40c0091a1761c6421d46e54e2b6138c5bf84a,,
ExtLibs/ProjNet/IO/CoordinateSystems/TokenType.cs,76,ProjNet.Converters.WellKnownText,ExtLibs/ProjNet/ProjNET.csproj,T0,delete,,,S,,,,,ready,,,,5c0c29de38b08d8460851de99427a2e14dcd09f2007ece5b83894d62dfb878ff,,
ExtLibs/ProjNet/IO/CoordinateSystems/WKTStreamTokenizer.cs,116,ProjNet.Converters.WellKnownText,ExtLibs/ProjNet/ProjNET.csproj,T0,delete,,,S,,,,,ready,,,,81b216d9ab45623383f052b7fca7d6394b9ab9abe4cbb4c5ea9058a40a088542,,
ExtLibs/ProjNet/ProjNetCoordinateSystemServices.cs,306,ProjNet,ExtLibs/ProjNet/ProjNET.csproj,T0,delete,,,M,,,,,ready,,,,cc55b7a3bae3e03d10a8e41787ab19e51d2c3eea9b5917e9d320312d8e22f1c9,,
ExtLibs/ProjNet/TypeExtensions.cs,23,ProjNet,ExtLibs/ProjNet/ProjNET.csproj,T0,delete,,,S,,,,,ready,,,,195fce6354ced743a8d107676a9aff22bd28d3d5be596e201c1a1e57d787aa6e,,
ExtLibs/SharpAdbClient/AdbClient.cs,449,SharpAdbClient,ExtLibs/SharpAdbClient/SharpAdbClient.csproj,T0,delete,,,M,,,,,ready,,,,cd8da7b250fb2ea9850ca83d7385bd4af5cb531f9508b9fb6bb46ff2fe2730fb,,
ExtLibs/SharpAdbClient/AdbClientExtensions.cs,167,SharpAdbClient,ExtLibs/SharpAdbClient/SharpAdbClient.csproj,T0,delete,,,S,,,,,ready,,,,0465b35f72e3533b26b822403148807cfc075e3a42c38162beabc1f48eb68bdf,,
ExtLibs/SharpAdbClient/AdbCommandLineClient.cs,298,SharpAdbClient,ExtLibs/SharpAdbClient/SharpAdbClient.csproj,T0,delete,,,M,,,,,ready,,,,1ed4daa753981bcb3406b1a7ae5d37ed4e3e64b2d1f41f3491811664f8518c88,,
ExtLibs/SharpAdbClient/AdbCommandLineClientExtensions.cs,37,SharpAdbClient,ExtLibs/SharpAdbClient/SharpAdbClient.csproj,T0,delete,,,S,,,,,ready,,,,aa3e78808a3fcb8edbbcc8f04a06fa415f00aec7fe5ab11108bf2a050e854408,,
ExtLibs/SharpAdbClient/AdbResponse.cs,152,SharpAdbClient,ExtLibs/SharpAdbClient/SharpAdbClient.csproj,T0,delete,,,S,,,,,ready,,,,191162741e94e6a4b5cbe122f8e83c176cab1f4194d37c5f8a06b5266dc0107c,,
ExtLibs/SharpAdbClient/AdbServer.cs,229,SharpAdbClient,ExtLibs/SharpAdbClient/SharpAdbClient.csproj,T0,delete,,,M,,,,,ready,,,,23ff07c6c954b162f5961a8f0d69070416be91e48cc356633997bdb088069ec1,,
ExtLibs/SharpAdbClient/AdbServerStatus.cs,52,SharpAdbClient,ExtLibs/SharpAdbClient/SharpAdbClient.csproj,T0,delete,,,S,,,,,ready,,,,6b5ef0a6dbc92ee0c1b45997aabd6cbc5e2e10c4322ebeedb38076472f14028e,,
ExtLibs/SharpAdbClient/AdbSocket.cs,409,SharpAdbClient,ExtLibs/SharpAdbClient/SharpAdbClient.csproj,T0,delete,,,M,,,,,ready,,,,3d5762f7d68783d0046a32a2c73e40bf621d039498945df29f2a888c7c32783c,,
ExtLibs/SharpAdbClient/ColorData.cs,31,SharpAdbClient,ExtLibs/SharpAdbClient/SharpAdbClient.csproj,T0,delete,,,S,,,,,ready,,,,a157f7c330cf45637766564512484215dc8e2917b56e13177ff4001630b22971,,
ExtLibs/SharpAdbClient/DeviceCommands/AndroidProcess.cs,228,SharpAdbClient.DeviceCommands,ExtLibs/SharpAdbClient/SharpAdbClient.csproj,T0,delete,,,M,,,,,ready,,,,bfc8c2eb2071c1652ead4ccb4f87923992d013fbe5731fa713153e97b4b42147,,
ExtLibs/SharpAdbClient/DeviceCommands/AndroidProcessState.cs,64,SharpAdbClient.DeviceCommands,ExtLibs/SharpAdbClient/SharpAdbClient.csproj,T0,delete,,,S,,,,,ready,,,,bf1daf16a250b99882b77bf1cd2b54ccee35ac0b18a8afbbfecb0ed3010bd1d4,,
ExtLibs/SharpAdbClient/DeviceCommands/DeviceExtensions.cs,199,SharpAdbClient.DeviceCommands,ExtLibs/SharpAdbClient/SharpAdbClient.csproj,T0,delete,,,S,,,,,ready,,,,d94a02525af8200f921a39cfea3f0134898703128be3cdae95b80a0b77acfb58,,
ExtLibs/SharpAdbClient/DeviceCommands/EnvironmentVariablesReceiver.cs,78,SharpAdbClient,ExtLibs/SharpAdbClient/SharpAdbClient.csproj,T0,delete,,,S,,,,,ready,,,,76c31d3278a7a4a61c66ef8b029b688e48b2a8fd4d837cdd21f2db342dddc3d2,,
ExtLibs/SharpAdbClient/DeviceCommands/GetPropReceiver.cs,76,SharpAdbClient.DeviceCommands,ExtLibs/SharpAdbClient/SharpAdbClient.csproj,T0,delete,,,S,,,,,ready,,,,fe59e209f7987cb2eea6bacdaf6528c4f59a8e71b2ab6a982147815aadccc6aa,,
ExtLibs/SharpAdbClient/DeviceCommands/InfoReceiver.cs,93,SharpAdbClient.DeviceCommands,ExtLibs/SharpAdbClient/SharpAdbClient.csproj,T0,delete,,,S,,,,,ready,,,,331e481a67bb41ab31cd367b2068fb49dfe8299037cd19c849ac6921c7a49452,,
ExtLibs/SharpAdbClient/DeviceCommands/InstallReceiver.cs,75,SharpAdbClient.DeviceCommands,ExtLibs/SharpAdbClient/SharpAdbClient.csproj,T0,delete,,,S,,,,,ready,,,,679ffe36934ca6554f98e3d7ba02fd278b732d7b67c30e91a19d6838201a1477,,
ExtLibs/SharpAdbClient/DeviceCommands/LinuxPath.cs,247,SharpAdbClient.DeviceCommands,ExtLibs/SharpAdbClient/SharpAdbClient.csproj,T0,delete,,,M,,,,,ready,,,,36f1eba16ce78c1b8a065e7a85e7f3104259e18496682459174e6ccb314e7a8e,,
ExtLibs/SharpAdbClient/DeviceCommands/PackageInstallationException.cs,63,SharpAdbClient.DeviceCommands,ExtLibs/SharpAdbClient/SharpAdbClient.csproj,T0,delete,,,S,,,,,ready,,,,657f2664971b986ad887d28603d4350a3a7b468b379eddd14e44e297f541bf8b,,
ExtLibs/SharpAdbClient/DeviceCommands/PackageManager.cs,240,SharpAdbClient.DeviceCommands,ExtLibs/SharpAdbClient/SharpAdbClient.csproj,T0,delete,,,M,,,,,ready,,,,07cdc68cf93cd1772e48aa5a939df1db346d632fc23b1aadfff90975ab7bac12,,
ExtLibs/SharpAdbClient/DeviceCommands/PackageManagerReceiver.cs,73,SharpAdbClient.DeviceCommands,ExtLibs/SharpAdbClient/SharpAdbClient.csproj,T0,delete,,,S,,,,,ready,,,,0ab0eb956acace8b643c56ef87c264e3d5e90466237ee6c793948cc2715847b2,,
ExtLibs/SharpAdbClient/DeviceCommands/VersionInfo.cs,41,SharpAdbClient.DeviceCommands,ExtLibs/SharpAdbClient/SharpAdbClient.csproj,T0,delete,,,S,,,,,ready,,,,003bade966219676564064c379123bf0b05eb9b5039d232f4d6b998dc7bdb831,,
ExtLibs/SharpAdbClient/DeviceCommands/VersionInfoReceiver.cs,95,SharpAdbClient.DeviceCommands,ExtLibs/SharpAdbClient/SharpAdbClient.csproj,T0,delete,,,S,,,,,ready,,,,57f81dfa439f5261608242a33a6bb56c9e9562a3d90b0e7f4ac8cef721ad7299,,
ExtLibs/SharpAdbClient/DeviceData.cs,145,SharpAdbClient,ExtLibs/SharpAdbClient/SharpAdbClient.csproj,T0,delete,,,S,,,,,ready,,,,497d157cae342579896a872ea90780466ada256c3a95aa9ea5f284d28ac785e6,,
ExtLibs/SharpAdbClient/DeviceDataEventArgs.cs,29,SharpAdbClient,ExtLibs/SharpAdbClient/SharpAdbClient.csproj,T0,delete,,,S,,,,,ready,,,,4ae073818fdcbaa4d1c8b0a95caff27d4308ea3cc9315048845db938a0ce6407,,
ExtLibs/SharpAdbClient/DeviceState.cs,61,SharpAdbClient,ExtLibs/SharpAdbClient/SharpAdbClient.csproj,T0,delete,,,S,,,,,ready,,,,f035b40aa6c10b17b59a08d270199c1a7750f0a5d02576a51fa708042cda7837,,
ExtLibs/SharpAdbClient/Exceptions/AdbException.cs,130,SharpAdbClient.Exceptions,ExtLibs/SharpAdbClient/SharpAdbClient.csproj,T0,delete,,,S,,,,,ready,,,,39a1e5e13039482f7188971516be09b064249df14624db481d6abf7dc6938374,,
ExtLibs/SharpAdbClient/Exceptions/CommandAbortingException.cs,55,SharpAdbClient.Exceptions,ExtLibs/SharpAdbClient/SharpAdbClient.csproj,T0,delete,,,S,,,,,ready,,,,dea77a7ebb41dec69132e66e522dbb0ed00915de92e0d6d05fc191f6fdef9c99,,
ExtLibs/SharpAdbClient/Exceptions/DeviceNotFoundException.cs,55,SharpAdbClient.Exceptions,ExtLibs/SharpAdbClient/SharpAdbClient.csproj,T0,delete,,,S,,,,,ready,,,,6b561bca994406feefbe4bd77d7eb182722fe900d9b532e8a12162c207d5af9a,,
ExtLibs/SharpAdbClient/Exceptions/NamespaceDoc.cs,16,SharpAdbClient.Exceptions,ExtLibs/SharpAdbClient/SharpAdbClient.csproj,T0,delete,,,S,,,,,ready,,,,a3e71003d8b2fd1a9ba1bfa6653fbdd31d0ef90b244c016d0c2eaf042063f530,,
ExtLibs/SharpAdbClient/Exceptions/PermissionDeniedException.cs,55,SharpAdbClient.Exceptions,ExtLibs/SharpAdbClient/SharpAdbClient.csproj,T0,delete,,,S,,,,,ready,,,,d5b4d9c91d47bc19a7456ce7d25d052952459718453916e79ba8be1157d02cab,,
ExtLibs/SharpAdbClient/Exceptions/ShellCommandUnresponsiveException.cs,82,SharpAdbClient.Exceptions,ExtLibs/SharpAdbClient/SharpAdbClient.csproj,T0,delete,,,S,,,,,ready,,,,929a03d68b629801d18988067461d1c8289ae881cfe7af61921f3a9050469c2f,,
ExtLibs/SharpAdbClient/Exceptions/UnknownOptionException.cs,55,SharpAdbClient.Exceptions,ExtLibs/SharpAdbClient/SharpAdbClient.csproj,T0,delete,,,S,,,,,ready,,,,ea95abd35e6c444a7067be5957ddbf778f2fe7d5dfd9cd97669deeb055377aee,,
ExtLibs/SharpAdbClient/Extensions/ArrayHelper.cs,43,SharpAdbClient,ExtLibs/SharpAdbClient/SharpAdbClient.csproj,T0,delete,,,S,,,,,ready,,,,e163e932293c24b0dcb68863292fe49872198dd4b1a66fc8c234c4f3207e6e50,,
ExtLibs/SharpAdbClient/Extensions/DateTimeHelper.cs,36,SharpAdbClient,ExtLibs/SharpAdbClient/SharpAdbClient.csproj,T0,delete,,,S,,,,,ready,,,,e3a35c69e56d2c825b459955b78ab631745a96419087d7dce9d60fbafa4a111a,,
ExtLibs/SharpAdbClient/Extensions/StringHelper.cs,53,SharpAdbClient,ExtLibs/SharpAdbClient/SharpAdbClient.csproj,T0,delete,,,S,,,,,ready,,,,860e0e3f5b9c8d617ab3b09ceef0ac6fe1b1c1090ce4e8ad0b7e0f30a9ea676b,,
ExtLibs/SharpAdbClient/Factories.cs,69,SharpAdbClient,ExtLibs/SharpAdbClient/SharpAdbClient.csproj,T0,delete,,,S,,,,,ready,,,,48bcf6f94acba3a50615be3a10caab88d442522c04ee3f1685d71c54c29043c6,,
ExtLibs/SharpAdbClient/FileStatistics.cs,61,SharpAdbClient,ExtLibs/SharpAdbClient/SharpAdbClient.csproj,T0,delete,,,S,,,,,ready,,,,609386e2c14e0636a81a706fb136c4f8dd284dd40cfee06c72c17ac8b83cf8a5,,
ExtLibs/SharpAdbClient/ForwardData.cs,89,SharpAdbClient,ExtLibs/SharpAdbClient/SharpAdbClient.csproj,T0,delete,,,S,,,,,ready,,,,19a246d95c2b5462454a94194df6dad1026ea718b3ab54b04a8f1e79ba24dad6,,
ExtLibs/SharpAdbClient/ForwardProtocol.cs,42,SharpAdbClient,ExtLibs/SharpAdbClient/SharpAdbClient.csproj,T0,delete,,,S,,,,,ready,,,,7e16e9881af0e00cb1dba27114373e807277334fcf4af7e5a78291518cb9edae,,
ExtLibs/SharpAdbClient/ForwardSpec.cs,208,SharpAdbClient,ExtLibs/SharpAdbClient/SharpAdbClient.csproj,T0,delete,,,M,,,,,ready,,,,5314a5e703ae55ed4a32f4bf540e963ff945f62dfc01ba6789df2b7c9a3e955e,,
ExtLibs/SharpAdbClient/IAdbClient.cs,88,SharpAdbClient,ExtLibs/SharpAdbClient/SharpAdbClient.csproj,T0,delete,,,S,,,,,ready,,,,ef13301cf761e706cfe7f3fb0f6314905652ced8de8bda96d28b5de9967e3628,,
ExtLibs/SharpAdbClient/IAdbCommandLineClient.cs,33,SharpAdbClient,ExtLibs/SharpAdbClient/SharpAdbClient.csproj,T0,delete,,,S,,,,,ready,,,,22bfd76a87dc7a9f24a1082b207a45ad0a4d56fb41cd1a3e5c5001b77e3b118a,,
ExtLibs/SharpAdbClient/IAdbServer.cs,78,SharpAdbClient,ExtLibs/SharpAdbClient/SharpAdbClient.csproj,T0,delete,,,S,,,,,ready,,,,1c7f32f608e23a042359953ee1c3b31d31424cc547374804e208743af679774d,,
ExtLibs/SharpAdbClient/IAdbSocket.cs,184,SharpAdbClient,ExtLibs/SharpAdbClient/SharpAdbClient.csproj,T0,delete,,,S,,,,,ready,,,,9b4dc1961aab9ffc17675a0c723067cb37b0c60a6ce5d634b8615410b6087cd4,,
ExtLibs/SharpAdbClient/ILogOutput.cs,33,SharpAdbClient,ExtLibs/SharpAdbClient/SharpAdbClient.csproj,T0,delete,,,S,,,,,ready,,,,084d21b370d074c6dab9e7cc188504a0c6fc5550a1c628d90252bd887dfae4e6,,
ExtLibs/SharpAdbClient/ISyncService.cs,35,SharpAdbClient,ExtLibs/SharpAdbClient/SharpAdbClient.csproj,T0,delete,,,S,,,,,ready,,,,095716a464bdb5b211f94d400a1db10b3ed07464e3466a8cc107560ecc129ab0,,
ExtLibs/SharpAdbClient/ITcpSocket.cs,133,SharpAdbClient,ExtLibs/SharpAdbClient/SharpAdbClient.csproj,T0,delete,,,S,,,,,ready,,,,caf24343b427826e37f7fdad4d9233ad17319200bcedd0fa649ff7bae519081e,,
ExtLibs/SharpAdbClient/Log.cs,189,SharpAdbClient,ExtLibs/SharpAdbClient/SharpAdbClient.csproj,T0,delete,,,S,,,,,ready,,,,184258b8ed66fa2bdddb58c9c3350e1a85645e252e980ed51ea8ff716b211081,,
ExtLibs/SharpAdbClient/LogLevel.cs,105,SharpAdbClient,ExtLibs/SharpAdbClient/SharpAdbClient.csproj,T0,delete,,,S,,,,,ready,,,,81f6dcb0d3c3254da89b098ae4d900b46038b2aab53f81e759a7abf6e5c2cfd9,,
ExtLibs/SharpAdbClient/Logs/AndroidLogEntry.cs,42,SharpAdbClient.Logs,ExtLibs/SharpAdbClient/SharpAdbClient.csproj,T0,delete,,,S,,,,,ready,,,,1bda775b85f83b4656cc18cc8c437a0e3a0a97700cfe64072c6a292205d326ad,,
ExtLibs/SharpAdbClient/Logs/EventLogEntry.cs,41,SharpAdbClient.Logs,ExtLibs/SharpAdbClient/SharpAdbClient.csproj,T0,delete,,,S,,,,,ready,,,,b48a10f49470aedeca1a43d6c02f511ceda0bae2bf068755e8a8c2515cbd6624,,
ExtLibs/SharpAdbClient/Logs/EventLogType.cs,37,SharpAdbClient.Logs,ExtLibs/SharpAdbClient/SharpAdbClient.csproj,T0,delete,,,S,,,,,ready,,,,3d67bc9f536c4f543d8919d9598908158f9bfc296215f421fc877116204ed535,,
ExtLibs/SharpAdbClient/Logs/LogEntry.cs,43,SharpAdbClient.Logs,ExtLibs/SharpAdbClient/SharpAdbClient.csproj,T0,delete,,,S,,,,,ready,,,,5e5df21a23f470b069ac27049a73800e0b29c8067e03060788718d81267c8408,,
ExtLibs/SharpAdbClient/Logs/LogId.cs,43,SharpAdbClient.Logs,ExtLibs/SharpAdbClient/SharpAdbClient.csproj,T0,delete,,,S,,,,,ready,,,,fee7e69016ef4b7bbb1aabf12ae56282d6824abf6cc036a5ed65415610ea615b,,
ExtLibs/SharpAdbClient/Logs/LogReader.cs,188,SharpAdbClient.Logs,ExtLibs/SharpAdbClient/SharpAdbClient.csproj,T0,delete,,,S,,,,,ready,,,,793d08f38daf9aa1dd918079d211d21ab22d3e8d97dd680862bb3854145d3c15,,
ExtLibs/SharpAdbClient/Logs/NamespaceDoc.cs,16,SharpAdbClient.Logs,ExtLibs/SharpAdbClient/SharpAdbClient.csproj,T0,delete,,,S,,,,,ready,,,,f1c8994b28cb5b97f8531371befd8931028fd51da27d9e641562360d6ddc0aa8,,
ExtLibs/SharpAdbClient/Logs/ShellStream.cs,232,SharpAdbClient.Logs,ExtLibs/SharpAdbClient/SharpAdbClient.csproj,T0,delete,,,M,,,,,ready,,,,61b5277a80c55fe8a8c90066031960316d79829bcc3f9d168b9f910b5baf03bf,,
ExtLibs/SharpAdbClient/NamespaceDoc.cs,45,SharpAdbClient,ExtLibs/SharpAdbClient/SharpAdbClient.csproj,T0,delete,,,S,,,,,ready,,,,c19940d090fcc69d584690790a764075dd477c71b805fbed04dab19bf29f6a63,,
ExtLibs/SharpAdbClient/PackageManager.cs,138,Managed.Adb,ExtLibs/SharpAdbClient/SharpAdbClient.csproj,T0,delete,,,S,,,,,dropped,,,,654b5180681aee3fe814fe613a922327586c4b64a710da5eae960b97c66e246c,,"no callers in the C# tree as of efb0801 (D16): compiled by no project (ExtLibs/SharpAdbClient/SharpAdbClient.csproj has Compile Remove=""PackageManager.cs""); declares PackageManager"
ExtLibs/SharpAdbClient/Receivers/ConsoleOutputReceiver.cs,112,SharpAdbClient,ExtLibs/SharpAdbClient/SharpAdbClient.csproj,T0,delete,,,S,,,,,ready,,,,95e086a4953e5c932ee1fd00b5ca50ab4550db7ca47bb62f4a007a32d0c379a4,,
ExtLibs/SharpAdbClient/Receivers/IShellOutputReceiver.cs,35,SharpAdbClient,ExtLibs/SharpAdbClient/SharpAdbClient.csproj,T0,delete,,,S,,,,,ready,,,,3e3b53167bac28eec7ac623a89c38c32de5973277404ebe3ba35e9596cb7abc4,,
ExtLibs/SharpAdbClient/Receivers/MultilineReceiver.cs,89,SharpAdbClient,ExtLibs/SharpAdbClient/SharpAdbClient.csproj,T0,delete,,,S,,,,,ready,,,,cc2d23ffd74d170c7cfa211b64cca7b89082a020b5aef2e8224874382022330d,,
ExtLibs/SharpAdbClient/Receivers/NamespaceDoc.cs,21,SharpAdbClient.Receivers,ExtLibs/SharpAdbClient/SharpAdbClient.csproj,T0,delete,,,S,,,,,ready,,,,941fdb530229edb071304a7848c81f76fe672df4b9b8de1c79d09d58f0b1632e,,
ExtLibs/SharpAdbClient/Receivers/ProcessOutputReceiver.cs,45,SharpAdbClient.Receivers,ExtLibs/SharpAdbClient/SharpAdbClient.csproj,T0,delete,,,S,,,,,ready,,,,685e5e8a0b7ed23cb39212b5db9ebc608a2bc7d5f13d13a61ec41f5bdba466b0,,
ExtLibs/SharpAdbClient/SocketExtensions.cs,94,SharpAdbClient,ExtLibs/SharpAdbClient/SharpAdbClient.csproj,T0,delete,,,S,,,,,ready,,,,f67fbb93501d7c25eda06ba4651df1a07c38a80d9746b27a0a9b3d5c458a9b79,,
ExtLibs/SharpAdbClient/StartServerResult.cs,30,SharpAdbClient,ExtLibs/SharpAdbClient/SharpAdbClient.csproj,T0,delete,,,S,,,,,ready,,,,2fa1fdbf5af654e0dc3e95e7ffe8a7e9d80f483216e0d8de013ead56d1e228c0,,
ExtLibs/SharpAdbClient/SyncCommand.cs,58,SharpAdbClient,ExtLibs/SharpAdbClient/SharpAdbClient.csproj,T0,delete,,,S,,,,,ready,,,,2deb3084cdc6c4b3db1e36a2eede370c2dcc8c78af8dfccd3502bd572e338425,,
ExtLibs/SharpAdbClient/SyncCommandConverter.cs,93,SharpAdbClient,ExtLibs/SharpAdbClient/SharpAdbClient.csproj,T0,delete,,,S,,,,,ready,,,,ffd98e98e4baea8ea82a43a8a5fde9f6aee5cf50199ec5b8a7ed84a0f3c5a458,,
ExtLibs/SharpAdbClient/SyncService.cs,326,SharpAdbClient,ExtLibs/SharpAdbClient/SharpAdbClient.csproj,T0,delete,,,M,,,,,ready,,,,c1260ce8ccee566834b43784deb4957e7f6fce33009aa235b7c69519c52cd0cf,,
ExtLibs/SharpAdbClient/TcpSocket.cs,138,SharpAdbClient,ExtLibs/SharpAdbClient/SharpAdbClient.csproj,T0,delete,,,S,,,,,ready,,,,634205708c411e017522313bbfd835e370e6ca7a53e40676502e6e4ee38d2e44,,
ExtLibs/SharpAdbClient/TransportType.cs,32,SharpAdbClient,ExtLibs/SharpAdbClient/SharpAdbClient.csproj,T0,delete,,,S,,,,,ready,,,,d224308579d3dedc0a887453d08941497cf11ce199b3926bc12bdc0a29ca06db,,
ExtLibs/SharpAdbClient/UnixFileMode.cs,56,SharpAdbClient,ExtLibs/SharpAdbClient/SharpAdbClient.csproj,T0,delete,,,S,,,,,ready,,,,41d218991f13ee9f44597ad9313cecc8470a62e6d9862087e93f8315e640056e,,
ExtLibs/SharpKml/Base/Angle.cs,84,SharpKml.Base,ExtLibs/SharpKml/SharpKml.csproj,T0,delete,,,S,,,,,ready,,,,fc1b02bdcd151ad7fa8b30863d43118001b81b46a83f02aad4d074f4ab39caf2,,
ExtLibs/SharpKml/Base/Color32.cs,278,SharpKml.Base,ExtLibs/SharpKml/SharpKml.csproj,T0,delete,,,M,,,,,ready,,,,4380fd4032f9755c755b69e4254806a531f139d20dbccb0a987c49338d9082f6,,
ExtLibs/SharpKml/Base/ElementEventArgs.cs,27,SharpKml.Base,ExtLibs/SharpKml/SharpKml.csproj,T0,delete,,,S,,,,,ready,,,,24806b4f32bcf55b770e7e7e0d590725f64329eb40451abaa82a9aa141e32130,,
ExtLibs/SharpKml/Base/ElementWalker.cs,65,SharpKml.Base,ExtLibs/SharpKml/SharpKml.csproj,T0,delete,,,S,,,,,ready,,,,c7ea8fb2a80dc9fa8933d839861d33c82227249d3cb2939ef462127368974d78,,
ExtLibs/SharpKml/Base/KmlAttributeAttribute.cs,23,SharpKml.Base,ExtLibs/SharpKml/SharpKml.csproj,T0,delete,,,S,,,,,ready,,,,ec76a4bf14259c46b0406da8de735e6d50a355ca7e00e49a7a584247735e8830,,
ExtLibs/SharpKml/Base/KmlElementAttribute.cs,58,SharpKml.Base,ExtLibs/SharpKml/SharpKml.csproj,T0,delete,,,S,,,,,ready,,,,ecc4502bb5e9620379eb7b9df28fd78c474400ae8b2d84a3afccd62c705ff3a4,,
ExtLibs/SharpKml/Base/KmlFactory.cs,133,SharpKml.Base,ExtLibs/SharpKml/SharpKml.csproj,T0,delete,,,S,,,,,ready,,,,ca1c98ffb2be3ca105d541ebb95bd66ce4fbfcda88f5708e83bee84b9d43d4e2,,
ExtLibs/SharpKml/Base/KmlFormatter.cs,87,SharpKml.Base,ExtLibs/SharpKml/SharpKml.csproj,T0,delete,,,S,,,,,ready,,,,4742c061ca809336dbcbaa185580cf18fe0456d5558df71ca44341666c7ef404,,
ExtLibs/SharpKml/Base/KmlNamespaces.cs,165,SharpKml.Base,ExtLibs/SharpKml/SharpKml.csproj,T0,delete,,,S,,,,,ready,,,,4fe5b3094d69fd3c863466a7c94e1582ea16f366ffa90fbf5351c384c3da5a9c,,
ExtLibs/SharpKml/Base/MathHelpers.cs,234,SharpKml.Base,ExtLibs/SharpKml/SharpKml.csproj,T0,delete,,,M,,,,,ready,,,,b20a639a418ace739d92931e0018034a796ee4cc3c10b7509aee185dbf11a232,,
ExtLibs/SharpKml/Base/Parser.cs,320,SharpKml.Base,ExtLibs/SharpKml/SharpKml.csproj,T0,delete,,,M,,,,,ready,,,,541a4663a0ed565dabe96742e05b6f28b926a7368e76f50810ecfa013f824c6a,,
ExtLibs/SharpKml/Base/Serializer.cs,223,SharpKml.Base,ExtLibs/SharpKml/SharpKml.csproj,T0,delete,,,M,,,,,ready,,,,5fd36062600c1e009f6737f9a713e71e88774422d66368583cd061c2c4a33aac,,
ExtLibs/SharpKml/Base/TypeBrowser.cs,225,SharpKml.Base,ExtLibs/SharpKml/SharpKml.csproj,T0,delete,,,M,,,,,ready,,,,9c61655dac66f1dedd53631f46580cb63f9ba526aeef5c46965c2bff74ba222f,,
ExtLibs/SharpKml/Base/ValueConverter.cs,138,SharpKml.Base,ExtLibs/SharpKml/SharpKml.csproj,T0,delete,,,S,,,,,ready,,,,d08e4b44c6d6cca9a99c959ef1f3ac43763d605343da908a5bbe507001f1bdb8,,
ExtLibs/SharpKml/Base/Vector.cs,100,SharpKml.Base,ExtLibs/SharpKml/SharpKml.csproj,T0,delete,,,S,,,,,ready,,,,a76316f41c7709492e6b2cc1771fddc71e5ec78c538ef48e24302bad0910f30f,,
ExtLibs/SharpKml/Base/XmlComponent.cs,132,SharpKml.Base,ExtLibs/SharpKml/SharpKml.csproj,T0,delete,,,S,,,,,ready,,,,a990fb5480a13819f71c650d0f0437416d3a3d70b8e1ea3e66d95ea6996e8beb,,
ExtLibs/SharpKml/Base/XmlExtractor.cs,81,SharpKml.Base,ExtLibs/SharpKml/SharpKml.csproj,T0,delete,,,S,,,,,ready,,,,9952c2285da76a3ec9d3d40a40f3fe86ba14a056969079db286c3a007c835467,,
ExtLibs/SharpKml/Dom/Atom/Author.cs,33,SharpKml.Dom.Atom,ExtLibs/SharpKml/SharpKml.csproj,T0,delete,,,S,,,,,ready,,,,b3de48b653f3112d6148e6e280205409c6260ebcba0079e2788ed79ba2466dd1,,
ExtLibs/SharpKml/Dom/Atom/Category.cs,35,SharpKml.Dom.Atom,ExtLibs/SharpKml/SharpKml.csproj,T0,delete,,,S,,,,,ready,,,,680d386673049b5306314b333d8842473e49885d903ef208bd0a5487353987ae,,
ExtLibs/SharpKml/Dom/Atom/Content.cs,35,SharpKml.Dom.Atom,ExtLibs/SharpKml/SharpKml.csproj,T0,delete,,,S,,,,,ready,,,,ad8dfb1bd1fb366a68169493eed948f04ba08a30b16b1fa71597b0112c5efd3b,,
ExtLibs/SharpKml/Dom/Atom/Entry.cs,103,SharpKml.Dom.Atom,ExtLibs/SharpKml/SharpKml.csproj,T0,delete,,,S,,,,,ready,,,,19be825b1c101eebc93a283925328f2cd74c81d0e7dc38b226669ac163948e29,,
ExtLibs/SharpKml/Dom/Atom/Feed.cs,102,SharpKml.Dom.Atom,ExtLibs/SharpKml/SharpKml.csproj,T0,delete,,,S,,,,,ready,,,,8e6e81492c71e70238a4768dffa78e2944e9eeb6dc7b94a156605b172caea687,,
ExtLibs/SharpKml/Dom/Atom/Link.cs,105,SharpKml.Dom.Atom,ExtLibs/SharpKml/SharpKml.csproj,T0,delete,,,S,,,,,ready,,,,026e51c17ed772c84768c6d84b4f93b718f8a770488b9db63689336c408ef1a0,,
ExtLibs/SharpKml/Dom/Element.cs,249,SharpKml.Dom,ExtLibs/SharpKml/SharpKml.csproj,T0,delete,,,M,,,,,ready,,,,db8e0a9abcdb112b126a0c931e1183edb3f0ad61fea2cd1c4a4b241f2a60da08,,
ExtLibs/SharpKml/Dom/Features/AbstractLatLonBox.cs,57,SharpKml.Dom,ExtLibs/SharpKml/SharpKml.csproj,T0,delete,,,S,,,,,ready,,,,c39650a6795658ea817ea770498b8e3624272437aa158c1abf318670634d9ed5,,
ExtLibs/SharpKml/Dom/Features/Container.cs,80,SharpKml.Dom,ExtLibs/SharpKml/SharpKml.csproj,T0,delete,,,S,,,,,ready,,,,f7a05825b2c1d6c3f94e6b74513da4944ecf9466e2ceb106f562e186dac4d69f,,
ExtLibs/SharpKml/Dom/Features/Data.cs,25,SharpKml.Dom,ExtLibs/SharpKml/SharpKml.csproj,T0,delete,,,S,,,,,ready,,,,ed09089f947e6e43af102cb514a34536091d2a2c1d170bf94564a55f14b7d832,,
ExtLibs/SharpKml/Dom/Features/Description.cs,32,SharpKml.Dom,ExtLibs/SharpKml/SharpKml.csproj,T0,delete,,,S,,,,,ready,,,,7b20c4a3754a17b2e956fc36e67b1ff4bc4d1895cbfe8f349803ab602c36ffd2,,
ExtLibs/SharpKml/Dom/Features/Document.cs,65,SharpKml.Dom,ExtLibs/SharpKml/SharpKml.csproj,T0,delete,,,S,,,,,ready,,,,659744cf4fc9b589f54138d06ce8c53b18c04240457b0d2d247d7f0e5150c72f,,
ExtLibs/SharpKml/Dom/Features/ExtendedData.cs,61,SharpKml.Dom,ExtLibs/SharpKml/SharpKml.csproj,T0,delete,,,S,,,,,ready,,,,0e2bc7b6e5f6c419f0599b0886bd33f0e9f7f0ea3ade5d02610af865da633751,,
ExtLibs/SharpKml/Dom/Features/Feature.cs,178,SharpKml.Dom,ExtLibs/SharpKml/SharpKml.csproj,T0,delete,,,S,,,,,ready,,,,e01df26bbbfb14a044405cf19cf1ce2f1853ff21ff40a3369948759b07329f72,,
ExtLibs/SharpKml/Dom/Features/Folder.cs,22,SharpKml.Dom,ExtLibs/SharpKml/SharpKml.csproj,T0,delete,,,S,,,,,ready,,,,aa3227fac4aa31dd9903adeabbd363cad62a1ac711064e304a0627ffb3e707f5,,
ExtLibs/SharpKml/Dom/Features/LatLonAltBox.cs,50,SharpKml.Dom,ExtLibs/SharpKml/SharpKml.csproj,T0,delete,,,S,,,,,ready,,,,6b3fc2367680ac79072a3a0132b77ac597b317843b266d94155910e7ea9312b2,,
ExtLibs/SharpKml/Dom/Features/Lod.cs,80,SharpKml.Dom,ExtLibs/SharpKml/SharpKml.csproj,T0,delete,,,S,,,,,ready,,,,6e539a478766542533f6f1305c1089e2ccc244ee7976fa28bd6a85bc8185864f,,
ExtLibs/SharpKml/Dom/Features/NetworkLink.cs,85,SharpKml.Dom,ExtLibs/SharpKml/SharpKml.csproj,T0,delete,,,S,,,,,ready,,,,462c427da73a31459f1ee859e5139e6c28f9d7223d033b2c9d777841bd7e9aa6,,
ExtLibs/SharpKml/Dom/Features/Placemark.cs,30,SharpKml.Dom,ExtLibs/SharpKml/SharpKml.csproj,T0,delete,,,S,,,,,ready,,,,b88c8a2666a0ba343521932a2c8c9c9b5bc4f44d8a662677712add881f127eb8,,
ExtLibs/SharpKml/Dom/Features/Region.cs,47,SharpKml.Dom,ExtLibs/SharpKml/SharpKml.csproj,T0,delete,,,S,,,,,ready,,,,8922aa045728ab3be03874a5bd647be862937d4a860d97c641726691cd00b86f,,
ExtLibs/SharpKml/Dom/Features/Schema.cs,70,SharpKml.Dom,ExtLibs/SharpKml/SharpKml.csproj,T0,delete,,,S,,,,,ready,,,,d30939b2e75f454b19c823fed327f112661a339c1c7f97a4dbcf4628114a16d9,,
ExtLibs/SharpKml/Dom/Features/SchemaData.cs,76,SharpKml.Dom,ExtLibs/SharpKml/SharpKml.csproj,T0,delete,,,S,,,,,ready,,,,f23fa59a9e6e4529df36ec4ecc0a844e34c1929e5a38123ae530445f790a9960,,
ExtLibs/SharpKml/Dom/Features/SimpleData.cs,38,SharpKml.Dom,ExtLibs/SharpKml/SharpKml.csproj,T0,delete,,,S,,,,,ready,,,,cdb2b92e4f533daf955a75158dd6e2589b7935bc8d7d801881114553edc8abca,,
ExtLibs/SharpKml/Dom/Features/SimpleField.cs,55,SharpKml.Dom,ExtLibs/SharpKml/SharpKml.csproj,T0,delete,,,S,,,,,ready,,,,6f7abc68fa472b97d31e1e8c044764c92c9c0b0cb874282007117893d1130ed6,,
ExtLibs/SharpKml/Dom/Features/Snippet.cs,38,SharpKml.Dom,ExtLibs/SharpKml/SharpKml.csproj,T0,delete,,,S,,,,,ready,,,,f4b27c33b0ca03184322b96259738c4ca15d7a7eec0c59f8772e41c3e8998710,,
ExtLibs/SharpKml/Dom/Fields/AltitudeMode.cs,26,SharpKml.Dom,ExtLibs/SharpKml/SharpKml.csproj,T0,delete,,,S,,,,,ready,,,,4cd56bcb7f259188a0a00831e1c8079105132db7d45c07cfd75895ff135bba78,,
ExtLibs/SharpKml/Dom/Fields/ColorMode.cs,33,SharpKml.Dom,ExtLibs/SharpKml/SharpKml.csproj,T0,delete,,,S,,,,,ready,,,,29156aad5f6dc5762c0ce91d03735b96252fdcc319631ebe1457feae4d027a1b,,
ExtLibs/SharpKml/Dom/Fields/CoordinateCollection.cs,227,SharpKml.Dom,ExtLibs/SharpKml/SharpKml.csproj,T0,delete,,,M,,,,,ready,,,,e1827b3f1f724cf7306ef80d0fa6d71c72cd58a575c8b2892c64b41915083a93,,
ExtLibs/SharpKml/Dom/Fields/DisplayMode.cs,17,SharpKml.Dom,ExtLibs/SharpKml/SharpKml.csproj,T0,delete,,,S,,,,,ready,,,,c42d8596181bb9c9eb914c08ca0161f0bcc29a6005eb8c02d71a916e9b5b60ae,,
ExtLibs/SharpKml/Dom/Fields/GridOrigin.cs,24,SharpKml.Dom,ExtLibs/SharpKml/SharpKml.csproj,T0,delete,,,S,,,,,ready,,,,5bef8187c199166712977d80587d4bf500fcdfb2872fbe4404ed4a1a96431947,,
ExtLibs/SharpKml/Dom/Fields/ItemIconStates.cs,47,SharpKml.Dom,ExtLibs/SharpKml/SharpKml.csproj,T0,delete,,,S,,,,,ready,,,,e5f8472e6fa5c4136582312cbab45f05a0fa83a6cb70e903fe8cc073aa073a39,,
ExtLibs/SharpKml/Dom/Fields/ListItemType.cs,47,SharpKml.Dom,ExtLibs/SharpKml/SharpKml.csproj,T0,delete,,,S,,,,,ready,,,,03fb6a0f428332f04f019b10ec2332f20ef63a2472e5764318679d58606d7c5c,,
ExtLibs/SharpKml/Dom/Fields/RefreshMode.cs,29,SharpKml.Dom,ExtLibs/SharpKml/SharpKml.csproj,T0,delete,,,S,,,,,ready,,,,6eb65e365b5d0a3b0655b9c9d353d1ca0818bb4ee15d08b6fb7f839d85f71c3f,,
ExtLibs/SharpKml/Dom/Fields/Shape.cs,23,SharpKml.Dom,ExtLibs/SharpKml/SharpKml.csproj,T0,delete,,,S,,,,,ready,,,,3664d2496406351d18b6b591d632523b3d062a70c23d42d99a59de98b0315943,,
ExtLibs/SharpKml/Dom/Fields/StyleState.cs,23,SharpKml.Dom,ExtLibs/SharpKml/SharpKml.csproj,T0,delete,,,S,,,,,ready,,,,20e62fae63f8e85ee897217667760554949913e1da182621e5ca4fe781ff3472,,
ExtLibs/SharpKml/Dom/Fields/Unit.cs,23,SharpKml.Dom,ExtLibs/SharpKml/SharpKml.csproj,T0,delete,,,S,,,,,ready,,,,9c91263a5f920160786abbd83333a2274b9eed86636603f74b4b64ca96b93480,,
ExtLibs/SharpKml/Dom/Fields/VectorType.cs,35,SharpKml.Dom,ExtLibs/SharpKml/SharpKml.csproj,T0,delete,,,S,,,,,ready,,,,c151fb3253bd479c660ef231abe98763d0da506457f0f23e41aa43541d919429,,
ExtLibs/SharpKml/Dom/Fields/ViewRefreshMode.cs,37,SharpKml.Dom,ExtLibs/SharpKml/SharpKml.csproj,T0,delete,,,S,,,,,ready,,,,eea4b0f3c756e48d8de43a8d9250af9d4aca373daf5d5ee09ac5060ffcb7856e,,
ExtLibs/SharpKml/Dom/GX/AnimatedUpdate.cs,26,SharpKml.Dom.GX,ExtLibs/SharpKml/SharpKml.csproj,T0,delete,,,S,,,,,ready,,,,10e47a42e399433bbd7c091473ee9d3d0d1620e34dea65b76d043eb17f6fe971,,
ExtLibs/SharpKml/Dom/GX/Enums.cs,59,SharpKml.Dom.GX,ExtLibs/SharpKml/SharpKml.csproj,T0,delete,,,S,,,,,ready,,,,eada9f0d5691b6dbe36706421046a0ec1c2344adcc483d5aab9db060b6ffb10a,,
ExtLibs/SharpKml/Dom/GX/FlyTo.cs,32,SharpKml.Dom.GX,ExtLibs/SharpKml/SharpKml.csproj,T0,delete,,,S,,,,,ready,,,,b8e62782822a0bfc1ca6f3d4299adde7366e2491080577abba8779a29df073e4,,
ExtLibs/SharpKml/Dom/GX/LatLonQuad.cs,32,SharpKml.Dom.GX,ExtLibs/SharpKml/SharpKml.csproj,T0,delete,,,S,,,,,ready,,,,7fcdc40cd4bc042e0ff049efe6dde3b03b70ce901deb370b4ea5a59304e94f91,,
ExtLibs/SharpKml/Dom/GX/MultipleTrack.cs,48,SharpKml.Dom.GX,ExtLibs/SharpKml/SharpKml.csproj,T0,delete,,,S,,,,,ready,,,,763e59969687a92278f14e1fa4c8dd340bc92fe44a38a69954645a7c79b703a7,,
ExtLibs/SharpKml/Dom/GX/Playlist.cs,43,SharpKml.Dom.GX,ExtLibs/SharpKml/SharpKml.csproj,T0,delete,,,S,,,,,ready,,,,d09786e335cbe39da794e7416b8648bf36cc79bd98bb0696f9548a0c7357ca25,,
ExtLibs/SharpKml/Dom/GX/SimpleArrayData.cs,99,SharpKml.Dom.GX,ExtLibs/SharpKml/SharpKml.csproj,T0,delete,,,S,,,,,ready,,,,0221b0e6879d3c674535c333732ad2bf6332bfbd740cf4b87fcfb8f828cfbbcb,,
ExtLibs/SharpKml/Dom/GX/SimpleArrayField.cs,58,SharpKml.Dom.GX,ExtLibs/SharpKml/SharpKml.csproj,T0,delete,,,S,,,,,ready,,,,9b2be3534716be94869ec074532afda9036ae9055636179fa1a8f45569a8827b,,
ExtLibs/SharpKml/Dom/GX/SoundCue.cs,17,SharpKml.Dom.GX,ExtLibs/SharpKml/SharpKml.csproj,T0,delete,,,S,,,,,ready,,,,4abbe16ba319d0e9ba63105da0fb43528d40c3787d8f5e2034e8ce8db4053c2a,,
ExtLibs/SharpKml/Dom/GX/TimeSpan.cs,25,SharpKml.Dom.GX,ExtLibs/SharpKml/SharpKml.csproj,T0,delete,,,S,,,,,ready,,,,7ea1ce7ae3849d3c919a075caf4e5f2fc00c7b852b24e9d334f4bb0ab85d7cda,,
ExtLibs/SharpKml/Dom/GX/Timestamp.cs,21,SharpKml.Dom.GX,ExtLibs/SharpKml/SharpKml.csproj,T0,delete,,,S,,,,,ready,,,,c33ee5b5ac66e5273f2fe33b1e4c98454b64a5f394b2e14375c21d2ed3fd9aa5,,
ExtLibs/SharpKml/Dom/GX/Tour.cs,22,SharpKml.Dom.GX,ExtLibs/SharpKml/SharpKml.csproj,T0,delete,,,S,,,,,ready,,,,d8c6970a05c1e26fea868204941196f4c9d1387f645dccdb5c91bd0454b89474,,
ExtLibs/SharpKml/Dom/GX/TourControl.cs,16,SharpKml.Dom.GX,ExtLibs/SharpKml/SharpKml.csproj,T0,delete,,,S,,,,,ready,,,,130d2da221ba9f6a3ecce7c88b596801d0d21b15fe740f351c9454512319122f,,
ExtLibs/SharpKml/Dom/GX/TourPrimitive.cs,11,SharpKml.Dom.GX,ExtLibs/SharpKml/SharpKml.csproj,T0,delete,,,S,,,,,ready,,,,21b7c1e96a9e9b946d25c8434d5c9c583da23fb88c95253b8c5c72eecf23acd4,,
ExtLibs/SharpKml/Dom/GX/Track.cs,335,SharpKml.Dom.GX,ExtLibs/SharpKml/SharpKml.csproj,T0,delete,,,M,,,,,ready,,,,a40d2b8a529df2f47029ab0537469e6242531b35d5a0aa29e5d30fea90f62cb4,,
ExtLibs/SharpKml/Dom/GX/Wait.cs,17,SharpKml.Dom.GX,ExtLibs/SharpKml/SharpKml.csproj,T0,delete,,,S,,,,,ready,,,,21a4da1b78c2451ce8c8c8267d841a2e10c80d139ef0244de2ee6334407786bd,,
ExtLibs/SharpKml/Dom/Geometries/Alias.cs,27,SharpKml.Dom,ExtLibs/SharpKml/SharpKml.csproj,T0,delete,,,S,,,,,ready,,,,062c8a295ade388b8de546f093adaab5f9cfcc21cf642d837116adbad4dce7b9,,
ExtLibs/SharpKml/Dom/Geometries/Geometry.cs,9,SharpKml.Dom,ExtLibs/SharpKml/SharpKml.csproj,T0,delete,,,S,,,,,ready,,,,461e3c4592d9cf27260376f659c42bcc4df8e50bcc02d611efbb9647b301a415,,
ExtLibs/SharpKml/Dom/Geometries/InnerBoundary.cs,24,SharpKml.Dom,ExtLibs/SharpKml/SharpKml.csproj,T0,delete,,,S,,,,,ready,,,,2d0477e0a2a4e5262f5569af5803a091619609957cc2d2bb1154b86db063740c,,
ExtLibs/SharpKml/Dom/Geometries/LineString.cs,71,SharpKml.Dom,ExtLibs/SharpKml/SharpKml.csproj,T0,delete,,,S,,,,,ready,,,,932303d3772391dd39ec546daaaad7e695d01a464e48c82a7aa37005fdce0df4,,
ExtLibs/SharpKml/Dom/Geometries/LinearRing.cs,81,SharpKml.Dom,ExtLibs/SharpKml/SharpKml.csproj,T0,delete,,,S,,,,,ready,,,,7e4d09f949e13db0950e834fd0b0924d63066f2b67641050cb565beb12c33db0,,
ExtLibs/SharpKml/Dom/Geometries/Location.cs,28,SharpKml.Dom,ExtLibs/SharpKml/SharpKml.csproj,T0,delete,,,S,,,,,ready,,,,34eda17c956f657f5636f205a80e8d638919108701f298cb2ea9c582060d397e,,
ExtLibs/SharpKml/Dom/Geometries/Model.cs,96,SharpKml.Dom,ExtLibs/SharpKml/SharpKml.csproj,T0,delete,,,S,,,,,ready,,,,7e8bd9d51cbaa19056469c78456508958e2b681556e6507e62c5d5102d8f67b1,,
ExtLibs/SharpKml/Dom/Geometries/MultipleGeometry.cs,40,SharpKml.Dom,ExtLibs/SharpKml/SharpKml.csproj,T0,delete,,,S,,,,,ready,,,,07be3ab1435790cb1f0baf0e7c9921722569efa90df3c6ca8758bda0970a548b,,
ExtLibs/SharpKml/Dom/Geometries/Orientation.cs,38,SharpKml.Dom,ExtLibs/SharpKml/SharpKml.csproj,T0,delete,,,S,,,,,ready,,,,b2fc39d5c5c2c7017889d1e9f6479dcd3fc23a5b1d9b2388481e675a7857bf5d,,
ExtLibs/SharpKml/Dom/Geometries/OuterBoundary.cs,24,SharpKml.Dom,ExtLibs/SharpKml/SharpKml.csproj,T0,delete,,,S,,,,,ready,,,,868d4883654ab47d6e93b78d3ae91ddf67f54bcf396132b375bf322e8ba99014,,
ExtLibs/SharpKml/Dom/Geometries/Point.cs,94,SharpKml.Dom,ExtLibs/SharpKml/SharpKml.csproj,T0,delete,,,S,,,,,ready,,,,52562fa3ebad86468114496b38e992d99f93318aed6b73bd174698fc7bfc36ba,,
ExtLibs/SharpKml/Dom/Geometries/Polygon.cs,105,SharpKml.Dom,ExtLibs/SharpKml/SharpKml.csproj,T0,delete,,,S,,,,,ready,,,,b861bf30af24c8ef43b3dd67c0619802455394d325acb5882dbfba1919a24644,,
ExtLibs/SharpKml/Dom/Geometries/ResourceMap.cs,44,SharpKml.Dom,ExtLibs/SharpKml/SharpKml.csproj,T0,delete,,,S,,,,,ready,,,,a4ae94757789f12a7e469d46e88e8696ee58beef48d18b0a3aca557701f109c3,,
ExtLibs/SharpKml/Dom/Geometries/Scale.cs,34,SharpKml.Dom,ExtLibs/SharpKml/SharpKml.csproj,T0,delete,,,S,,,,,ready,,,,20a20439727123bdad600f648c110fd680d1feb8e7149f81003e7b3d732df697,,
ExtLibs/SharpKml/Dom/IBoundsInformation.cs,17,SharpKml.Dom,ExtLibs/SharpKml/SharpKml.csproj,T0,delete,,,S,,,,,ready,,,,e448c4e7e3f579bd63273d1a6120c298683175f08bda7596929f65e5307a28ef,,
ExtLibs/SharpKml/Dom/ICustomElement.cs,19,SharpKml.Dom,ExtLibs/SharpKml/SharpKml.csproj,T0,delete,,,S,,,,,ready,,,,9af573dfb585bdc1e524741f551d379a306c69d35af456b9a0a2541448b6d895,,
ExtLibs/SharpKml/Dom/IHtmlContent.cs,13,SharpKml.Dom,ExtLibs/SharpKml/SharpKml.csproj,T0,delete,,,S,,,,,ready,,,,f1044eb203a53d55882a9c78f503b95849f49c878753ae644b25f2273cb84304,,
ExtLibs/SharpKml/Dom/Kml.cs,41,SharpKml.Dom,ExtLibs/SharpKml/SharpKml.csproj,T0,delete,,,S,,,,,ready,,,,c008f20eaf3c62915d4764eaa4f81ae241d85159dc4c995ea0e5229ca11870b4,,
ExtLibs/SharpKml/Dom/KmlObject.cs,26,SharpKml.Dom,ExtLibs/SharpKml/SharpKml.csproj,T0,delete,,,S,,,,,ready,,,,942d8337ebd254a27f2a18ff809f558ce16f5c7cc3b728f474d00bbf15ca75e0,,
ExtLibs/SharpKml/Dom/Links/ChangeCollection.cs,130,SharpKml.Dom,ExtLibs/SharpKml/SharpKml.csproj,T0,delete,,,S,,,,,ready,,,,92a7d65b5db003160f219bb5e2491e362cb2bb34c2420a8dff87f089c12a6200,,
ExtLibs/SharpKml/Dom/Links/CreateCollection.cs,131,SharpKml.Dom,ExtLibs/SharpKml/SharpKml.csproj,T0,delete,,,S,,,,,ready,,,,8b8abaf4ba8000856f95747a9544e2febe1996e3a3176e1fc5260383aba8348d,,
ExtLibs/SharpKml/Dom/Links/DeleteCollection.cs,130,SharpKml.Dom,ExtLibs/SharpKml/SharpKml.csproj,T0,delete,,,S,,,,,ready,,,,fc916b7b9d92c820319d23a6ff6956cabb6e87adaeaa7df33ea75614a025ce3c,,
ExtLibs/SharpKml/Dom/Links/Icon.cs,12,SharpKml.Dom,ExtLibs/SharpKml/SharpKml.csproj,T0,delete,,,S,,,,,ready,,,,b85b6be2719ce77cc3f642a08877c32ee1e407accd0e5cfa1f042ce9fc9fdb49,,
ExtLibs/SharpKml/Dom/Links/Link.cs,12,SharpKml.Dom,ExtLibs/SharpKml/SharpKml.csproj,T0,delete,,,S,,,,,ready,,,,f564911e3e697cf91dc9391d2783fa4bdef5f0c5b83f081dfe1aa6cc295499c4,,
ExtLibs/SharpKml/Dom/Links/LinkSnippet.cs,36,SharpKml.Dom,ExtLibs/SharpKml/SharpKml.csproj,T0,delete,,,S,,,,,ready,,,,9f58b0fd96f81f6c52015ead6b9900fea2a4f010d2e16286db567dc34a860172,,
ExtLibs/SharpKml/Dom/Links/LinkType.cs,165,SharpKml.Dom,ExtLibs/SharpKml/SharpKml.csproj,T0,delete,,,S,,,,,ready,,,,db3a36c77ffd1f18eb588787215ba925ee2dffb7edd76e07534fb6cc753870a7,,
ExtLibs/SharpKml/Dom/Links/NetworkLinkControl.cs,119,SharpKml.Dom,ExtLibs/SharpKml/SharpKml.csproj,T0,delete,,,S,,,,,ready,,,,62ae4f395212df6e84eb8bddedb8ec60b3540ac6bab6d49acfd94c2431b71ce1,,
ExtLibs/SharpKml/Dom/Links/Update.cs,86,SharpKml.Dom,ExtLibs/SharpKml/SharpKml.csproj,T0,delete,,,S,,,,,ready,,,,142cb926137a47057c306d2e5b85dfc1d5957aff2730614bf18828ef99c20a15,,
ExtLibs/SharpKml/Dom/Overlays/GroundOverlay.cs,49,SharpKml.Dom,ExtLibs/SharpKml/SharpKml.csproj,T0,delete,,,S,,,,,ready,,,,1b02cb8dc5cb1678c45fda9c0337d6a43ce4695021c3fe0ca28ffb790df2726e,,
ExtLibs/SharpKml/Dom/Overlays/ImagePyramid.cs,56,SharpKml.Dom,ExtLibs/SharpKml/SharpKml.csproj,T0,delete,,,S,,,,,ready,,,,7e9a282e4f8bee0579ef748360f56382715657f46ccc1cc19545a1466ea1e026,,
ExtLibs/SharpKml/Dom/Overlays/LatLonBox.cs,21,SharpKml.Dom,ExtLibs/SharpKml/SharpKml.csproj,T0,delete,,,S,,,,,ready,,,,cc6ed3f75093bda203ec93394ddf72f4a1a8e20ba9f09ebda3510885e0b516a2,,
ExtLibs/SharpKml/Dom/Overlays/Overlay.cs,43,SharpKml.Dom,ExtLibs/SharpKml/SharpKml.csproj,T0,delete,,,S,,,,,ready,,,,8bca6d0e5d38570938509dd7851382908012368fe1a28ed6792c37d71b813835,,
ExtLibs/SharpKml/Dom/Overlays/OverlayVector.cs,12,SharpKml.Dom,ExtLibs/SharpKml/SharpKml.csproj,T0,delete,,,S,,,,,ready,,,,78662d7d59f2f7eb2f75a3e9abbc208cf8a43f4a523543ee51435aa6423930b8,,
ExtLibs/SharpKml/Dom/Overlays/PhotoOverlay.cs,100,SharpKml.Dom,ExtLibs/SharpKml/SharpKml.csproj,T0,delete,,,S,,,,,ready,,,,24e134e9d7fa3907c325169bcab4bcf57acc839ca3bdb26fc43aaff295d6bff0,,
ExtLibs/SharpKml/Dom/Overlays/RotationVector.cs,12,SharpKml.Dom,ExtLibs/SharpKml/SharpKml.csproj,T0,delete,,,S,,,,,ready,,,,69a18152443b9fe202debae14475cc08078074507f827ab4fa44efa4dd1f6b5d,,
ExtLibs/SharpKml/Dom/Overlays/ScreenOverlay.cs,92,SharpKml.Dom,ExtLibs/SharpKml/SharpKml.csproj,T0,delete,,,S,,,,,ready,,,,83b9c7053a58f0dbb776284109dc197f776cd1695fc3b29b4ffda34b72075b1a,,
ExtLibs/SharpKml/Dom/Overlays/ScreenVector.cs,14,SharpKml.Dom,ExtLibs/SharpKml/SharpKml.csproj,T0,delete,,,S,,,,,ready,,,,f213ef9852ce1a7f88bf83513106014d4f518891db407b536cca254f216840f2,,
ExtLibs/SharpKml/Dom/Overlays/SizeVector.cs,12,SharpKml.Dom,ExtLibs/SharpKml/SharpKml.csproj,T0,delete,,,S,,,,,ready,,,,5ef91d3464a68f620caa1ca42792f91349367ede82e8711905671b91e0f6ef2a,,
ExtLibs/SharpKml/Dom/Overlays/ViewVolume.cs,64,SharpKml.Dom,ExtLibs/SharpKml/SharpKml.csproj,T0,delete,,,S,,,,,ready,,,,df5c5e8e6706b06c46cea16decf3904733d0ee4dabeb021d9954560f8ce24887,,
ExtLibs/SharpKml/Dom/Styles/BalloonStyle.cs,42,SharpKml.Dom,ExtLibs/SharpKml/SharpKml.csproj,T0,delete,,,S,,,,,ready,,,,26d2efbb587bffeae3a71efe3e5a93165a5f768051f72202fe1cdb5aad645734,,
ExtLibs/SharpKml/Dom/Styles/BasicLink.cs,18,SharpKml.Dom,ExtLibs/SharpKml/SharpKml.csproj,T0,delete,,,S,,,,,ready,,,,14f6dd5bb32f3121646f2c323ba5d72e412d317b445e618c66f6a71ee6afb5d9,,
ExtLibs/SharpKml/Dom/Styles/ColorStyle.cs,23,SharpKml.Dom,ExtLibs/SharpKml/SharpKml.csproj,T0,delete,,,S,,,,,ready,,,,5de6ec58b439ac0458bd62f1f216128573da922e3c8fce647436dffc0cbc233d,,
ExtLibs/SharpKml/Dom/Styles/Hotspot.cs,14,SharpKml.Dom,ExtLibs/SharpKml/SharpKml.csproj,T0,delete,,,S,,,,,ready,,,,4ce7fe06aeeb3fe14e090f010a7a71ea87781afe22ba5408be2b755464ec4715,,
ExtLibs/SharpKml/Dom/Styles/IconStyle.cs,135,SharpKml.Dom,ExtLibs/SharpKml/SharpKml.csproj,T0,delete,,,S,,,,,ready,,,,4f053460e4ea357c9ef3dff3849183ca171eade79a326bad36a54cfb0426cfd8,,
ExtLibs/SharpKml/Dom/Styles/ItemIcon.cs,123,SharpKml.Dom,ExtLibs/SharpKml/SharpKml.csproj,T0,delete,,,S,,,,,ready,,,,9eb13a0c58bea34adc56f00d25779230330df84fc4989cd5e8bda711c0845723,,
ExtLibs/SharpKml/Dom/Styles/LabelStyle.cs,22,SharpKml.Dom,ExtLibs/SharpKml/SharpKml.csproj,T0,delete,,,S,,,,,ready,,,,4e191d102cbe085395f50043cc629432c8a7d3909ebee9098f3305cd63e7de56,,
ExtLibs/SharpKml/Dom/Styles/LineStyle.cs,25,SharpKml.Dom,ExtLibs/SharpKml/SharpKml.csproj,T0,delete,,,S,,,,,ready,,,,4b6a0cdc981ebfeae7951bac728134d069402c22de9024d3274556b7fe75c2e2,,
ExtLibs/SharpKml/Dom/Styles/ListStyle.cs,67,SharpKml.Dom,ExtLibs/SharpKml/SharpKml.csproj,T0,delete,,,S,,,,,ready,,,,d991f4f75776f2014e45280d30e4749fe863371ca29ac8a8fedcb130dd2cb0a4,,
ExtLibs/SharpKml/Dom/Styles/Pair.cs,48,SharpKml.Dom,ExtLibs/SharpKml/SharpKml.csproj,T0,delete,,,S,,,,,ready,,,,d806ef8eed7d49afce16ced5d2ef2d46aaef263d9994ec4e5e6c035ddadb13ff,,
ExtLibs/SharpKml/Dom/Styles/PolygonStyle.cs,29,SharpKml.Dom,ExtLibs/SharpKml/SharpKml.csproj,T0,delete,,,S,,,,,ready,,,,d3cdc81131a58cee37f9ca8be92c7273246365948c5f4ef61f85c7e6a84a7c26,,
ExtLibs/SharpKml/Dom/Styles/Style.cs,85,SharpKml.Dom,ExtLibs/SharpKml/SharpKml.csproj,T0,delete,,,S,,,,,ready,,,,a6d03ee3ee4a97688780a16a70c3406ce376f617295b4ba8359218e4f7d59884,,
ExtLibs/SharpKml/Dom/Styles/StyleMapCollection.cs,137,SharpKml.Dom,ExtLibs/SharpKml/SharpKml.csproj,T0,delete,,,S,,,,,ready,,,,faf1822debd750d98aedea22ffe20e38c8428c1d606bf24931ec60a13c304fd2,,
ExtLibs/SharpKml/Dom/Styles/StyleSelector.cs,9,SharpKml.Dom,ExtLibs/SharpKml/SharpKml.csproj,T0,delete,,,S,,,,,ready,,,,8acd1c6c6e259822cd8f79db0b894e05fb5b192e11a0b0b78161ce41d7a92d11,,
ExtLibs/SharpKml/Dom/Styles/SubStyle.cs,9,SharpKml.Dom,ExtLibs/SharpKml/SharpKml.csproj,T0,delete,,,S,,,,,ready,,,,475d4ccabb54aa899baff2c1522a58bed429fcf459b75a3b1f8d971faa3d50a7,,
ExtLibs/SharpKml/Dom/Time/TimePrimitive.cs,14,SharpKml.Dom,ExtLibs/SharpKml/SharpKml.csproj,T0,delete,,,S,,,,,ready,,,,ae768084dbc2a0992c81af04159d3327d75a6950982adb126ee940bf03bdefe0,,
ExtLibs/SharpKml/Dom/Time/TimeSpan.cs,21,SharpKml.Dom,ExtLibs/SharpKml/SharpKml.csproj,T0,delete,,,S,,,,,ready,,,,e1ef897d00e57f04e009e01f59a4c813301283cd4c9ab213aeabf5411b0fc9f9,,
ExtLibs/SharpKml/Dom/Time/Timestamp.cs,15,SharpKml.Dom,ExtLibs/SharpKml/SharpKml.csproj,T0,delete,,,S,,,,,ready,,,,3577ce6681f5f71b4d0f251e45146c5a37629f02d93a59b9738b8bd8ca12d9cd,,
ExtLibs/SharpKml/Dom/UnknownElement.cs,49,SharpKml.Dom,ExtLibs/SharpKml/SharpKml.csproj,T0,delete,,,S,,,,,ready,,,,f18f3f128e4357639fb807470f7fa2025d030ed1743716cf14bc36d612a9359e,,
ExtLibs/SharpKml/Dom/Url.cs,33,SharpKml.Dom,ExtLibs/SharpKml/SharpKml.csproj,T0,delete,,,S,,,,,ready,,,,e91bbd045c4a12060e26ccb15c8dcc47b618171230467cd6ebe6e99b0e4ac93a,,
ExtLibs/SharpKml/Dom/Views/AbstractView.cs,22,SharpKml.Dom,ExtLibs/SharpKml/SharpKml.csproj,T0,delete,,,S,,,,,ready,,,,0a85c3eddf886248215d49bc7a21dce385d7a7e157cc765199d353fdf862ce42,,
ExtLibs/SharpKml/Dom/Views/Camera.cs,86,SharpKml.Dom,ExtLibs/SharpKml/SharpKml.csproj,T0,delete,,,S,,,,,ready,,,,273f1a7d3fd0d1222a1beb5646385b101ef9a158cb9acabf361dfc53f86adb25,,
ExtLibs/SharpKml/Dom/Views/LookAt.cs,87,SharpKml.Dom,ExtLibs/SharpKml/SharpKml.csproj,T0,delete,,,S,,,,,ready,,,,c4d83cc050ec3d34612488df72c154e0ec201a8513c84acd76fe4ee944fa006e,,
ExtLibs/SharpKml/Dom/Xal/AddressDetails.cs,24,SharpKml.Dom.Xal,ExtLibs/SharpKml/SharpKml.csproj,T0,delete,,,S,,,,,ready,,,,93c7c4047e59996a279c86c10c2f137e8fb29a6938390510ea45129af066bd8c,,
ExtLibs/SharpKml/Dom/Xal/AdministrativeArea.cs,40,SharpKml.Dom.Xal,ExtLibs/SharpKml/SharpKml.csproj,T0,delete,,,S,,,,,ready,,,,67f95add89849e2cb6c78228ffbb3ff3757aea1cadc430f051f8da7a86cb6ad8,,
ExtLibs/SharpKml/Dom/Xal/Country.cs,26,SharpKml.Dom.Xal,ExtLibs/SharpKml/SharpKml.csproj,T0,delete,,,S,,,,,ready,,,,648c94468223f52368afc7755663aa2fd2f4d979ca52f669e239b4ff31d9ab13,,
ExtLibs/SharpKml/Dom/Xal/Locality.cs,39,SharpKml.Dom.Xal,ExtLibs/SharpKml/SharpKml.csproj,T0,delete,,,S,,,,,ready,,,,3df1906ef91e735cdac726a092758fe59f64c88330d7d1b2c707eb6e1e69380f,,
ExtLibs/SharpKml/Dom/Xal/PostalCode.cs,19,SharpKml.Dom.Xal,ExtLibs/SharpKml/SharpKml.csproj,T0,delete,,,S,,,,,ready,,,,5b4da4db966b3f89d4dadec2dc90cdb5abde2a98a5a141c51dc9bcd0b1c7f2d2,,
ExtLibs/SharpKml/Dom/Xal/SubAdministrativeArea.cs,32,SharpKml.Dom.Xal,ExtLibs/SharpKml/SharpKml.csproj,T0,delete,,,S,,,,,ready,,,,374896a984aba00e07d7687d8a91a351d0df51335ec330482f6d4f25f5f8fee8,,
ExtLibs/SharpKml/Dom/Xal/Thoroughfare.cs,18,SharpKml.Dom.Xal,ExtLibs/SharpKml/SharpKml.csproj,T0,delete,,,S,,,,,ready,,,,1cd766fb82969d151ad76bdddda77c8acb7f9c06c3a326df8459d26a0bf6bb70,,
ExtLibs/SharpKml/Engine/BoundingBox.cs,244,SharpKml.Engine,ExtLibs/SharpKml/SharpKml.csproj,T0,delete,,,M,,,,,ready,,,,95f67f2f681cca3ed4da15cb35b02cbd578c9aa77dbcc1b71059491ff822c46d,,
ExtLibs/SharpKml/Engine/ElementExtensions.cs,235,SharpKml.Engine,ExtLibs/SharpKml/SharpKml.csproj,T0,delete,,,M,,,,,ready,,,,0e17d3847d1a7da94ff153f60d946799efac6126e33c54f350fa5b5beb038346,,
ExtLibs/SharpKml/Engine/EntityMapper.cs,277,SharpKml.Engine,ExtLibs/SharpKml/SharpKml.csproj,T0,delete,,,M,,,,,ready,,,,81afdc508f4feb00c47b6a80862c78e7d056766d84471bcf59c21912238e27b0,,
ExtLibs/SharpKml/Engine/FeatureExtensions.cs,119,SharpKml.Engine,ExtLibs/SharpKml/SharpKml.csproj,T0,delete,,,S,,,,,ready,,,,67d4b08c673974cb5d1232a259790eda1d2cc6f04d59fcfbcf19394cd7e89825,,
ExtLibs/SharpKml/Engine/FileHandler.cs,97,SharpKml.Engine,ExtLibs/SharpKml/SharpKml.csproj,T0,delete,,,S,,,,,ready,,,,33d00bf2d6e60986ce9de2d9277da70eec8906d1148575f11670d0d301f48a44,,
ExtLibs/SharpKml/Engine/GeometryExtensions.cs,71,SharpKml.Engine,ExtLibs/SharpKml/SharpKml.csproj,T0,delete,,,S,,,,,ready,,,,495354c8acf92549a2cab43ed56185f9376c077751463e563e6680a09647fee5,,
ExtLibs/SharpKml/Engine/KmlFile.cs,360,SharpKml.Engine,ExtLibs/SharpKml/SharpKml.csproj,T0,delete,,,M,,,,,ready,,,,af47f82264493690ab9092304c0c0658e85ca58622ba2d18596219dcca5bfd48,,
ExtLibs/SharpKml/Engine/KmzFile.cs,514,SharpKml.Engine,ExtLibs/SharpKml/SharpKml.csproj,T0,delete,,,M,,,,,ready,,,,4739b9ce324658f1c1411c01e9d9801873d6215e483cdfc0c7c9b6d1fb9a257a,,
ExtLibs/SharpKml/Engine/LinkResolver.cs,112,SharpKml.Engine,ExtLibs/SharpKml/SharpKml.csproj,T0,delete,,,S,,,,,ready,,,,01b367d2d8a55a99e0e26c8c77aa7d3b103b59aa904c2034199a8dc066cab3a0,,
ExtLibs/SharpKml/Engine/StyleResolver.cs,318,SharpKml.Engine,ExtLibs/SharpKml/SharpKml.csproj,T0,delete,,,M,,,,,ready,,,,30a0d62fc1b69eaa6ecfc948fa7ea846a75218d62572f52da689a79a28ab2666,,
ExtLibs/SharpKml/Engine/UpdateExtensions.cs,118,SharpKml.Engine,ExtLibs/SharpKml/SharpKml.csproj,T0,delete,,,S,,,,,ready,,,,7d8715fa7d041664a236d69a01eb658f0692b941532fc295a40cd17a2d8f77c2,,
ExtLibs/SharpKml/Engine/UriExtensions.cs,204,SharpKml.Engine,ExtLibs/SharpKml/SharpKml.csproj,T0,delete,,,M,,,,,ready,,,,3f4616091663398d716d549b44b2930455781b39e3b9ecf0c7c5d7b873079678,,
ExtLibs/SharpKml/Properties/AssemblyInfo.cs,0,,ExtLibs/SharpKml/SharpKml.csproj,T0,delete,,,S,,,,,dropped,,,,f1945cd6c19e56b3c1c78943ef5ec18116907a4ca1efc40a57d48ab1db7adfc5,,"no callers in the C# tree as of efb0801 (D16): compiled by no project (ExtLibs/SharpKml/SharpKml.csproj has Compile Remove=""Properties\AssemblyInfo.cs""); declares nothing"
ExtLibs/SimpleExample/Program.cs,22,SimpleExample,ExtLibs/SimpleExample/SimpleExample.csproj,T3,hand-port,,,S,,,,,dropped,,,,2538abb38c561cde38948d656ff80c7b250407b13d41df0e1e048578907e37d0,,no callers in the C# tree as of efb0801 (D16): its project ExtLibs/SimpleExample/SimpleExample.csproj is in no build (neither MissionPlanner.sln nor MissionPlannerLib.sln reaches it); declares Program
ExtLibs/SimpleExample/Properties/AssemblyInfo.cs,36,,ExtLibs/SimpleExample/SimpleExample.csproj,T3,hand-port,,,S,,,,,dropped,,,,f30d327a70777d0e2ef68bf934f288d61bc76961cac55654f59296f9023754f0,,no callers in the C# tree as of efb0801 (D16): its project ExtLibs/SimpleExample/SimpleExample.csproj is in no build (neither MissionPlanner.sln nor MissionPlannerLib.sln reaches it); declares nothing
ExtLibs/SimpleExample/Properties/Resources.Designer.cs,63,SimpleExample.Properties,ExtLibs/SimpleExample/SimpleExample.csproj,T1,regenerate,,,S,,,,,dropped,,,,ba2be91b79fe78eaf7c0c4e67de1f1d7e82a71d82dce6a67c531a9fa730bd998,,no callers in the C# tree as of efb0801 (D16): its project ExtLibs/SimpleExample/SimpleExample.csproj is in no build (neither MissionPlanner.sln nor MissionPlannerLib.sln reaches it); declares Resources
ExtLibs/SimpleExample/Properties/Settings.Designer.cs,26,SimpleExample.Properties,ExtLibs/SimpleExample/SimpleExample.csproj,T1,regenerate,,,S,,,,,dropped,,,,705dbe9524bab138a25e947d5158355524dadc7ac05ee50125b0a827bbbbab57,,no callers in the C# tree as of efb0801 (D16): its project ExtLibs/SimpleExample/SimpleExample.csproj is in no build (neither MissionPlanner.sln nor MissionPlannerLib.sln reaches it); declares Settings
ExtLibs/SimpleExample/simpleexample.Designer.cs,121,SimpleExample,ExtLibs/SimpleExample/SimpleExample.csproj,T2,extract,,,S,,,,,dropped,,,,56ec46792bbbc09bb7864cc5423a62b771fffb28847561850c4ae03bff53cb3f,,no callers in the C# tree as of efb0801 (D16): its project ExtLibs/SimpleExample/SimpleExample.csproj is in no build (neither MissionPlanner.sln nor MissionPlannerLib.sln reaches it); declares simpleexample
ExtLibs/SimpleExample/simpleexample.cs,258,SimpleExample,ExtLibs/SimpleExample/SimpleExample.csproj,T3,hand-port,,,M,,,,,dropped,,,,d013f28a83497996da3c78b7d0f13bb32ffb50c34c6a4399e794a1095fb4cbdc,,no callers in the C# tree as of efb0801 (D16): its project ExtLibs/SimpleExample/SimpleExample.csproj is in no build (neither MissionPlanner.sln nor MissionPlannerLib.sln reaches it); declares simpleexample
ExtLibs/SimpleGrid/SimpleGridPlugin.cs,84,MissionPlanner.SimpleGrid,ExtLibs/SimpleGrid/MissionPlanner.SimpleGrid.csproj,T3,hand-port,,,S,,,,,ready,,,,b833bde6f47aea59ce8a508f1c5473cd29dee8a162d096cbaae41b2c73b42406,,
ExtLibs/SimpleGrid/SimpleGridUI.Designer.cs,482,MissionPlanner.SimpleGrid,ExtLibs/SimpleGrid/MissionPlanner.SimpleGrid.csproj,T2,extract,,,M,,,,,ready,,,,9d78fe3edb18795d5f8048704aa6bc2f9ba4ca70c410d418186e440bead33e84,,
ExtLibs/SimpleGrid/SimpleGridUI.cs,475,MissionPlanner.SimpleGrid,ExtLibs/SimpleGrid/MissionPlanner.SimpleGrid.csproj,T3,hand-port,,,M,,,,,ready,,,,1b9b5eca2c3216c0bfaf461a2b3b144bd13c5cb9471470bf1be19851e320998b,,
ExtLibs/SkiaSharp.Views.Forms.WinForms/Properties/AssemblyInfo.cs,36,,ExtLibs/SkiaSharp.Views.Forms.WinForms/SkiaSharp.Views.Forms.WinForms.csproj,T0,delete,,,S,,,,,dropped,,,,a9d61edee4e74b38be416a5a57c1a32d17ac5a626cc2c8eceec3acd9573dfdb0,,no callers in the C# tree as of efb0801 (D16): its project ExtLibs/SkiaSharp.Views.Forms.WinForms/SkiaSharp.Views.Forms.WinForms.csproj is in no build (neither MissionPlanner.sln nor MissionPlannerLib.sln reaches it); declares nothing
ExtLibs/SkiaSharp.Views.Forms.WinForms/SKCanvasViewRenderer.cs,14,SkiaSharp.Views.Forms,ExtLibs/SkiaSharp.Views.Forms.WinForms/SkiaSharp.Views.Forms.WinForms.csproj,T0,delete,,,S,,,,,dropped,,,,cf7773392360c52f0653971a70429023a678a95595f5d68190e717b298d34ab1,,no callers in the C# tree as of efb0801 (D16): its project ExtLibs/SkiaSharp.Views.Forms.WinForms/SkiaSharp.Views.Forms.WinForms.csproj is in no build (neither MissionPlanner.sln nor MissionPlannerLib.sln reaches it); declares SKCanvasViewRenderer
ExtLibs/SkiaSharp.Views.Forms.WinForms/SKGLViewRenderer.cs,21,SkiaSharp.Views.Forms,ExtLibs/SkiaSharp.Views.Forms.WinForms/SkiaSharp.Views.Forms.WinForms.csproj,T0,delete,,,S,,,,,dropped,,,,b3ff779824d5ce92027ac9a175c38faa04724fde5987ee58c7bd7600ba778349,,no callers in the C# tree as of efb0801 (D16): its project ExtLibs/SkiaSharp.Views.Forms.WinForms/SkiaSharp.Views.Forms.WinForms.csproj is in no build (neither MissionPlanner.sln nor MissionPlannerLib.sln reaches it); declares SKGLViewRenderer
ExtLibs/SkiaSharp.Views.Forms.WinForms/SKTouchHandler.cs,142,SkiaSharp.Views.Forms,ExtLibs/SkiaSharp.Views.Forms.WinForms/SkiaSharp.Views.Forms.WinForms.csproj,T0,delete,,,S,,,,,dropped,,,,797df8cf0042efaad3386f0198f8f637179dc07c946db7cbc865b7e570714a76,,no callers in the C# tree as of efb0801 (D16): its project ExtLibs/SkiaSharp.Views.Forms.WinForms/SkiaSharp.Views.Forms.WinForms.csproj is in no build (neither MissionPlanner.sln nor MissionPlannerLib.sln reaches it); declares SKTouchHandler
ExtLibs/Strings/Strings.Designer.cs,1751,MissionPlanner,ExtLibs/Strings/MissionPlanner.Strings.csproj,T1,regenerate,,,XL,,,,,ready,,,,1a4875ebdda2425a5ad639638b89b85f57609a17a5d1ac35890ebce6498713ac,,
ExtLibs/SvgNet/AssemblyInfo.cs,28,,ExtLibs/SvgNet/SvgNet.csproj,T0,delete,,,S,,,,,dropped,,,,e485127834a3087825e7352725f6aa81f61e6e1d2a3a91736c5d0b1dd70c16cd,,"no callers in the C# tree as of efb0801 (D16): compiled by no project (ExtLibs/SvgNet/SvgNet.csproj has Compile Remove=""AssemblyInfo.cs""); declares nothing"
ExtLibs/SvgNet/ElementInterfaces.cs,36,SvgNet,ExtLibs/SvgNet/SvgNet.csproj,T0,delete,,,S,,,,,ready,,,,7eb747404b7a55ac6de7404f2ece25a018cd220be66d32d04011ea0015be251f,,
ExtLibs/SvgNet/GDIGraphics.cs,782,SvgNet.SvgGdi,ExtLibs/SvgNet/SvgNet.csproj,T0,delete,,,L,,,,,ready,,,,b28232c51eaab0e7cc44059951d6dd35b4b450fcbb066cf6be97b417f95d5b3a,,
ExtLibs/SvgNet/GL2.cs,1445,SvgNet.SvgGdi,ExtLibs/SvgNet/SvgNet.csproj,T0,delete,,,L,,,,,ready,,,,f62b55b578eddbc8501169066178ff113b13e0b0d5452b0ea63e55b7a26a0da2,,
ExtLibs/SvgNet/IGraphics.cs,17,System,ExtLibs/SvgNet/SvgNet.csproj,T0,delete,,,S,,,,,ready,,,,1081dc0e7691e78ad91b680387dd73e1f40df4606a9e195f80234c86fa1410d9,,
ExtLibs/SvgNet/SVGGDINotImpl.cs,29,SvgNet.SvgGdi,ExtLibs/SvgNet/SvgNet.csproj,T0,delete,,,S,,,,,ready,,,,f0fc82b15471dcb780c53044ad5f48640ae3bd4444cd648a019a99e46cc2965f,,
ExtLibs/SvgNet/SVGGraphics.cs,3825,SvgNet.SvgGdi,ExtLibs/SvgNet/SvgNet.csproj,T0,delete,,,XL,,,,,ready,,,,1e580c3e3f5aba70aa752b76508d37bdb3991e9b12a4f5b9afa8228d55d010bc,,
ExtLibs/SvgNet/SkiaGraphics.cs,1809,System,ExtLibs/SvgNet/SvgNet.csproj,T0,delete,,,XL,,,,,ready,,,,c87b528689f230ad909ee7f7176269c38ed98de11f8bc193c497504ff58c3816,,
ExtLibs/SvgNet/SkiaGraphics2.cs,1526,System,ExtLibs/SvgNet/SvgNet.csproj,T0,delete,,,XL,,,,,ready,,,,075f88f0cbfc49d3fb76c8051b25ec735e24e8f908656ba576d982939622c5a3,,
ExtLibs/SvgNet/SvgElement.cs,283,SvgNet,ExtLibs/SvgNet/SvgNet.csproj,T0,delete,,,M,,,,,ready,,,,66028d3d8d78f04d3eaf1ac6ebac34dd4566076ccfb29260ce81947835366f38,,
ExtLibs/SvgNet/SvgElementFactory.cs,280,SvgNet,ExtLibs/SvgNet/SvgNet.csproj,T0,delete,,,M,,,,,ready,,,,da33d5eae45eb5b35d224e33fa371f05d301d03700ce7ce8c66b13629023b6b6,,
ExtLibs/SvgNet/SvgEllipseElement.cs,56,SvgNet.SvgElements,ExtLibs/SvgNet/SvgNet.csproj,T0,delete,,,S,,,,,ready,,,,c69e7ae2776d51aecf17d3a887e7f4021b6139f61784a2a8d263389c435a6f2d,,
ExtLibs/SvgNet/SvgException.cs,51,SvgNet,ExtLibs/SvgNet/SvgNet.csproj,T0,delete,,,S,,,,,ready,,,,1ae573411e4f89bbb4c101187f3b59e8b1f14b4848a9c563755b3d48461b212c,,
ExtLibs/SvgNet/SvgFilterElement.cs,78,SvgNet.SvgElements,ExtLibs/SvgNet/SvgNet.csproj,T0,delete,,,S,,,,,ready,,,,14a566731d4ee414821c560f12f53aca63857e2cba86af442af6dfa13115c86f,,
ExtLibs/SvgNet/SvgGroupElement.cs,136,SvgNet.SvgElements,ExtLibs/SvgNet/SvgNet.csproj,T0,delete,,,S,,,,,ready,,,,47b78b6c67a7191a94f5979efb7369c352c4954b10d1338ce71a7402f0f7a1d9,,
ExtLibs/SvgNet/SvgLineElement.cs,58,SvgNet.SvgElements,ExtLibs/SvgNet/SvgNet.csproj,T0,delete,,,S,,,,,ready,,,,3c4fbe43f9a952d3ebc7273569f9f30705c40d140ea64a22525d6ac6a1fd3693,,
ExtLibs/SvgNet/SvgLinearGradient.cs,243,SvgNet.SvgElements,ExtLibs/SvgNet/SvgNet.csproj,T0,delete,,,M,,,,,ready,,,,130f53eed1c1f6af8595272a691245f866b7437ce8d5289f98c3f5df4bcbdefb,,
ExtLibs/SvgNet/SvgPathElement.cs,39,SvgNet.SvgElements,ExtLibs/SvgNet/SvgNet.csproj,T0,delete,,,S,,,,,ready,,,,105384402a8025aac98de79c0a9f4f8ec0b91acec3c8e989976168916058a059,,
ExtLibs/SvgNet/SvgPolygonElement.cs,37,SvgNet.SvgElements,ExtLibs/SvgNet/SvgNet.csproj,T0,delete,,,S,,,,,ready,,,,bda1c921c91b8ab5d4415b4e3da16ccfff42410b20b34991b1b6b8c1ab5559a6,,
ExtLibs/SvgNet/SvgPolylineElement.cs,38,SvgNet.SvgElements,ExtLibs/SvgNet/SvgNet.csproj,T0,delete,,,S,,,,,ready,,,,774a5837e911ad49d541be2c1846e094cc410cf2a7b8c5d424c05e1bbd8fe72e,,
ExtLibs/SvgNet/SvgRectElement.cs,57,SvgNet.SvgElements,ExtLibs/SvgNet/SvgNet.csproj,T0,delete,,,S,,,,,ready,,,,a1d12ece4f2f487de5cbae0631f6394b92cb97a43860b1696367aa346b832e95,,
ExtLibs/SvgNet/SvgStyle.cs,275,SvgNet.SvgTypes,ExtLibs/SvgNet/SvgNet.csproj,T0,delete,,,M,,,,,ready,,,,6302257e26355eeb98149bb6fb1b7ca6424de3ec2fb5e72e1dab52a2aceb1cf6,,
ExtLibs/SvgNet/SvgStyledElement.cs,196,SvgNet,ExtLibs/SvgNet/SvgNet.csproj,T0,delete,,,S,,,,,ready,,,,b8fc7679cfe2b3cb15bafa33f759601061e5a984fc4934b821257a673f8dc259,,
ExtLibs/SvgNet/SvgSvgElement.cs,87,SvgNet.SvgElements,ExtLibs/SvgNet/SvgNet.csproj,T0,delete,,,S,,,,,ready,,,,f19d4586e7f26200e318967657baad67b5f024f5eeac33d8ae5e0449eeddffc2,,
ExtLibs/SvgNet/SvgSymbolElement.cs,188,SvgNet.SvgElements,ExtLibs/SvgNet/SvgNet.csproj,T0,delete,,,S,,,,,ready,,,,fb487550106e39c2ad8b8a5d35181bc6443b038a2f48312b0c518355485183a0,,
ExtLibs/SvgNet/SvgTextElement.cs,320,SvgNet,ExtLibs/SvgNet/SvgNet.csproj,T0,delete,,,M,,,,,ready,,,,52d170dab96efe8ab82863dd97436a583d030f8f8c551ca40b2b5364d3481d95,,
ExtLibs/SvgNet/SvgTitleElement.cs,71,SvgNet.SvgElements,ExtLibs/SvgNet/SvgNet.csproj,T0,delete,,,S,,,,,ready,,,,45d883e1ba5d7f072eb472a75726af5aa25ee7091874a68a1ca729ab8a10abe8,,
ExtLibs/SvgNet/SvgTransformList.cs,237,SvgNet.SvgTypes,ExtLibs/SvgNet/SvgNet.csproj,T0,delete,,,M,,,,,ready,,,,99f6b53876cb3bdbe2e78e7adf2d6795546b96194bf08eb398e83601f6b083e9,,
ExtLibs/SvgNet/Types.cs,1090,SvgNet.SvgTypes,ExtLibs/SvgNet/SvgNet.csproj,T0,delete,,,L,,,,,ready,,,,f13758bdeb7da46a46dbd34c44a63317e3caf81f3d388b56e7702d050d513885,,
ExtLibs/System.Drawing.android/Consts.cs,220,System.Drawing.android,ExtLibs/System.Drawing.android/System.Drawing.android.csproj,T4,drop-pending-owner,,,M,,,,,ready,,,,2b88b6c75f3c5cf769a620c39b27c2eb9ea1f408844ca177f42caae02e7f2705,,
ExtLibs/TestPlugin/TelstraUTM.cs,619,MissionPlanner.Utilities,ExtLibs/TestPlugin/TestPlugin.csproj,T3,hand-port,,,L,,,,,ready,,,,599d2f452a0e6ab9752fa55b58d91e2418cbe3ebe130a84fae1fcf1bd70703b8,,
ExtLibs/TestPlugin/TestPlugin.cs,142,,ExtLibs/TestPlugin/TestPlugin.csproj,T3,hand-port,,,S,,,,,ready,,,,085b9d14071d5c6440e4e3edd516f301c1070a3b85c7166a03a0b1dcd03bd7b6,,
ExtLibs/TrackerHome/GPSDevice.cs,48,TrackerHomeGPS,ExtLibs/TrackerHome/TrackerHomeGPS.csproj,T3,hand-port,,,S,,,,,ready,,,,8e0e5095603db8453fc47ffe23de60b62b9098636476a1bb0f21b838f0bcecad,,
ExtLibs/TrackerHome/GarminInterface.cs,199,TrackerHomeGPS,ExtLibs/TrackerHome/TrackerHomeGPS.csproj,T3,hand-port,,,S,,,,,ready,,,,815dc51f5393f2f49184bcfa6a4056d27f6288f115a028895b564ea0e264f553,,
ExtLibs/TrackerHome/GarminUSBDevice.cs,313,TrackerHomeGPS,ExtLibs/TrackerHome/TrackerHomeGPS.csproj,T3,hand-port,,,M,,,,,ready,,,,c9709f8941535ad336750042e4a823d91f1eb775df667cfdabcf92bf620d1892,,
ExtLibs/TrackerHome/GenericDevice.cs,41,TrackerHomeGPS,ExtLibs/TrackerHome/TrackerHomeGPS.csproj,T3,hand-port,,,S,,,,,ready,,,,0c35663f41a7dd5589cb4d936e18517556222c39300f42c96cf9632eab03c40b,,
ExtLibs/TrackerHome/SystemAPI.cs,361,TrackerHomeGPS,ExtLibs/TrackerHome/TrackerHomeGPS.csproj,T3,hand-port,,,M,,,,,ready,,,,46fa1a67445f77af128f2a6590486d2a3e4ec2a97dec2af11c97eb53480e04ac,,
ExtLibs/TrackerHome/TrackerHomeGPS.cs,147,,ExtLibs/TrackerHome/TrackerHomeGPS.csproj,T3,hand-port,,,S,,,,,ready,,,,88b098357cc758d6890e5ef803002d99f64b356da00b2453dd4da9e4814d1ead,,
ExtLibs/Transitions/IManagedType.cs,10,Transitions,ExtLibs/Transitions/Transitions.csproj,T3,hand-port,,,S,,,,,ready,,,,23c8fb66b681a7ef77739dfd8bb2df2a75df58d13b0cc3a2d8fa97b1165dac49,,
ExtLibs/Transitions/ITransitionType.cs,6,Transitions,ExtLibs/Transitions/Transitions.csproj,T3,hand-port,,,S,,,,,ready,,,,f848e58036950962ad4af9fafca141449493ac36b4beda1419d050def9329f3c,,
ExtLibs/Transitions/InterpolationMethod.cs,9,Transitions,ExtLibs/Transitions/Transitions.csproj,T3,hand-port,,,S,,,,,dropped,,,,7c7e3ef7b063c5d103b41484d438b89ab6487800233722ef8a067e7fb463c95c,,"no callers in the C# tree as of efb0801 (D16): named only by files that are themselves dead (TransitionElement.cs, TransitionType_Bounce.cs, TransitionType_Flash.cs, TransitionType_ThrowAndCatch.cs); declares InterpolationMethod"
ExtLibs/Transitions/ManagedType_Color.cs,35,Transitions,ExtLibs/Transitions/Transitions.csproj,T3,hand-port,,,S,,,,,ready,,,,3d07fdcbb7f1df3503356c115727ff46ac8041d387587cfe88ea949d47fa8cb5,,
ExtLibs/Transitions/ManagedType_Double.cs,21,Transitions,ExtLibs/Transitions/Transitions.csproj,T3,hand-port,,,S,,,,,ready,,,,4a7f334c40b8e948b43e791f1c57f953edb3d22b8b29bd7457a63aed29fcaaf2,,
ExtLibs/Transitions/ManagedType_Float.cs,21,Transitions,ExtLibs/Transitions/Transitions.csproj,T3,hand-port,,,S,,,,,ready,,,,92c635207a89cabdea29f08a15f5033f76b9c73d8ae612df439d0f129b7015dc,,
ExtLibs/Transitions/ManagedType_Int.cs,21,Transitions,ExtLibs/Transitions/Transitions.csproj,T3,hand-port,,,S,,,,,ready,,,,33726c9601da9c3e2b9a751e81c727aaa2302d4f2f738c6486bfc17423234abb,,
ExtLibs/Transitions/ManagedType_String.cs,41,Transitions,ExtLibs/Transitions/Transitions.csproj,T3,hand-port,,,S,,,,,ready,,,,85e212956701ea33217ad7db4d61c3a52e9baccbd22a705d4b75567ac25dfcf4,,
ExtLibs/Transitions/Transition.cs,209,Transitions,ExtLibs/Transitions/Transitions.csproj,T3,hand-port,,,M,,,,,ready,,,,96f23e9e9b399aa6677e38e55f771276ec9d6efc52b6856c86130976d2b989e4,,
ExtLibs/Transitions/TransitionChain.cs,31,Transitions,ExtLibs/Transitions/Transitions.csproj,T3,hand-port,,,S,,,,,ready,,,,ab4a02a3effd182cb366550e066adb9b26f66c751fd555b5e272a18a6bc92f16,,
ExtLibs/Transitions/TransitionElement.cs,15,Transitions,ExtLibs/Transitions/Transitions.csproj,T3,hand-port,,,S,,,,,dropped,,,,f4273471ebc5e4af4265fb46746ff52bcd265dccd347d9303fcc65445a33de5d,,"no callers in the C# tree as of efb0801 (D16): named only by files that are themselves dead (TransitionType_Bounce.cs, TransitionType_Flash.cs, TransitionType_ThrowAndCatch.cs, TransitionType_UserDefined.cs); declares TransitionElement"
ExtLibs/Transitions/TransitionManager.cs,84,Transitions,ExtLibs/Transitions/Transitions.csproj,T3,hand-port,,,S,,,,,ready,,,,cd5b109818ddb3ac41a8b745bf7a0c9ea529be69ae76b853542a6911cb853775,,
ExtLibs/Transitions/TransitionType_Acceleration.cs,30,Transitions,ExtLibs/Transitions/Transitions.csproj,T3,hand-port,,,S,,,,,dropped,,,,32962631d8435792ecbaf182f26fd0ab01f55b6acaa56d58b7ed7de9f75e99d6,,no callers in the C# tree as of efb0801 (D16): no other file names its types (comments aside); declares TransitionType_Acceleration
ExtLibs/Transitions/TransitionType_Bounce.cs,14,Transitions,ExtLibs/Transitions/Transitions.csproj,T3,hand-port,,,S,,,,,dropped,,,,8495e06140492d1ccd0881f9a39b61fc6d736a169c55d7c46931d98fd1620e9b,,no callers in the C# tree as of efb0801 (D16): no other file names its types (comments aside); declares TransitionType_Bounce
ExtLibs/Transitions/TransitionType_CriticalDamping.cs,30,Transitions,ExtLibs/Transitions/Transitions.csproj,T3,hand-port,,,S,,,,,dropped,,,,44b79f3ca59e6d40c17b03b4d1bc7b210005e0db805fe7013105e28bc572672b,,no callers in the C# tree as of efb0801 (D16): no other file names its types (comments aside); declares TransitionType_CriticalDamping
ExtLibs/Transitions/TransitionType_Deceleration.cs,30,Transitions,ExtLibs/Transitions/Transitions.csproj,T3,hand-port,,,S,,,,,dropped,,,,45d19087fd768fe00472130adf0be59bf931a5db667a00a36c6be00139f62cbf,,no callers in the C# tree as of efb0801 (D16): no other file names its types (comments aside); declares TransitionType_Deceleration
ExtLibs/Transitions/TransitionType_EaseInEaseOut.cs,30,Transitions,ExtLibs/Transitions/Transitions.csproj,T3,hand-port,,,S,,,,,ready,,,,22a67123d514fe576e0a144691c905c88d0033354fa39023a77eaa1571dc7a70,,
ExtLibs/Transitions/TransitionType_Flash.cs,22,Transitions,ExtLibs/Transitions/Transitions.csproj,T3,hand-port,,,S,,,,,dropped,,,,16f67773dbc74f4d5aa35c79bae176e99e86dd6d5de882b85d36cc07333c638e,,no callers in the C# tree as of efb0801 (D16): no other file names its types (comments aside); declares TransitionType_Flash
ExtLibs/Transitions/TransitionType_Linear.cs,29,Transitions,ExtLibs/Transitions/Transitions.csproj,T3,hand-port,,,S,,,,,ready,,,,0acdc4e5a3911b9421937710f15d8b6775999dcd463cf415f2c63a6c3a3e1032,,
ExtLibs/Transitions/TransitionType_ThrowAndCatch.cs,14,Transitions,ExtLibs/Transitions/Transitions.csproj,T3,hand-port,,,S,,,,,dropped,,,,3807ba8e3c979074e5174a8e762846a3e41eb1c33eca5208bbdc4f2566e30428,,no callers in the C# tree as of efb0801 (D16): no other file names its types (comments aside); declares TransitionType_ThrowAndCatch
ExtLibs/Transitions/TransitionType_UserDefined.cs,100,Transitions,ExtLibs/Transitions/Transitions.csproj,T3,hand-port,,,S,,,,,dropped,,,,541ab0b2b5f1c4cb64aa7ab39f88f60500df6b20fedb9d95dac13f6708dbce8a,,"no callers in the C# tree as of efb0801 (D16): named only by files that are themselves dead (TransitionType_Bounce.cs, TransitionType_Flash.cs, TransitionType_ThrowAndCatch.cs); declares TransitionType_UserDefined"
ExtLibs/Transitions/Utility.cs,78,Transitions,ExtLibs/Transitions/Transitions.csproj,T3,hand-port,,,S,,,,,ready,,,,aa8d75a2bc74aec361251dee7b100204b3ac9bf6f1b70d714aadc4a92a83dfb7,,
ExtLibs/UAVCANFlasher/Program.cs,246,UAVCANFlasher,ExtLibs/UAVCANFlasher/DroneCANFlasher.csproj,T3,hand-port,,,M,,,,,dropped,,,,839927108ece4e0891140a893fb9fb125f67d3f8146721013694886667acd3b9,,"a separate program, not the planner: ExtLibs/UAVCANFlasher/DroneCANFlasher.csproj, an Exe nothing in the planner references or runs"
ExtLibs/UsbSerialForAndroid/Additions/AsyncExtensions.cs,39,Hoho.Android.UsbSerial.Driver,ExtLibs/UsbSerialForAndroid/UsbSerialForAndroid.csproj,T4,drop-pending-owner,,,S,,,,,ready,,,,47b308369794617cac9dafc886c43e8ac47e378bb454af4e236b4feb60274612,,
ExtLibs/UsbSerialForAndroid/Additions/EventHandlerExtensions.cs,42,Hoho.Android.UsbSerial,ExtLibs/UsbSerialForAndroid/UsbSerialForAndroid.csproj,T4,drop-pending-owner,,,S,,,,,ready,,,,e0d4709c84f13d1b0d64e2b0de78529f5841f549245c9cda933efd1e05f3000c,,
ExtLibs/UsbSerialForAndroid/Additions/SerialDataReceivedArgs.cs,34,Hoho.Android.UsbSerial.Util,ExtLibs/UsbSerialForAndroid/UsbSerialForAndroid.csproj,T4,drop-pending-owner,,,S,,,,,ready,,,,15fb90d7a32514b4fbb4455ef237762cda645300ef4416e51b1504215c2f4ea8,,
ExtLibs/UsbSerialForAndroid/Additions/SerialInputOutputManager.cs,206,Hoho.Android.UsbSerial.Util,ExtLibs/UsbSerialForAndroid/UsbSerialForAndroid.csproj,T4,drop-pending-owner,,,M,,,,,ready,,,,b8f65a1d310aea67a2edbdfac543012fe2c6cd8d269b011177c9ce9a1b7b44c3,,
ExtLibs/UsbSerialForAndroid/Additions/UsbManagerExtensions.cs,75,Hoho.Android.UsbSerial.Util,ExtLibs/UsbSerialForAndroid/UsbSerialForAndroid.csproj,T4,drop-pending-owner,,,S,,,,,ready,,,,99096e747acd61b03f9a19ced07eba1ed011f3f69fae31c99dbaf1617368012c,,
ExtLibs/UsbSerialForAndroid/Additions/UsbSerialPortInfo.cs,99,Hoho.Android.UsbSerial.Util,ExtLibs/UsbSerialForAndroid/UsbSerialForAndroid.csproj,T4,drop-pending-owner,,,S,,,,,ready,,,,f6055feacc66ce51c9c1d08d6405560b04461652aeb356b5ea39c610bf543618,,
ExtLibs/UsbSerialForAndroid/AndroidSerialBase.cs,39,Hoho.Android.UsbSerial,ExtLibs/UsbSerialForAndroid/UsbSerialForAndroid.csproj,T4,drop-pending-owner,,,S,,,,,ready,,,,5875fc901c692312691db1b8bc70acc2435d3d569a56ed11f4adf48d643e71f2,,
ExtLibs/UsbSerialForAndroid/Properties/AssemblyInfo.cs,24,,ExtLibs/UsbSerialForAndroid/UsbSerialForAndroid.csproj,T4,drop-pending-owner,,,S,,,,,ready,,,,69cc81037d0d223c7085e160a063e024be093099f7e4798632dedebadf74ca6b,,
ExtLibs/Utilities/AP_GeodesicGrid.cs,606,MissionPlanner.Utilities,ExtLibs/Utilities/MissionPlanner.Utilities.csproj,T3,hand-port,,,L,,,,,ready,,,,4e128d5c3bfb98eb4d76ecfb70bd21ca1a192df29e0d32b3943eaf3b0792df93,,
ExtLibs/Utilities/AP_HAL.cs,13,MissionPlanner.Utilities,ExtLibs/Utilities/MissionPlanner.Utilities.csproj,T3,hand-port,,,S,,,,,ready,,,,dc6a6ed220fe51c4bac12aabc964c2a9ba46e12a888d05ae67c5c9431e47a003,,
ExtLibs/Utilities/Airports.cs,286,MissionPlanner.Utilities,ExtLibs/Utilities/MissionPlanner.Utilities.csproj,T3,hand-port,,,M,,,,,ready,,,,7555efb827c5113ab9dd939a8c179958bd9040a04fa678af5a6a7fc524acdf6e,,"3 methods with no callers, see dead-functions.csv"
ExtLibs/Utilities/Attributes/DisplayFieldNameAttribute.cs,28,MissionPlanner.Attributes,ExtLibs/Utilities/MissionPlanner.Utilities.csproj,T3,hand-port,,,S,,,,,ready,,,,dfba3cbe02bf6945c8bd29004e9df8dc3dbdeac9d1d7368f08658835448e2a13,,
ExtLibs/Utilities/Attributes/DisplayTextAttribute.cs,53,MissionPlanner.Attributes,ExtLibs/Utilities/MissionPlanner.Utilities.csproj,T3,hand-port,,,S,,,,,ready,,,,f6e33a0027d0f9daa4b86e2d0a57e332a7b1dd1f5250e72557a59d05ec5b7b92,,
ExtLibs/Utilities/Attributes/PrivateAttribute.cs,35,MissionPlanner.Attributes,ExtLibs/Utilities/MissionPlanner.Utilities.csproj,T3,hand-port,,,S,,,,,ready,,,,baa42e69d3b6f3993e80bfffa757623dc55848e52647084f3aa28681f8a5b5a1,,
ExtLibs/Utilities/AutoConnect.cs,465,MissionPlanner.Utilities,ExtLibs/Utilities/MissionPlanner.Utilities.csproj,T3,hand-port,,,M,,,,,ready,,,,c888d154bba5eb86329d2f18839cfd154dfe4486c7e562d62a478ad91b89615d,,"2 methods with no callers, see dead-functions.csv"
ExtLibs/Utilities/AviWriter.cs,388,,ExtLibs/Utilities/MissionPlanner.Utilities.csproj,T3,hand-port,mp-video,,M,behaviour-equivalent,,spec+review,,tested,,,crates/mp-video/src/avi.rs;crates/mp-gui/src/fly.rs;crates/mp-gui/src/hud.rs;tests/gui/fly-hud-avi.gui,2ca6046cf2ee47aab93d0362aed8da67c4eea85cfb4cebca521222cc0ab68cab,"the Console.WriteLine of each frame; CRC32File and the unused structs (BITMAPINFOHEADER), which nothing calls","avi_start, avi_add (the padding, the index, the extra frames while behind the clock), avi_end's headers byte for byte with the C#'s arithmetic (the RIFF size the file's length less twelve, the C#'s constants four short of a RIFF size proper), avi_close's idx1; the frames the HUD's software rasteriser's JPEG at quality 50 - the camera under the display is not in them"
ExtLibs/Utilities/BinaryLog.cs,602,MissionPlanner.Utilities,ExtLibs/Utilities/MissionPlanner.Utilities.csproj,T3,hand-port,mp-log,,L,bit-exact,,oracle,,tested,,,crates/mp-log/src/convert.rs;crates/mp-log/src/netfmt.rs;crates/mp-log/tests/convert.rs;testdata/dataflash/golden,cf114e3a2ac2d6f5eeaff9fa99c6ee8f978e08ad4a4453351c41102627aea0e2,"the reading side used by the browser is mp-log/src/index.rs and plot.rs, ported earlier",ConvertBin byte-identical to mono on the two fixtures and edge.bin; tools/csharp-reference/MpLog.cs
ExtLibs/Utilities/CaptureMJPEG.cs,228,MissionPlanner.Utilities,ExtLibs/Utilities/MissionPlanner.Utilities.csproj,T3,hand-port,,,M,,,,,ready,,,,fd4024d113c99fe0eee32f372c153c9033aed810f2233b8fd2e3f11e3b68414f,,
ExtLibs/Utilities/CircularBuffer.cs,309,CircularBuffer,ExtLibs/Utilities/MissionPlanner.Utilities.csproj,T3,hand-port,,,M,,,,,ready,,,,f4e5df5f9740546d7cd054d0ac3b44551d9b2437cddfe4b8f7305b90d2da6f1f,,
ExtLibs/Utilities/CircularStream.cs,98,CircularBuffer,ExtLibs/Utilities/MissionPlanner.Utilities.csproj,T3,hand-port,,,S,,,,,dropped,,,,fd9d8314c6b9c5355dc9c07088b41d7af334ab70f98e212799c6e17065e7bb34,,no callers in the C# tree as of efb0801 (D16): no other file names its types (comments aside); declares CircularStream
ExtLibs/Utilities/CleanDrivers.cs,119,MissionPlanner.Utilities,ExtLibs/Utilities/MissionPlanner.Utilities.csproj,T3,hand-port,,,S,,,,,ready,,,,ce77e3057963a365188bb50b360368e6f39a101b25f747a7676f31f18ee357e2,,"1 method with no callers, see dead-functions.csv"
ExtLibs/Utilities/CoT/contact.cs,9,MissionPlanner.Utilities.CoT,ExtLibs/Utilities/MissionPlanner.Utilities.csproj,T3,hand-port,,,S,,,,,ready,,,,233d9f6b97cc106ac4534cde6b49d42de99a2d1d95f4f789c467870c1dcf1296,,
ExtLibs/Utilities/CoT/detail.cs,9,MissionPlanner.Utilities.CoT,ExtLibs/Utilities/MissionPlanner.Utilities.csproj,T3,hand-port,,,S,,,,,ready,,,,21abb5a9572d0ba543b33530a6cc47b4046668d16fa47278c954869de0322e6b,,
ExtLibs/Utilities/CoT/event.cs,18,MissionPlanner.Utilities.CoT,ExtLibs/Utilities/MissionPlanner.Utilities.csproj,T3,hand-port,,,S,,,,,ready,,,,fcaf92b96acfe329ba18d3f3297f77d1aa22d61efe1d65dacfcec57b828d33ab,,
ExtLibs/Utilities/CoT/point.cs,12,MissionPlanner.Utilities.CoT,ExtLibs/Utilities/MissionPlanner.Utilities.csproj,T3,hand-port,,,S,,,,,ready,,,,abeff8739e4a7eeadce8b423a17b986a946e0fc3d3e0be2615b74567d62882ba,,
ExtLibs/Utilities/CoT/takv.cs,7,MissionPlanner.Utilities.CoT,ExtLibs/Utilities/MissionPlanner.Utilities.csproj,T3,hand-port,,,S,,,,,ready,,,,d6246e59a99101b64efa6da1818f125843caf4db13d4f9c68577a48088bf4f8b,,
ExtLibs/Utilities/CoT/track.cs,9,MissionPlanner.Utilities.CoT,ExtLibs/Utilities/MissionPlanner.Utilities.csproj,T3,hand-port,,,S,,,,,ready,,,,c436191dfd88ccf81e83ef782a13a01a0d3835bebd23b481ce4f33603f2d9cd8,,
ExtLibs/Utilities/CoT/uid_vmf.cs,8,MissionPlanner.Utilities.CoT,ExtLibs/Utilities/MissionPlanner.Utilities.csproj,T3,hand-port,,,S,,,,,ready,,,,7dd7e538582273a3d10b579cce279345ef407b868f307f2fda73817e633b39c4,,
ExtLibs/Utilities/CodeGen.cs,493,MissionPlanner,ExtLibs/Utilities/MissionPlanner.Utilities.csproj,T3,hand-port,,,M,,,,,ready,,,,dd646539c1ecfde23f738289d8d160a656bd107cca31c90f3551d87802f27b5f,,
ExtLibs/Utilities/CollectionExtensions.cs,47,MissionPlanner.Utilities,ExtLibs/Utilities/MissionPlanner.Utilities.csproj,T3,hand-port,,,S,,,,,ready,,,,6ed934f2fb34c6e4e407eeaa105c6a30ea2c695337de5068f66f41025a1e3f2e,,
ExtLibs/Utilities/CommsSerialScan.cs,166,MissionPlanner.Comms,ExtLibs/Utilities/MissionPlanner.Utilities.csproj,T3,hand-port,,,S,,,,,ready,,,,381ed9f61994b1687e85b879a605d2e2d00b0bc535d92778a35c502d5428c968,,
ExtLibs/Utilities/CompassCalibrator.cs,904,MissionPlanner.Utilities,ExtLibs/Utilities/MissionPlanner.Utilities.csproj,T3,hand-port,,,L,,,,,ready,,,,e374bcebc920079b9b4a419691d0dae1f01c12ef8cdbfabb3b3f4c58aba8eb32,,"1 method with no callers, see dead-functions.csv"
ExtLibs/Utilities/Crypto.cs,185,MissionPlanner.Utilities,ExtLibs/Utilities/MissionPlanner.Utilities.csproj,T3,hand-port,mp-gui,,S,behaviour-equivalent,,spec+review,,tested,,,crates/mp-gui/src/config/auth_keys.rs,216fb88d0569b3efbb5b62949f95852637563a53005582238c39a88f1b8ca1fe,EncryptString and DecryptString (DigitalSkyUI's only); SetBinaryKeys and ExtractBinaryKeys (dead-functions.csv),"the constructor's AES-256-CBC-PKCS7 key and IV with the first network card's MAC over their first bytes, as the signing keys' store uses it; checked against files Mono wrote"
ExtLibs/Utilities/CustomMessageBox.cs,104,System,ExtLibs/Utilities/MissionPlanner.Utilities.csproj,T3,hand-port,,,S,,,,,ready,,,,2b5453a75bf443f4c1f9dd574d30f0d6dcae40db23743b87456bb688225a71fb,,
ExtLibs/Utilities/DFLog.cs,755,MissionPlanner.Utilities,ExtLibs/Utilities/MissionPlanner.Utilities.csproj,T3,hand-port,mp-log,,L,behaviour-equivalent,,oracle,,ported,,,crates/mp-log/src/plot.rs;crates/mp-log/src/overlay.rs;crates/mp-log/src/dflogbuffer.rs,e6f1f079c2d893fa7207cc9bb6941048373578770c6013b33bbda8622b666645,GetLineNoFromTime and the unit/multiplier tables are ported; the rest of the helpers as reached,
ExtLibs/Utilities/DFLogBuffer.cs,846,MissionPlanner.Utilities,ExtLibs/Utilities/MissionPlanner.Utilities.csproj,T3,hand-port,mp-log,,L,bit-exact,,oracle,,tested,,,crates/mp-log/src/dflogbuffer.rs;crates/mp-kml/tests/dflog.rs,f489cfd55ffe1b3aab2178382cb6a73aebf80285fb67d02f284662c71803162f,the memory-mapped access pattern; only what LogOutput reaches,the port behind the KML+GPX export
ExtLibs/Utilities/DFLogScript.cs,646,MissionPlanner.Log,ExtLibs/Utilities/MissionPlanner.Utilities.csproj,T3,hand-port,,,L,,,,,ready,,,,a843140c73f26c17f640d140f59ef5d0daa972000b475a899589c5a9b51c5c14,,
ExtLibs/Utilities/DFU.cs,231,MissionPlanner.Utilities,ExtLibs/Utilities/MissionPlanner.Utilities.csproj,T3,hand-port,,,M,,,,,ready,,,,2c538704d41700819c2f41074a341ff492330d640b93aee7b9eb7ad8718f9acc,,"1 method with no callers, see dead-functions.csv"
ExtLibs/Utilities/DTED.cs,301,MissionPlanner.Utilities,ExtLibs/Utilities/MissionPlanner.Utilities.csproj,T3,hand-port,,,M,,,,,ready,,,,419a6822148c46498bc4c9f7fb0c154f0aa508181d2c0a8c0585600bb50ddd17,,
ExtLibs/Utilities/DashWare.cs,86,MissionPlanner.Utilities,ExtLibs/Utilities/MissionPlanner.Utilities.csproj,T3,hand-port,,,S,,,,,ready,,,,3d7d9fd92033955cf7db911cce63fd99bdb4b34869f581822a2dec6e0d853ded,,
ExtLibs/Utilities/Device.cs,256,MissionPlanner.Utilities,ExtLibs/Utilities/MissionPlanner.Utilities.csproj,T3,hand-port,,,M,,,,,ready,,,,f4f6299475c9c77a6fc621d16edebc94e66ad0c51ae7557ba371917b0f891828,,
ExtLibs/Utilities/DigitalSky.cs,113,MissionPlanner.Utilities,ExtLibs/Utilities/MissionPlanner.Utilities.csproj,T3,hand-port,,,S,,,,,dropped,,,,30e994db62591f6e2eb51e4f2d2b4f1eb6e4ce537f23a3fa8e9347e0751f7d4f,,no callers in the C# tree as of efb0801 (D16): named only by files that are themselves dead (DigitalSkyUI.cs); declares DigitalSky
ExtLibs/Utilities/DisplayView.cs,456,MissionPlanner.Utilities,ExtLibs/Utilities/MissionPlanner.Utilities.csproj,T3,hand-port,,,M,,,,,ready,,,,9ac32f9757573ee0ed3eebb83e630c5fdef3bfbe8893bfd7393d5d66b66352b2,,
ExtLibs/Utilities/Download.cs,701,MissionPlanner.Utilities,ExtLibs/Utilities/MissionPlanner.Utilities.csproj,T3,hand-port,,,L,,,,,ready,,,,7eea31f05027e07b8ed6f8b192007d89b49fda1bfa800173104168fa94ccc4d9,,"2 methods with no callers, see dead-functions.csv"
ExtLibs/Utilities/EnumTranslator.cs,140,MissionPlanner.Utilities,ExtLibs/Utilities/MissionPlanner.Utilities.csproj,T3,hand-port,,,S,,,,,ready,,,,086141544d67af705bf68a1ee546dc00c94eaa2f3c0a5c8470a5aa080c372a45,,"1 method with no callers, see dead-functions.csv"
ExtLibs/Utilities/ExpireType.cs,73,MissionPlanner.Utilities,ExtLibs/Utilities/MissionPlanner.Utilities.csproj,T3,hand-port,,,S,,,,,ready,,,,ad7f3438ce8fa9da70ac33512e83595b15124cc52d97c894cda057f8706c5789,,
ExtLibs/Utilities/Extensions.cs,1199,MissionPlanner.Utilities,ExtLibs/Utilities/MissionPlanner.Utilities.csproj,T3,hand-port,,,L,,,,,ready,,,,b02917bc038fbcc2974a7fe64d580eed9b304c47148f29ec3f955677a5ff2b78,,"19 methods with no callers, see dead-functions.csv"
ExtLibs/Utilities/GDAL.cs,33,MissionPlanner.Utilities,ExtLibs/Utilities/MissionPlanner.Utilities.csproj,T3,hand-port,,,S,,,,,ready,,,,f4caf5dd5e332f6c06b13936fd7f482b1498590e1138eddb92eb67c38650e9f0,,
ExtLibs/Utilities/GStreamer.cs,1549,MissionPlanner.Utilities,ExtLibs/Utilities/MissionPlanner.Utilities.csproj,T3,hand-port,,,XL,,,,,ready,,,,92a6694355672a141e7ec4364e3d24d0506e55d7fcfc217e80ab653b167c623f,,"41 methods with no callers, see dead-functions.csv"
ExtLibs/Utilities/GeoRefImageBase.cs,1708,MissionPlanner.GeoRef,ExtLibs/Utilities/MissionPlanner.Utilities.csproj,T3,hand-port,mp-georef,,XL,bit-exact,,oracle,,tested,,,crates/mp-georef/src/georef.rs;crates/mp-georef/tests/oracle.rs;tools/csharp-reference/GeorefOracle.cs;testdata/georef,80d6754e6d294b8c0620337d2cc2eee33fee342f88d00cd5ac6f40b5d1569e26,sequential matching where the C# is order-free; a DateTime.TryParse subset; case-insensitive extensions,"the three matching modes, the offset estimate, the location files"
ExtLibs/Utilities/GeoTiff.cs,792,MissionPlanner.Utilities,ExtLibs/Utilities/MissionPlanner.Utilities.csproj,T3,hand-port,,,L,,,,,ready,,,,72c8e11d14682cd188fd4397be9c5bd946f01d84685c43f839236294aa675ed8,,
ExtLibs/Utilities/GitHubContent.cs,111,MissionPlanner.Utilities,ExtLibs/Utilities/MissionPlanner.Utilities.csproj,T3,hand-port,,,S,,,,,ready,,,,1260658144019fcc5b9451e2e11b32107958f556f62c2e43f7d19fa85a5ce734,,
ExtLibs/Utilities/Grid.cs,1013,MissionPlanner.Utilities,ExtLibs/Utilities/MissionPlanner.Utilities.csproj,T3,hand-port,mp-mission,,L,bit-exact,cold,oracle,,tested,,,crates/mp-mission/src/grid.rs;crates/mp-mission/src/corridor.rs;crates/mp-mission/src/rotary.rs;crates/mp-mission/tests/grid_vectors.rs;crates/mp-mission/tests/corridor_vectors.rs;crates/mp-mission/tests/rotary_vectors.rs;testdata/grid,1043f3081058d3a69255a3fcdbd1e8094a411ff65ab01340205a2ac999a5f9b6,Gridv2/SimpleGrid; the GridUI defaults live in the caller,"CreateGrid, CreateCorridor and CreateRotary bit-identical to the mono oracle on 180 + 41 + 63 cases; tools/csharp-reference/MpGrid.cs"
ExtLibs/Utilities/Half/Half.cs,888,System,ExtLibs/Utilities/MissionPlanner.Utilities.csproj,T3,hand-port,,,L,,,,,ready,,,,62e22e76e01b0a26d1d7abcc8923cd83feed59c4c364245f353c07f50f1e7018,,
ExtLibs/Utilities/Half/HalfHelper.cs,223,System,ExtLibs/Utilities/MissionPlanner.Utilities.csproj,T3,hand-port,,,M,,,,,ready,,,,9f9b975445f8866c323f4e8c56d4741de2d68338e09d98670931cb721047620f,,
ExtLibs/Utilities/IBrowserOpen.cs,8,MissionPlanner.Utilities,ExtLibs/Utilities/MissionPlanner.Utilities.csproj,T3,hand-port,,,S,,,,,ready,,,,9646393b70aea66be0c2c5d6617d6484031ee30f0861ba1ae67ee1c84cf14a82,,
ExtLibs/Utilities/ICorrections.cs,24,MissionPlanner.Utilities,ExtLibs/Utilities/MissionPlanner.Utilities.csproj,T3,hand-port,,,S,,,,,ready,,,,43d5e0693854cb4bb83b119c2de75362793acfff8484152ee6778ea55fb5058f,,
ExtLibs/Utilities/IMAVLinkInterface.cs,36,MissionPlanner.Utilities,ExtLibs/Utilities/MissionPlanner.Utilities.csproj,T3,hand-port,,,S,,,,,ready,,,,3fe38062a46309819f7f5279c72d3a15fce750f72dbaa928ee0b4ad47d8dd245,,
ExtLibs/Utilities/IProgressReporterDialogue.cs,52,MissionPlanner.Utilities,ExtLibs/Utilities/MissionPlanner.Utilities.csproj,T3,hand-port,,,S,,,,,ready,,,,53b1d08ae5f305594a13475bd2542a0b5e598bcbced47890a46cb4547d249edc,,
ExtLibs/Utilities/ISpeech.cs,9,MissionPlanner.Utilities,ExtLibs/Utilities/MissionPlanner.Utilities.csproj,T3,hand-port,,,S,,,,,ready,,,,c371133dba5b5fea2ad3f6d296f12a40d9cdc64380249199cfc7b031e1f484b2,,
ExtLibs/Utilities/ImageProjection.cs,308,MissionPlanner.Utilities,ExtLibs/Utilities/MissionPlanner.Utilities.csproj,T3,hand-port,mp-georef,,M,behaviour-equivalent,,spec+review,,tested,,,crates/mp-georef/src/projection.rs;crates/mp-gui/src/camera_photos.rs,77d6e0e4b4dec55dd6c77f99b2ec31e0a76cd428af75f6711170be7d354484db,addtomap's debug markers and printdcm; the centre worked out for one of them,"calc whole: the quick method for a level camera (calc_quick, the Geo Reference form's) and the rotation-matrix branch for a tilted one - from_euler, the edges' rotate and normalize, the far point brought to the ground by calcIntersection - in the C#'s corner order; the port that was 'not reachable' is reached from the flight map's photo markers"
ExtLibs/Utilities/KIndex.cs,72,MissionPlanner.Utilities,ExtLibs/Utilities/MissionPlanner.Utilities.csproj,T3,hand-port,,,S,,,,,ready,,,,42e5bbe5ca4a580e5d28737a98a1805ad86be9e720e88f35faabdb0720de6c2b,,
ExtLibs/Utilities/Kalman3D.cs,277,MissionPlanner.Utilities,ExtLibs/Utilities/MissionPlanner.Utilities.csproj,T0,delete,,,M,,,,,ready,,,,60d9dab3d383053d0bab3c42956bbfec9591131f5dcb29b66d955c5d5ec11a5b,,"1 method with no callers, see dead-functions.csv"
ExtLibs/Utilities/L10NU.cs,65,MissionPlanner.Utilities,ExtLibs/Utilities/MissionPlanner.Utilities.csproj,T3,hand-port,,,S,,,,,ready,,,,070f03dc731d603d2355fb7634b84cac1f90f1dd2201cd8038cd940ce06b086f,,
ExtLibs/Utilities/LTM.cs,364,MissionPlanner.Utilities,ExtLibs/Utilities/MissionPlanner.Utilities.csproj,T3,hand-port,,,M,,,,,ready,,,,2b8ac7b13873998d44f214db6b802ec3b5a56a4f28d020f3ef8e6f64337cd6f4,,
ExtLibs/Utilities/LineOffset.cs,50,MissionPlanner.Utilities,ExtLibs/Utilities/MissionPlanner.Utilities.csproj,T3,hand-port,,,S,,,,,dropped,,,,5e43b526f13b378209426f5af2049db5ae97d80c5733d72bd52489044529de34,,no callers in the C# tree as of efb0801 (D16): no other file names its types (comments aside); declares LineOffset
ExtLibs/Utilities/ListExtension.cs,30,MissionPlanner.Utilities,ExtLibs/Utilities/MissionPlanner.Utilities.csproj,T3,hand-port,,,S,,,,,ready,,,,af4a3f33a496c1a7233baa8659d322ff71724afab40d1a3f008892a5900be7fb,,
ExtLibs/Utilities/LocationProjection.cs,19,MissionPlanner.Utilities,ExtLibs/Utilities/MissionPlanner.Utilities.csproj,T3,hand-port,,,S,,,,,ready,,,,228ada56f5096cd121920625baf28a24a33a2c788fc9cac22be2bcc81fdec334,,
ExtLibs/Utilities/LogMap.cs,280,MissionPlanner.Log,ExtLibs/Utilities/MissionPlanner.Utilities.csproj,T3,hand-port,,,M,,,,,ready,,,,49ba3d0e7d52f6e0399605a6bf420ad2a22c4282ecd18e89f424e4bdefed6a20,,
ExtLibs/Utilities/LogOutput.cs,1181,MissionPlanner.Log,ExtLibs/Utilities/MissionPlanner.Utilities.csproj,T3,hand-port,mp-kml,,L,bit-exact,,oracle,,tested,,,crates/mp-kml/src/dflog.rs;crates/mp-kml/tests/dflog.rs;testdata/dataflash/golden/kml,8c90d8266cab61c0da83dc3b5014762e4790591654642971a16220442620328b,the .kmz bytes are checked by entry list (compression and timestamp); the KML root element is written in .NET order where mono differs,"gpx, waypoint, rally, param and RINEX outputs identical to mono"
ExtLibs/Utilities/LogSort.cs,311,MissionPlanner.Log,ExtLibs/Utilities/MissionPlanner.Utilities.csproj,T3,hand-port,,,M,,,,,ready,,,,f422f47ff641ae57dd420f52b98e3e7b7eee3f4e18a90ba9b640f79d9bac5a00,,
ExtLibs/Utilities/MPEG1/ImageFunctions.cs,64,MPEGBuilder1UI,ExtLibs/Utilities/MissionPlanner.Utilities.csproj,T3,hand-port,,,S,,,,,dropped,,,,67681d1f5e3813d4e646bc5bacc6044270f51d4c4e5469d1abdb8884224d85e6,,no callers in the C# tree as of efb0801 (D16): no other file names its types (comments aside); declares ImageFunctions
ExtLibs/Utilities/MPEG1/MPEGFunctions.cs,876,BitmapImage,ExtLibs/Utilities/MissionPlanner.Utilities.csproj,T3,hand-port,,,L,,,,,dropped,,,,465940c48dba31d077b8e46169e3f6a1a83dfb78e66dc35b23d3bfd68f523eb1,,"no callers in the C# tree as of efb0801 (D16): nothing outside ExtLibs/Utilities/MPEG1/MPEGFunctions.cs names BitmapImage; declares MPEGFunctions, test"
ExtLibs/Utilities/MatLab.cs,528,MissionPlanner.Log,ExtLibs/Utilities/MissionPlanner.Utilities.csproj,T3,hand-port,mp-log,,M,bit-exact,,oracle,,tested,,,crates/mp-log/src/matlab.rs;crates/mp-log/tests/matlab.rs;testdata/dataflash/golden/matlab,1447d7353edff72c83e95a64889550d84e3255f7b9547dcff96fbb38f41fe283,the header timestamp and the Hashtable-ordered Seen variable are compared by shape,"needed .NET Framework NumberToDouble, ported from mono mscorlib tables"
ExtLibs/Utilities/Math.cs,47,MissionPlanner.Utilities,ExtLibs/Utilities/MissionPlanner.Utilities.csproj,T3,hand-port,,,S,,,,,ready,,,,437e7291302fbb6c1757930699196439db1de018c6438b9e5dca9249b6e0516e,,
ExtLibs/Utilities/Matrix.cs,507,MissionPlanner.Utilities,ExtLibs/Utilities/MissionPlanner.Utilities.csproj,T0,delete,,,M,,,,,ready,,,,aa4eff71a65cbb9a00a7a05bbb560cccd012eec66bc1fba0beea076b15c144cd,,
ExtLibs/Utilities/Matrix3.cs,298,MissionPlanner.Utilities,ExtLibs/Utilities/MissionPlanner.Utilities.csproj,T3,hand-port,mp-georef,,M,behaviour-equivalent,,spec+review,,tested,,,crates/mp-georef/src/projection.rs,980293f5aa760b4fad7122047324a6cbfa1301f3d36c74a6a3671e104442c1ed,"to_euler, from_euler312, to_euler312, transposed, the matrix product, the scalar product, rotateXY, trace, the constructors: their callers are elsewhere","the members ImageProjection.calc reaches - from_euler, rotate, normalize, the product with a vector - with the Vector3 operators they use, private to projection.rs"
ExtLibs/Utilities/MissionFile.cs,287,MissionPlanner.Utilities,ExtLibs/Utilities/MissionPlanner.Utilities.csproj,T3,hand-port,,,M,,,,,ready,,,,e328a23df565de34ed83d68a7e443ce335d0bdbc59984540e4c04d8c76d0ccd9,,
ExtLibs/Utilities/ParamFile.cs,109,MissionPlanner.Utilities,ExtLibs/Utilities/MissionPlanner.Utilities.csproj,T3,hand-port,mp-params,,S,bit-exact,,golden,,tested,,,crates/mp-params/src/param_file.rs;crates/mp-params/tests/param_file_compat.rs;testdata/params,5721406c180a19e8b804a4386d8b600c46f1bbbb90f85adc6c53ff1e0ef36e51,"the fixture is written from a reading of the source, not captured from a run (PLAN R5)","the 16-entry skip-list on load, G15 numbers"
ExtLibs/Utilities/ParameterMetaDataConstants.cs,38,MissionPlanner.Utilities,ExtLibs/Utilities/MissionPlanner.Utilities.csproj,T3,hand-port,mp-gui,,S,bit-exact,,spec+review,,tested,,,crates/mp-gui/src/config/param_gen.rs,f2407f0448f03b1ea5b559380a082f5d980912008d9ee30770497b52dd66d758,,"the delimiters, the keys and the nested-group pattern"
ExtLibs/Utilities/ParameterMetaDataParser.cs,585,MissionPlanner.Utilities,ExtLibs/Utilities/MissionPlanner.Utilities.csproj,T3,hand-port,mp-gui,,M,behaviour-equivalent,,spec+review,,tested,,,crates/mp-gui/src/config/param_gen.rs;tests/gui/config-paramgen.gui,b414d85127a1db92fc1f973acc8e694ba1dc94de982fcaa63ce9c9b628c68bb4,"the locations are read one after another, not three at a time, and sorted stably where List.Sort is not (within a vehicle the list's order holds); the HTTP timeout is the client's 100 s, not 30; the regenerated file is not reloaded into the screens, which read the firmware's apm.pdef.xml and the bundled table; the harness's MP_PARAM_LOCATIONS door","GetParameterInformation: ReadDataFromAddress's cache, 404 as nothing and three attempts, GetVehicle, ParseKeyValuePairs with the frames and the first block of a repeated name, ParseGroupInformation's nested group and @Path files, ParseParameterInformation's prefixes, the write and the read-back sort and distinct as XElement.Save writes it; held to a fixture of a copter, a library and its nested group"
ExtLibs/Utilities/ParameterMetaDataRepository.cs,188,MissionPlanner.Utilities,ExtLibs/Utilities/MissionPlanner.Utilities.csproj,T3,hand-port,mp-params,,S,,,,,ported,,,crates/mp-params/src/pdef.rs,c19034be5f58a84b5e8933756df702d391037be9c6c444a4007ded1803b8f769,,the apm.pdef path is taken; the PX4 and legacy ParameterMetaData.xml paths are not
ExtLibs/Utilities/ParameterMetaDataRepositoryAPM.cs,105,MissionPlanner.Utilities,ExtLibs/Utilities/MissionPlanner.Utilities.csproj,T3,hand-port,,,S,,,,,ready,,,,43b291d74ffb02131655441b500bfdf40e99f1e1d8bbad904b9e5580e24138b3,,
ExtLibs/Utilities/ParameterMetaDataRepositoryAPMpdef.cs,275,MissionPlanner.Utilities,ExtLibs/Utilities/MissionPlanner.Utilities.csproj,T3,hand-port,mp-params,,M,behaviour-equivalent,,golden,,tested,,,crates/mp-params/src/pdef.rs;crates/mp-gui/src/metadata.rs,46e0db3de8461c6f3ec5fcf909a1b13a127c51c4be8a7a432c9f3522a071bfd5,GetParameterOptionsInt is the callers job,"URLs, file names, versioned-then-unversioned order, the 7-day refresh and the Vehicle:NAME lookup; version via VersionDetection.cs"
ExtLibs/Utilities/ParameterMetaDataRepositoryPX4.cs,169,MissionPlanner.Utilities,ExtLibs/Utilities/MissionPlanner.Utilities.csproj,T3,hand-port,,,S,,,,,ready,,,,23d90be4e45e795e2a34b314686eab3073107ee1ad974b9f7603f2ccc3c235e3,,
ExtLibs/Utilities/Password.cs,79,MissionPlanner.Utilities,ExtLibs/Utilities/MissionPlanner.Utilities.csproj,T3,hand-port,,,S,,,,,ready,,,,6f09cf1465a633549c1d4f207203a6dde90ea5c54a5aa03870577eb71a82510e,,
ExtLibs/Utilities/Pelco.cs,116,MissionPlanner.Utilities,ExtLibs/Utilities/MissionPlanner.Utilities.csproj,T3,hand-port,,,S,,,,,dropped,,,,089b5a862c25ac8d1b1ad5fc6bc0e56d6ede6253271c50dce1aba234df48eaf1,,no callers in the C# tree as of efb0801 (D16): no other file names its types (comments aside); declares Pelco
ExtLibs/Utilities/PictureInformation.cs,47,MissionPlanner.GeoRef,ExtLibs/Utilities/MissionPlanner.Utilities.csproj,T3,hand-port,,,S,,,,,ready,,,,baad42793ede68a87d2b5668d91d4dbd31a2610bd5479bf5c6743bf4173e93b7,,
ExtLibs/Utilities/PointLatLngAlt.cs,476,MissionPlanner.Utilities,ExtLibs/Utilities/MissionPlanner.Utilities.csproj,T3,hand-port,mp-units,,M,bit-exact,,oracle,,tested,,,crates/mp-units/src/geodesy.rs;crates/mp-units/tests/projection.rs;testdata/projection,f4e2a6138fa5eea37a36bac4b623969c4a65bcf47fd4667e65803b3a210da020,"everything but GetDistance, GetBearing, newpos and ToUTM",the three geodesy functions bit-identical to the mono oracle on 705 cases
ExtLibs/Utilities/Privacy.cs,177,MissionPlanner.Utilities,ExtLibs/Utilities/MissionPlanner.Utilities.csproj,T3,hand-port,,,S,,,,,dropped,,,,90c36f5a6b9b2e8323e8af25c879f7a9f0a224a558f20a428b93192e8fac2b04,,"out of scope, owner's ruling §12 D13 (2026-10-02): Anon Log - the Advanced page's but_anonlog (and temp.cs's), the log anonymiser; the owner: beta and not interesting. Its only callers are those two handlers"
ExtLibs/Utilities/Properties/Resources.Designer.cs,108,MissionPlanner.Utilities.Properties,ExtLibs/Utilities/MissionPlanner.Utilities.csproj,T1,regenerate,,,S,,,,,ready,,,,22a4a6f722f8700ee3948631e863e74ecac9dc759a0b588f9b3264b48109b6a8,,
ExtLibs/Utilities/Quaternion.cs,419,MissionPlanner.Utilities,ExtLibs/Utilities/MissionPlanner.Utilities.csproj,T3,hand-port,,,M,,,,,ready,,,,05809cac8d9253946747c7f15eec5cbfaf77a60bed2aa6177b499c563e7a9907,,"6 methods with no callers, see dead-functions.csv"
ExtLibs/Utilities/RLE.cs,297,MissionPlanner.Utilities,ExtLibs/Utilities/MissionPlanner.Utilities.csproj,T3,hand-port,,,M,,,,,ready,,,,66b1f29ef7481648de51a1264c0244809dc077eca2ec4fb778ee20b4861d3a23,,"2 methods with no callers, see dead-functions.csv"
ExtLibs/Utilities/Rational.cs,45,MissionPlanner.GeoRef,ExtLibs/Utilities/MissionPlanner.Utilities.csproj,T3,hand-port,,,S,,,,,ready,,,,9baec6508def254cbbc3e7e2ac6987175d4bbc57ed81834a0de06da58eb9fa46,,
ExtLibs/Utilities/Rect.cs,37,MissionPlanner.Utilities,ExtLibs/Utilities/MissionPlanner.Utilities.csproj,T3,hand-port,,,S,,,,,ready,,,,7a5eeddf00ae9fa121b2fe71bb0cf26835be940c1ede3ba551c07931f23010a0,,
ExtLibs/Utilities/Septentrio.cs,235,MissionPlanner.Utilities,ExtLibs/Utilities/MissionPlanner.Utilities.csproj,T3,hand-port,,,M,,,,,ready,,,,710810ca9fda19826a48a2513025accea22558e47b9577d451336e5f10cf0efe,,
ExtLibs/Utilities/Settings.cs,561,MissionPlanner.Utilities,ExtLibs/Utilities/MissionPlanner.Utilities.csproj,T3,hand-port,mp-settings,,M,bit-exact,,oracle,,tested,,,crates/mp-settings/src/lib.rs;crates/mp-settings/tests/fixtures/SettingsOracle.cs;crates/mp-settings/tests/fixtures/config-saved.xml;tests/gui/settings-persist.gui,6a25a1a0ca330820c6b2a222d355d68797336739f76ec09663aeb495dd17b45a,a key holding / is dropped as Save drops it; the application still keeps its own window/recording/map choices in its own file,config.xml and the directory rules byte for byte to MissionPlanner.Utilities.dll under mono
ExtLibs/Utilities/SightGen.cs,165,MissionPlanner.Utilities,ExtLibs/Utilities/MissionPlanner.Utilities.csproj,T3,hand-port,,,S,,,,,ready,,,,e31cdf262757df13be696960179e9bcb51ef9a78ed6e78d36160d30fd80ddb7c,,
ExtLibs/Utilities/SignedFW.cs,173,MissionPlanner.Utilities,ExtLibs/Utilities/MissionPlanner.Utilities.csproj,T3,hand-port,,,S,,,,,ready,,,,27349a6e6af16db13b322e1654af66ed8bfeaefc22aa649a3335f7cea95a8715,,
ExtLibs/Utilities/SingleLocation.cs,101,MissionPlanner.GeoRef,ExtLibs/Utilities/MissionPlanner.Utilities.csproj,T3,hand-port,,,S,,,,,ready,,,,914315ea47afb6c2c3a01212edfde3f380246bd2c9631e4e4019974639f80a8e,,
ExtLibs/Utilities/Spectrogram.cs,330,MissionPlanner.Utilities,ExtLibs/Utilities/MissionPlanner.Utilities.csproj,T3,hand-port,mp-gui,,M,behaviour-equivalent,,spec+review,,tested,,,crates/mp-gui/src/config/spectrogram.rs,1d96a130fd8488f15aaed833fae9575e7d922640b6a91cad3b293de469f05608,the 10-minute MemoryCache (a speed-up only; its axis bug is not reproduced); the unused SCALE; at most 2048 image columns,"GenerateImage over the ISBH batch path and the plain message path, GetRainbowColor, HSL2RGB, GetColor; the fixture's numbers checked against pymavlink"
ExtLibs/Utilities/Spline2.cs,408,MissionPlanner.Controls.Waypoints,ExtLibs/Utilities/MissionPlanner.Utilities.csproj,T3,hand-port,,,M,,,,,ready,,,,817fe2911daedd1096af42ac81c153bf6b789437b685a6e64427b8fb024fa440,,"1 method with no callers, see dead-functions.csv"
ExtLibs/Utilities/StringRedirectWriter.cs,242,MissionPlanner.Utilities,ExtLibs/Utilities/MissionPlanner.Utilities.csproj,T3,hand-port,,,M,,,,,ready,,,,eea60b54d6a24bd78d09a669cdf1bc33fc1610f5a65477eda0e015bdd2678a8a,,
ExtLibs/Utilities/TCPConsole.cs,70,MissionPlanner.Utilities,ExtLibs/Utilities/MissionPlanner.Utilities.csproj,T3,hand-port,,,S,,,,,dropped,,,,b915b2922225e2504687583071d44fe2552c30a1348dd38e340d8e96df325ccf,,no callers in the C# tree as of efb0801 (D16): no other file names its types (comments aside); declares TCPConsole
ExtLibs/Utilities/TerrainFollow.cs,166,MissionPlanner.Utilities,ExtLibs/Utilities/MissionPlanner.Utilities.csproj,T3,hand-port,,,S,,,,,ready,,,,2a978da16ebcb72f187d854ef3a79e5e239508d9b96a88c1d1f7eeda5581474e,,
ExtLibs/Utilities/Tools.cs,686,AT.MIN,ExtLibs/Utilities/MissionPlanner.Utilities.csproj,T3,hand-port,,,L,,,,,ready,,,,fa200ea8d6a2ed6b2c64e7f2ad5dffbb784f6869cc1d1c9278bc4b3bfada09a3,,
ExtLibs/Utilities/Tracking.cs,329,MissionPlanner.Utilities,ExtLibs/Utilities/MissionPlanner.Utilities.csproj,T3,hand-port,,,M,,,,,ready,,,,57bedb60817e96284d3548119f5f2f58e47d4d4dec42a11cab5f23ce3f9191e7,,"1 method with no callers, see dead-functions.csv"
ExtLibs/Utilities/ULog.cs,564,MissionPlanner.Utilities,ExtLibs/Utilities/MissionPlanner.Utilities.csproj,T3,hand-port,,,M,,,,,ready,,,,16d89375476a1b9301a7f730229fa48feb82a48e2d2eda9c329f17d9a486dd1b,,
ExtLibs/Utilities/Unicore.cs,53,MissionPlanner.Utilities,ExtLibs/Utilities/MissionPlanner.Utilities.csproj,T3,hand-port,,,S,,,,,ready,,,,c639b5f6c9941fe7025304bfbd0a136d6cd6a92fc2025e441ab29f74ebed0ea6,,
ExtLibs/Utilities/Utils.cs,700,MissionPlanner.Utilities,ExtLibs/Utilities/MissionPlanner.Utilities.csproj,T3,hand-port,,,L,,,,,ready,,,,b070a29585090840f9d7bdf46901ac5959c3c9e70bcc8ca32845cfc16cb130ed,,"11 methods with no callers, see dead-functions.csv"
ExtLibs/Utilities/Vario.cs,80,MissionPlanner.Utilities,ExtLibs/Utilities/MissionPlanner.Utilities.csproj,T3,hand-port,,,S,,,,,ready,,,,06b658dc257a64b2dc70077f5d0a394008807030fcc3ff3dde3f99a6b7d9c01b,,
ExtLibs/Utilities/Vector3.cs,546,MissionPlanner.Utilities,ExtLibs/Utilities/MissionPlanner.Utilities.csproj,T3,hand-port,,,M,,,,,ready,,,,b7cd7f20c53366c5cec617779910af5fa79510a92cbc9377b4a8e8cdb973bd3d,,
ExtLibs/Utilities/VehicleLocation.cs,10,MissionPlanner.GeoRef,ExtLibs/Utilities/MissionPlanner.Utilities.csproj,T3,hand-port,,,S,,,,,ready,,,,98472288a700507bd4c93505de7e05e20c3ebaa4b4916eebac96c0c1626436b8,,
ExtLibs/Utilities/VersionDetection.cs,59,MissionPlanner.Utilities,ExtLibs/Utilities/MissionPlanner.Utilities.csproj,T3,hand-port,,,S,,,,,ready,,,,9820b728f1267053df08ee56e8e815351ed16657990cdf9d81d51de6afc6770e,,
ExtLibs/Utilities/Warnings/CustomWarning.cs,250,MissionPlanner.Warnings,ExtLibs/Utilities/MissionPlanner.Utilities.csproj,T3,hand-port,mp-gui,,M,behaviour-equivalent,,spec+review,,tested,,,crates/mp-gui/src/warnings.rs;tests/gui/config-warnings.gui,87b455d69bd3ec4d8fc66a126841f8bc5a193f02f49ff05d3efb7754b549c408,GetOptions offers only the numeric CurrentState properties this application holds (the C#'s list starts with objects it cannot compare); reflection replaced by the CURRENTSTATE field list,"CheckValue with its repeat time, SayText, GetValue, SetField, the constructor defaults"
ExtLibs/Utilities/Warnings/WarningEngine.cs,151,MissionPlanner.Warnings,ExtLibs/Utilities/MissionPlanner.Utilities.csproj,T3,hand-port,mp-gui,,S,behaviour-equivalent,,spec+review,,tested,,,crates/mp-gui/src/warnings.rs;crates/mp-gui/src/main.rs;crates/mp-gui/src/quick.rs;tests/gui/config-warnings.gui,5391deca63953044e31280cc20d38a729a44ad28293bd3cbb73473c2ddeea05c,"speech (D15: what would be spoken is a fact); Stop; the loop runs on the window's frame, a pass every 250 ms, not a task of its own","LoadConfig (the whole file or nothing), SaveConfig as XmlSerializer writes it, MainLoop's pass, checkCond; WarningMessage as the HUD's messageHigh, QuickPanelColoring on the quick views"
ExtLibs/Utilities/XTermRBGColors.cs,291,MissionPlanner.Utilities,ExtLibs/Utilities/MissionPlanner.Utilities.csproj,T3,hand-port,,,M,,,,,ready,,,,100cda470c2b85956afbf41571eb3805d9722b7da3622c31d31d8d94c9cb4934,,
ExtLibs/Utilities/YPRtoOPK.cs,47,MissionPlanner.Utilities,ExtLibs/Utilities/MissionPlanner.Utilities.csproj,T3,hand-port,,,S,,,,,dropped,,,,9c0c2c2ad8de2f0476103b391306463fa612e80f57d0dfa81eca51f0307fc60a,,no callers in the C# tree as of efb0801 (D16): no other file names its types (comments aside); declares YPRtoOPK
ExtLibs/Utilities/ZeroConf.cs,95,MissionPlanner.Utilities,ExtLibs/Utilities/MissionPlanner.Utilities.csproj,T3,hand-port,,,S,,,,,ready,,,,1a003622dbe4c6fad3c81db63a3733ecfad9356dbf1017fa33d58693e5c5ff4f,,"1 method with no callers, see dead-functions.csv"
ExtLibs/Utilities/adsb.cs,1323,MissionPlanner.Utilities,ExtLibs/Utilities/MissionPlanner.Utilities.csproj,T3,hand-port,,,L,,,,,ready,,,,c5c74f1c97fb86f85f965c04adf860a34bd112ba8eb72c2088a25f1c9c7fde02,,"3 methods with no callers, see dead-functions.csv"
ExtLibs/Utilities/altitudes.cs,7,MissionPlanner,ExtLibs/Utilities/MissionPlanner.Utilities.csproj,T3,hand-port,,,S,,,,,ready,,,,dcd003e0b4980e7b939b14756181cf08d71ddef10c5e036a4015a05e1dcbd479,,
ExtLibs/Utilities/apj_tool.cs,99,MissionPlanner.Utilities,ExtLibs/Utilities/MissionPlanner.Utilities.csproj,T3,hand-port,,,S,,,,,ready,,,,a14899af85232fec4ecbbad7fbd9f0f62e2fea4f44722d77e02409c1509712ed,,
ExtLibs/Utilities/clipper.cs,4930,ClipperLib,ExtLibs/Utilities/MissionPlanner.Utilities.csproj,T0,hand-port,mp-mission,,XL,bit-exact,,oracle,,tested,,,crates/mp-mission/src/clipper.rs;crates/mp-mission/tests/rotary_vectors.rs;testdata/grid/golden/offset,bebbbeac72dc66a45d1a722d2a35592e01c35ecb92b4ae339a9bf7f0147b4427,"open paths, clip types other than union, the simplify/clean helpers, the branches no golden reaches (heapsort fallback, FirstIsBottomPt, GetBottomPt duplicates, the inner self-split)","Clipper 6.4.2 offset and union transliterated, with mono introsort for List.Sort; Boost licence notice carried; PLAN 3 polygon-ops row changed to say so"
ExtLibs/Utilities/dfgpslag.cs,148,MissionPlanner.Utilities,ExtLibs/Utilities/MissionPlanner.Utilities.csproj,T3,hand-port,,,S,,,,,dropped,,,,4aa80c6c73415eca431c6b24cb197de9ae8fdc92392052970f4b28e90dc83f4e,,no callers in the C# tree as of efb0801 (D16): no other file names its types (comments aside); declares dfgpslag
ExtLibs/Utilities/distances.cs,7,MissionPlanner,ExtLibs/Utilities/MissionPlanner.Utilities.csproj,T3,hand-port,,,S,,,,,ready,,,,972754f80b2240575e4653900c143184ff56a39a8d6c5ef58c2a566ec17364ae,,
ExtLibs/Utilities/dxf.cs,53,MissionPlanner.Utilities,ExtLibs/Utilities/MissionPlanner.Utilities.csproj,T3,hand-port,,,S,,,,,ready,,,,324a4e0fecc1cc904297a6aa5019791dceefc3ede7e2e0f2aa8649a8d6be1cd5,,
ExtLibs/Utilities/fft.cs,293,MissionPlanner.Utilities,ExtLibs/Utilities/MissionPlanner.Utilities.csproj,T0,delete,,,M,,,,,ready,,,,5fafe08fb09206075c9f4f2bb274d0789a7e46d5edf88e02520877000a3dc939,,
ExtLibs/Utilities/fft3.cs,124,MissionPlanner.Utilities,ExtLibs/Utilities/MissionPlanner.Utilities.csproj,T3,hand-port,,,S,,,,,dropped,,,,fcfaa9107c976c25457043318d6cbbef9beea73f0a015890a9645f063218be90,,no callers in the C# tree as of efb0801 (D16): no other file names its types (comments aside); declares fft3
ExtLibs/Utilities/fitCurve.cs,148,Simplify,ExtLibs/Utilities/MissionPlanner.Utilities.csproj,T0,delete,,,S,,,,,ready,,,,c3612a79f8127dfca2d1eb46d8a6af48cae511191e6afb19fff6930916fe203b,,
ExtLibs/Utilities/hires.cs,51,hires,ExtLibs/Utilities/MissionPlanner.Utilities.csproj,T3,hand-port,,,S,,,,,ready,,,,868a8c453afa59440b019b7abdc7c35d62bd90516aa0093ad17e0cf073f9b452,,
ExtLibs/Utilities/locationwp.cs,212,MissionPlanner.Utilities,ExtLibs/Utilities/MissionPlanner.Utilities.csproj,T3,hand-port,,,M,,,,,ready,,,,8d052cd91232975a4bc9a57d9ff632feb7fd189b415b7f71ac17217830b0d94c,,
ExtLibs/Utilities/mavgraph.cs,324,MissionPlanner.Utilities,ExtLibs/Utilities/MissionPlanner.Utilities.csproj,T3,hand-port,mp-log,,M,behaviour-equivalent,,spec+review,,tested,,,crates/mp-log/src/mavgraph.rs;crates/mp-log/src/expression.rs;crates/mp-log/assets/graphs;tests/gui/log-preselect.gui,a821954e18061b8f3d04e36fac139ba64e7e3d746b1a4ee8354a777e08e92a78,182 pieces needing whole-message functions are refused by name; 9 have unbalanced brackets Python refuses too; the user's own graphs/*.xml are not read (the five shipped files are embedded),"2,076 shipped pieces evaluate without IronPython"
ExtLibs/Utilities/minifloat.cs,252,MissionPlanner.Utilities,ExtLibs/Utilities/MissionPlanner.Utilities.csproj,T3,hand-port,,,M,,,,,dropped,,,,0dac86b83c2b03e25abde868fb28ed702444791dc8e14762c7117fb979e8d484,,no callers in the C# tree as of efb0801 (D16): no other file names its types (comments aside); declares minifloat
ExtLibs/Utilities/nfz/eunfz.cs,269,MissionPlanner.Utilities.nfz,ExtLibs/Utilities/MissionPlanner.Utilities.csproj,T3,hand-port,,,M,,,,,ready,,,,65b154fda474f99553a697461de7472c077edb25bab9e6c8dfd8febf04b26d02,,
ExtLibs/Utilities/nfz/hknfz.cs,114,MissionPlanner.Utilities.nfz,ExtLibs/Utilities/MissionPlanner.Utilities.csproj,T3,hand-port,,,S,,,,,ready,,,,b693c8487cbea76b78c8cf62710435b8b32f2ef4e8585fbf2e74dc001712dcd0,,
ExtLibs/Utilities/nmea.cs,123,MissionPlanner.Utilities,ExtLibs/Utilities/MissionPlanner.Utilities.csproj,T3,hand-port,,,S,,,,,ready,,,,970294e24671dcb28ecdee713d7ec8e4f1f365ada5d6005fc7babbc045f58f45,,
ExtLibs/Utilities/paramchanges47.cs,160,MissionPlanner.Utilities,ExtLibs/Utilities/MissionPlanner.Utilities.csproj,T3,hand-port,,,S,,,,,ready,,,,59cc514752038aac193c6bf30d4af3c12eed0cfa5b0e4b4c926edde003045007,,"2 methods with no callers, see dead-functions.csv"
ExtLibs/Utilities/rtcm3.cs,2117,MissionPlanner.Utilities,ExtLibs/Utilities/MissionPlanner.Utilities.csproj,T3,hand-port,mp-gui,,XL,bit-exact,,golden,,tested,,,crates/mp-gui/src/config/rtk_inject.rs;crates/mp-link/src/inject.rs;testdata/rtcm;tests/gui/config-rtk.gui,2985291cc19ada10eea4885fc7120c652531e821703ca9850b671cb2ed6d3faf,"the fields nothing reads; an MSM over 64 cells fails as the C# fails; the stream is generated, not recorded","framing and CRC-24Q with the table checked against the C#, 1005/1006, MSM4/MSM7 signal strengths"
ExtLibs/Utilities/sbp.cs,201,MissionPlanner.Utilities,ExtLibs/Utilities/MissionPlanner.Utilities.csproj,T3,hand-port,,,M,,,,,ready,,,,fda8b3a3faf679fa12feb3f8ea61d9ccbf0b63307a730db86d1b835dc14e5b30,,
ExtLibs/Utilities/speeds.cs,10,MissionPlanner,ExtLibs/Utilities/MissionPlanner.Utilities.csproj,T3,hand-port,,,S,,,,,ready,,,,97d6a91b7126248ca422d098e63afde888de3db7b983615bdffbb936366d68d8,,
ExtLibs/Utilities/srtm.cs,761,MissionPlanner.Utilities,ExtLibs/Utilities/MissionPlanner.Utilities.csproj,T3,hand-port,mp-terrain,,L,bit-exact,,oracle,,tested,,,crates/mp-terrain/src/lib.rs;crates/mp-terrain/tests/oracle.rs;tools/csharp-reference/SrtmOracle.cs;testdata/srtm,706c2dd1e3ac58fa7e2f265a3dd8e752e338002f262ec95bf16779cd703051fd,GeoTiff and DTED (separate files); the .asc grid read once per process in the C# answers Invalid ever after (divergence at the site),"1,259 lookups bit for bit against MissionPlanner.Utilities.dll"
ExtLibs/Utilities/ubx_m8p.cs,641,MissionPlanner.Utilities,ExtLibs/Utilities/MissionPlanner.Utilities.csproj,T3,hand-port,,,L,,,,,ready,,,,ba1f31cfbcfd6a72d96fdb871364e6a5a86bd4b691067a5548d09713d7eb47b5,,
ExtLibs/Utilities/utmpos.cs,145,MissionPlanner.Utilities,ExtLibs/Utilities/MissionPlanner.Utilities.csproj,T3,hand-port,mp-mission,,S,bit-exact,cold,oracle,,tested,,,crates/mp-mission/src/utm.rs;crates/mp-mission/tests/grid_vectors.rs,651271ae655e1241c312e19732a7d7f0c97f9b15821b8857ff73bfd0516ea0ef,,signed zone for the hemisphere preserved (PLAN 1.3)
ExtLibs/Utilities/vlcrender.cs,147,MissionPlanner.Utilities,ExtLibs/Utilities/MissionPlanner.Utilities.csproj,T3,hand-port,,,S,,,,,ready,,,,c7d4a06907b7a6541022495cee48d66e3353f4bdfe9acc369dafaa0002d0f8b8,,
ExtLibs/WebAPIs/Dowding/Dowding.cs,174,MissionPlanner.WebAPIs,ExtLibs/WebAPIs/MissionPlanner.WebAPIs.csproj,T3,hand-port,,,S,,,,,dropped,,,,63711e474c3cdda4f0157ef3bf39d2b40d2d5fad973c8f8cd86b973620a33a5e,,"out of scope, owner's ruling §12 D13 (2026-09-25): Dowding (ExtLibs/WebAPIs/Dowding and its plugin, plugins/Dowding)"
ExtLibs/WebAPIs/Dowding/src/Dowding/Api/AgentApi.cs,750,Dowding.Api,ExtLibs/WebAPIs/Dowding/src/Dowding/Dowding.csproj,T1,regenerate,,,L,,,,,dropped,,,,150725dd15910874f0e9234e4eeadb1f660e3c600681c116ba98e5ee93360bcc,,"no callers in the C# tree as of efb0801 (D16): no other file names its types (comments aside); declares AgentApi, IAgentApi"
ExtLibs/WebAPIs/Dowding/src/Dowding/Api/AgentTickApi.cs,740,Dowding.Api,ExtLibs/WebAPIs/Dowding/src/Dowding/Dowding.csproj,T1,regenerate,,,L,,,,,dropped,,,,95df5108337b4382f8b8e33f9fdd76ff6e1a74afbc07c214a6be7bd8395fd089,,"out of scope, owner's ruling §12 D13 (2026-09-25): Dowding (ExtLibs/WebAPIs/Dowding and its plugin, plugins/Dowding)"
ExtLibs/WebAPIs/Dowding/src/Dowding/Api/AuthenticationApi.cs,563,Dowding.Api,ExtLibs/WebAPIs/Dowding/src/Dowding/Dowding.csproj,T1,regenerate,,,M,,,,,dropped,,,,0e48fa4ff68beb0e725c4e62ff0a6cbfc2f5f9b48f2647496509edee6ccd9cf7,,"out of scope, owner's ruling §12 D13 (2026-09-25): Dowding (ExtLibs/WebAPIs/Dowding and its plugin, plugins/Dowding)"
ExtLibs/WebAPIs/Dowding/src/Dowding/Api/ContactApi.cs,850,Dowding.Api,ExtLibs/WebAPIs/Dowding/src/Dowding/Dowding.csproj,T1,regenerate,,,L,,,,,dropped,,,,12271413583419ae074d0ecc25fca2a3395eaad1f0e0d9182a9086d923e54814,,"out of scope, owner's ruling §12 D13 (2026-09-25): Dowding (ExtLibs/WebAPIs/Dowding and its plugin, plugins/Dowding)"
ExtLibs/WebAPIs/Dowding/src/Dowding/Api/HomepointApi.cs,740,Dowding.Api,ExtLibs/WebAPIs/Dowding/src/Dowding/Dowding.csproj,T1,regenerate,,,L,,,,,dropped,,,,85e9eff92e7bad362888e788f18065ac47ec38a1575261cad4f75d6d972e9f23,,"no callers in the C# tree as of efb0801 (D16): no other file names its types (comments aside); declares HomepointApi, IHomepointApi"
ExtLibs/WebAPIs/Dowding/src/Dowding/Api/OperatorTickApi.cs,740,Dowding.Api,ExtLibs/WebAPIs/Dowding/src/Dowding/Dowding.csproj,T1,regenerate,,,L,,,,,dropped,,,,77278ddfa54fa7f10f59fd8ba5dfdfdd087c2382aec89911391eba803ff91f1f,,"no callers in the C# tree as of efb0801 (D16): no other file names its types (comments aside); declares IOperatorTickApi, OperatorTickApi"
ExtLibs/WebAPIs/Dowding/src/Dowding/Api/VehicleApi.cs,1462,Dowding.Api,ExtLibs/WebAPIs/Dowding/src/Dowding/Dowding.csproj,T1,regenerate,,,L,,,,,dropped,,,,1e3d58cdf99772a3dbe7823cbbb16ab03bb984530661126a878569d1a691c263,,"no callers in the C# tree as of efb0801 (D16): no other file names its types (comments aside); declares IVehicleApi, VehicleApi"
ExtLibs/WebAPIs/Dowding/src/Dowding/Api/VehicleTickApi.cs,750,Dowding.Api,ExtLibs/WebAPIs/Dowding/src/Dowding/Dowding.csproj,T1,regenerate,,,L,,,,,dropped,,,,1c1e3dc285327f43344634adb32a5e9e460204c3ef08c786a519c69e818496f6,,"out of scope, owner's ruling §12 D13 (2026-09-25): Dowding (ExtLibs/WebAPIs/Dowding and its plugin, plugins/Dowding)"
ExtLibs/WebAPIs/Dowding/src/Dowding/Api/ZoneApi.cs,740,Dowding.Api,ExtLibs/WebAPIs/Dowding/src/Dowding/Dowding.csproj,T1,regenerate,,,L,,,,,dropped,,,,18e9b423b628d51e17356165b19de84a43a651793335b3051aef516e8c0c9345,,"out of scope, owner's ruling §12 D13 (2026-09-25): Dowding (ExtLibs/WebAPIs/Dowding and its plugin, plugins/Dowding)"
ExtLibs/WebAPIs/Dowding/src/Dowding/Client/ApiClient.cs,494,Dowding.Client,ExtLibs/WebAPIs/Dowding/src/Dowding/Dowding.csproj,T1,regenerate,,,M,,,,,dropped,,,,487dcce8dbe5f39c9e38c43f5effbb9a765b8c51a58b8c1c80dcaae438c756f9,,"out of scope, owner's ruling §12 D13 (2026-09-25): Dowding (ExtLibs/WebAPIs/Dowding and its plugin, plugins/Dowding)"
ExtLibs/WebAPIs/Dowding/src/Dowding/Client/ApiException.cs,72,Dowding.Client,ExtLibs/WebAPIs/Dowding/src/Dowding/Dowding.csproj,T1,regenerate,,,S,,,,,dropped,,,,51a5376bb9ab88feb8c7c09f3a36184a05137b55ff7d0f1ebaa800ef76c7c4f8,,"out of scope, owner's ruling §12 D13 (2026-09-25): Dowding (ExtLibs/WebAPIs/Dowding and its plugin, plugins/Dowding)"
ExtLibs/WebAPIs/Dowding/src/Dowding/Client/ApiResponse.cs,66,Dowding.Client,ExtLibs/WebAPIs/Dowding/src/Dowding/Dowding.csproj,T1,regenerate,,,S,,,,,dropped,,,,19878378baca52ca8f2ff57ca0fe693d1eff489e95b5713385fa218d0c6a46b1,,"out of scope, owner's ruling §12 D13 (2026-09-25): Dowding (ExtLibs/WebAPIs/Dowding and its plugin, plugins/Dowding)"
ExtLibs/WebAPIs/Dowding/src/Dowding/Client/Configuration.cs,338,Dowding.Client,ExtLibs/WebAPIs/Dowding/src/Dowding/Dowding.csproj,T1,regenerate,,,M,,,,,dropped,,,,61150674cefc9ced5914a73a3050caffeca129ee6bb91a064109df50265a875c,,"out of scope, owner's ruling §12 D13 (2026-09-25): Dowding (ExtLibs/WebAPIs/Dowding and its plugin, plugins/Dowding)"
ExtLibs/WebAPIs/Dowding/src/Dowding/Client/ExceptionFactory.cs,36,Dowding.Client,ExtLibs/WebAPIs/Dowding/src/Dowding/Dowding.csproj,T1,regenerate,,,S,,,,,dropped,,,,128c0bf525159f4e93cef67dc8dee9e1e594085437c5a679e0fefdecd57cf4f5,,"out of scope, owner's ruling §12 D13 (2026-09-25): Dowding (ExtLibs/WebAPIs/Dowding and its plugin, plugins/Dowding)"
ExtLibs/WebAPIs/Dowding/src/Dowding/Client/IApiAccessor.cs,54,Dowding.Client,ExtLibs/WebAPIs/Dowding/src/Dowding/Dowding.csproj,T1,regenerate,,,S,,,,,dropped,,,,3f83cc2b55183354ecd7af648dbcf1830f42abe76c498a542f5a7a34a91b34b5,,"out of scope, owner's ruling §12 D13 (2026-09-25): Dowding (ExtLibs/WebAPIs/Dowding and its plugin, plugins/Dowding)"
ExtLibs/WebAPIs/Dowding/src/Dowding/Model/Agent.cs,436,Dowding.Model,ExtLibs/WebAPIs/Dowding/src/Dowding/Dowding.csproj,T1,regenerate,,,M,,,,,dropped,,,,0c7f7e3e229296738e9753c1a19c14a078401cf9c7e14ef521fe746f7ba3ab1e,,"out of scope, owner's ruling §12 D13 (2026-09-25): Dowding (ExtLibs/WebAPIs/Dowding and its plugin, plugins/Dowding)"
ExtLibs/WebAPIs/Dowding/src/Dowding/Model/AgentIsEnabledDto.cs,140,Dowding.Model,ExtLibs/WebAPIs/Dowding/src/Dowding/Dowding.csproj,T1,regenerate,,,S,,,,,dropped,,,,055815e98b6118681b2dec0c132a967f941a0491e713a255bb8a3bc774be9272,,no callers in the C# tree as of efb0801 (D16): no other file names its types (comments aside); declares AgentIsEnabledDto
ExtLibs/WebAPIs/Dowding/src/Dowding/Model/AgentLoginDto.cs,164,Dowding.Model,ExtLibs/WebAPIs/Dowding/src/Dowding/Dowding.csproj,T1,regenerate,,,S,,,,,dropped,,,,5c7e067d158e8148c7404ea651b4b1a475461d851143a87a1b7757bb4e2c2c81,,no callers in the C# tree as of efb0801 (D16): named only by files that are themselves dead (AgentApi.cs); declares AgentLoginDto
ExtLibs/WebAPIs/Dowding/src/Dowding/Model/AgentStatusGetDto.cs,164,Dowding.Model,ExtLibs/WebAPIs/Dowding/src/Dowding/Dowding.csproj,T1,regenerate,,,S,,,,,dropped,,,,622ba23fd0dd94e170906523938a51c121bd3cd51cf1b62ec7103a050033ab73,,no callers in the C# tree as of efb0801 (D16): named only by files that are themselves dead (AgentApi.cs); declares AgentStatusGetDto
ExtLibs/WebAPIs/Dowding/src/Dowding/Model/AgentTick.cs,340,Dowding.Model,ExtLibs/WebAPIs/Dowding/src/Dowding/Dowding.csproj,T1,regenerate,,,M,,,,,dropped,,,,96b243ac4f13c79633ccfbe5de8e6f3cd73fdffdc057fc0273950ab2d498c92b,,"out of scope, owner's ruling §12 D13 (2026-09-25): Dowding (ExtLibs/WebAPIs/Dowding and its plugin, plugins/Dowding)"
ExtLibs/WebAPIs/Dowding/src/Dowding/Model/AgentTickDto.cs,340,Dowding.Model,ExtLibs/WebAPIs/Dowding/src/Dowding/Dowding.csproj,T1,regenerate,,,M,,,,,dropped,,,,241b6f2869a0d280c0428e8d885083b10646b1f791ee897c238f1d6098c0ec5f,,"out of scope, owner's ruling §12 D13 (2026-09-25): Dowding (ExtLibs/WebAPIs/Dowding and its plugin, plugins/Dowding)"
ExtLibs/WebAPIs/Dowding/src/Dowding/Model/AgentUpdateDto.cs,252,Dowding.Model,ExtLibs/WebAPIs/Dowding/src/Dowding/Dowding.csproj,T1,regenerate,,,M,,,,,dropped,,,,e0d20de636a4b66b46e2a851d4191df038c96ffcba3b86c4ad00f4cbdd094e1f,,no callers in the C# tree as of efb0801 (D16): named only by files that are themselves dead (AgentApi.cs); declares AgentUpdateDto
ExtLibs/WebAPIs/Dowding/src/Dowding/Model/AuthToken.cs,139,Dowding.Model,ExtLibs/WebAPIs/Dowding/src/Dowding/Dowding.csproj,T1,regenerate,,,S,,,,,dropped,,,,16f69439a7218d9694ab060bd322e933a13ae7ec7e7d8eeb5f5536affcbba38f,,"out of scope, owner's ruling §12 D13 (2026-09-25): Dowding (ExtLibs/WebAPIs/Dowding and its plugin, plugins/Dowding)"
ExtLibs/WebAPIs/Dowding/src/Dowding/Model/CenterpointConfigurationDto.cs,188,Dowding.Model,ExtLibs/WebAPIs/Dowding/src/Dowding/Dowding.csproj,T1,regenerate,,,S,,,,,dropped,,,,728f56a5380f206d80deade0b728ad3a359fcad593a0506ffc5f6647c0df7568,,no callers in the C# tree as of efb0801 (D16): no other file names its types (comments aside); declares CenterpointConfigurationDto
ExtLibs/WebAPIs/Dowding/src/Dowding/Model/Contact.cs,996,Dowding.Model,ExtLibs/WebAPIs/Dowding/src/Dowding/Dowding.csproj,T1,regenerate,,,L,,,,,dropped,,,,45bc663c6408d07d430a94b52b1e2e0a16ea8654f00737b226a0173baa865534,,"out of scope, owner's ruling §12 D13 (2026-09-25): Dowding (ExtLibs/WebAPIs/Dowding and its plugin, plugins/Dowding)"
ExtLibs/WebAPIs/Dowding/src/Dowding/Model/ContactDto.cs,191,Dowding.Model,ExtLibs/WebAPIs/Dowding/src/Dowding/Dowding.csproj,T1,regenerate,,,S,,,,,dropped,,,,2926b1ad94bed5daf975321b17afc28b3eba7b37b73f9a3cd473078a583066db,,no callers in the C# tree as of efb0801 (D16): no other file names its types (comments aside); declares ContactDto
ExtLibs/WebAPIs/Dowding/src/Dowding/Model/ContactExportDto.cs,164,Dowding.Model,ExtLibs/WebAPIs/Dowding/src/Dowding/Dowding.csproj,T1,regenerate,,,S,,,,,dropped,,,,23f5f52057af4bbb2665f2414e798c5b9ecf411c52cc29ce918a00f8a2144f5b,,"out of scope, owner's ruling §12 D13 (2026-09-25): Dowding (ExtLibs/WebAPIs/Dowding and its plugin, plugins/Dowding)"
ExtLibs/WebAPIs/Dowding/src/Dowding/Model/EmptyObject.cs,112,Dowding.Model,ExtLibs/WebAPIs/Dowding/src/Dowding/Dowding.csproj,T1,regenerate,,,S,,,,,dropped,,,,b42583638b32b258c9f7ff6b41819f84ae9fcb4e55a57ef5469e6462c4e6910f,,"out of scope, owner's ruling §12 D13 (2026-09-25): Dowding (ExtLibs/WebAPIs/Dowding and its plugin, plugins/Dowding)"
ExtLibs/WebAPIs/Dowding/src/Dowding/Model/HealthResponse.cs,161,Dowding.Model,ExtLibs/WebAPIs/Dowding/src/Dowding/Dowding.csproj,T1,regenerate,,,S,,,,,dropped,,,,dba5652e790b077d6e66d9f8c086a29a822d60fe8b2dfb5a064f001536dbcbf0,,no callers in the C# tree as of efb0801 (D16): no other file names its types (comments aside); declares HealthResponse
ExtLibs/WebAPIs/Dowding/src/Dowding/Model/Homepoint.cs,292,Dowding.Model,ExtLibs/WebAPIs/Dowding/src/Dowding/Dowding.csproj,T1,regenerate,,,M,,,,,dropped,,,,f853d95a4eacd94607ab5f61fa93e8fbc89f705a18931d72dde426779041337d,,"out of scope, owner's ruling §12 D13 (2026-09-25): Dowding (ExtLibs/WebAPIs/Dowding and its plugin, plugins/Dowding)"
ExtLibs/WebAPIs/Dowding/src/Dowding/Model/HomepointDto.cs,252,Dowding.Model,ExtLibs/WebAPIs/Dowding/src/Dowding/Dowding.csproj,T1,regenerate,,,M,,,,,dropped,,,,1a4bd7b5c21a4a933384de57d7c819583a0928f177a207c60fb2b221512e765b,,no callers in the C# tree as of efb0801 (D16): named only by files that are themselves dead (HomepointApi.cs); declares HomepointDto
ExtLibs/WebAPIs/Dowding/src/Dowding/Model/LoginDto.cs,175,Dowding.Model,ExtLibs/WebAPIs/Dowding/src/Dowding/Dowding.csproj,T1,regenerate,,,S,,,,,dropped,,,,a57e4195aa9e643bf4e4774bb1811fa8bffeb3b34e6db19800ccbc7926581a57,,"out of scope, owner's ruling §12 D13 (2026-09-25): Dowding (ExtLibs/WebAPIs/Dowding and its plugin, plugins/Dowding)"
ExtLibs/WebAPIs/Dowding/src/Dowding/Model/ModelEvent.cs,252,Dowding.Model,ExtLibs/WebAPIs/Dowding/src/Dowding/Dowding.csproj,T1,regenerate,,,M,,,,,dropped,,,,7d56a4b5e38fdab3b03e4689fddba4f1b888c2b8639502eaa2a9e33ab33735a8,,"out of scope, owner's ruling §12 D13 (2026-09-25): Dowding (ExtLibs/WebAPIs/Dowding and its plugin, plugins/Dowding)"
ExtLibs/WebAPIs/Dowding/src/Dowding/Model/OperatorTick.cs,388,Dowding.Model,ExtLibs/WebAPIs/Dowding/src/Dowding/Dowding.csproj,T1,regenerate,,,M,,,,,dropped,,,,09ead43b07d9a19edd2ba9779cb2fb53c84bbc534ebe9694e6f6caf00aa7d81d,,"out of scope, owner's ruling §12 D13 (2026-09-25): Dowding (ExtLibs/WebAPIs/Dowding and its plugin, plugins/Dowding)"
ExtLibs/WebAPIs/Dowding/src/Dowding/Model/OperatorTickDto.cs,348,Dowding.Model,ExtLibs/WebAPIs/Dowding/src/Dowding/Dowding.csproj,T1,regenerate,,,M,,,,,dropped,,,,bf5a29b0e733bef372353ebab8dda1666aab7e0a31f06bc36fae324523ce1167,,no callers in the C# tree as of efb0801 (D16): named only by files that are themselves dead (OperatorTickApi.cs); declares OperatorTickDto
ExtLibs/WebAPIs/Dowding/src/Dowding/Model/UserRegisterDto.cs,252,Dowding.Model,ExtLibs/WebAPIs/Dowding/src/Dowding/Dowding.csproj,T1,regenerate,,,M,,,,,dropped,,,,0d7a34724194a5d151ca179bf563003d220c0d4e278496d699e720d7ee98d30c,,no callers in the C# tree as of efb0801 (D16): no other file names its types (comments aside); declares UserRegisterDto
ExtLibs/WebAPIs/Dowding/src/Dowding/Model/Vehicle.cs,204,Dowding.Model,ExtLibs/WebAPIs/Dowding/src/Dowding/Dowding.csproj,T1,regenerate,,,M,,,,,dropped,,,,76d45bb2be434ed11ef9522a95491c70367a3f12d8c0b341d77178d6c679342c,,"out of scope, owner's ruling §12 D13 (2026-09-25): Dowding (ExtLibs/WebAPIs/Dowding and its plugin, plugins/Dowding)"
ExtLibs/WebAPIs/Dowding/src/Dowding/Model/VehicleDto.cs,140,Dowding.Model,ExtLibs/WebAPIs/Dowding/src/Dowding/Dowding.csproj,T1,regenerate,,,S,,,,,dropped,,,,02c5fa4ba14a4b0fea33d904f74dc71dbe4a1c3abb89c93cbea42740da95f8c3,,no callers in the C# tree as of efb0801 (D16): no other file names its types (comments aside); declares VehicleDto
ExtLibs/WebAPIs/Dowding/src/Dowding/Model/VehicleTick.cs,452,Dowding.Model,ExtLibs/WebAPIs/Dowding/src/Dowding/Dowding.csproj,T1,regenerate,,,M,,,,,dropped,,,,2438b4c140e707777beedd6c29b27dd06a7b39af172f71a7109a2277dcb25cde,,"out of scope, owner's ruling §12 D13 (2026-09-25): Dowding (ExtLibs/WebAPIs/Dowding and its plugin, plugins/Dowding)"
ExtLibs/WebAPIs/Dowding/src/Dowding/Model/VehicleTickDto.cs,412,Dowding.Model,ExtLibs/WebAPIs/Dowding/src/Dowding/Dowding.csproj,T1,regenerate,,,M,,,,,dropped,,,,a78ee6e63eef352c4cf10c5e063125ee2f3b4fbf9c617dbca98e69b70745dc22,,"out of scope, owner's ruling §12 D13 (2026-09-25): Dowding (ExtLibs/WebAPIs/Dowding and its plugin, plugins/Dowding)"
ExtLibs/WebAPIs/Dowding/src/Dowding/Model/Zone.cs,236,Dowding.Model,ExtLibs/WebAPIs/Dowding/src/Dowding/Dowding.csproj,T1,regenerate,,,M,,,,,dropped,,,,c218aa11c071ab1f27749554a9b604f2e7a37ec0786ac61fcde290fbd418365d,,"out of scope, owner's ruling §12 D13 (2026-09-25): Dowding (ExtLibs/WebAPIs/Dowding and its plugin, plugins/Dowding)"
ExtLibs/WebAPIs/Dowding/src/Dowding/Model/ZoneDto.cs,188,Dowding.Model,ExtLibs/WebAPIs/Dowding/src/Dowding/Dowding.csproj,T1,regenerate,,,S,,,,,dropped,,,,ac46504e70043fd402bd5797eb39475ca4ecbc97a60ea7433948cf0bbecace42,,"out of scope, owner's ruling §12 D13 (2026-09-25): Dowding (ExtLibs/WebAPIs/Dowding and its plugin, plugins/Dowding)"
ExtLibs/WebAPIs/Dronelogbook/Dronelogbook.cs,11,MissionPlanner.WebAPIs,ExtLibs/WebAPIs/MissionPlanner.WebAPIs.csproj,T3,hand-port,,,S,,,,,dropped,,,,75509a124863ed3ae789739900e1c24d66a068351ef3b629c2a40c05bf991e2e,,no callers in the C# tree as of efb0801 (D16): nothing outside ExtLibs/WebAPIs/Dronelogbook/ names Dronelogbook; declares Dronelogbook
ExtLibs/WebAPIs/Dronelogbook/src/Dronelogbook/Api/CompanyApi.cs,540,Dronelogbook.Api,ExtLibs/WebAPIs/Dronelogbook/src/Dronelogbook/Dronelogbook.csproj,T1,regenerate,,,M,,,,,dropped,,,,b249a1f927ae880494acb7a667302fb4421844b45521916395532922a751fec5,,"no callers in the C# tree as of efb0801 (D16): nothing outside ExtLibs/WebAPIs/Dronelogbook/ names Dronelogbook; declares CompanyApi, ICompanyApi"
ExtLibs/WebAPIs/Dronelogbook/src/Dronelogbook/Api/CustomerApi.cs,540,Dronelogbook.Api,ExtLibs/WebAPIs/Dronelogbook/src/Dronelogbook/Dronelogbook.csproj,T1,regenerate,,,M,,,,,dropped,,,,a86a56f5a4639fb13d58256c2b0b18776c699950190310b9e2358d2d1a8b86f8,,"no callers in the C# tree as of efb0801 (D16): nothing outside ExtLibs/WebAPIs/Dronelogbook/ names Dronelogbook; declares CustomerApi, ICustomerApi"
ExtLibs/WebAPIs/Dronelogbook/src/Dronelogbook/Api/DroneApi.cs,540,Dronelogbook.Api,ExtLibs/WebAPIs/Dronelogbook/src/Dronelogbook/Dronelogbook.csproj,T1,regenerate,,,M,,,,,dropped,,,,a13201b1e54669f80dd1142e5610efde804f5068b0ae0b39c19ac117731263ca,,"no callers in the C# tree as of efb0801 (D16): nothing outside ExtLibs/WebAPIs/Dronelogbook/ names Dronelogbook; declares DroneApi, IDroneApi"
ExtLibs/WebAPIs/Dronelogbook/src/Dronelogbook/Api/EquipmentApi.cs,540,Dronelogbook.Api,ExtLibs/WebAPIs/Dronelogbook/src/Dronelogbook/Dronelogbook.csproj,T1,regenerate,,,M,,,,,dropped,,,,5c385e297e9c4abc53bc5ed76b1e6f351151bd5e73191193e8c557e581db92be,,"no callers in the C# tree as of efb0801 (D16): nothing outside ExtLibs/WebAPIs/Dronelogbook/ names Dronelogbook; declares EquipmentApi, IEquipmentApi"
ExtLibs/WebAPIs/Dronelogbook/src/Dronelogbook/Api/FlightApi.cs,540,Dronelogbook.Api,ExtLibs/WebAPIs/Dronelogbook/src/Dronelogbook/Dronelogbook.csproj,T1,regenerate,,,M,,,,,dropped,,,,2405910e758bb82fa6f798264b02e7d9e3ef64ad232a77011b56dc35ea1b3dd2,,"no callers in the C# tree as of efb0801 (D16): nothing outside ExtLibs/WebAPIs/Dronelogbook/ names Dronelogbook; declares FlightApi, IFlightApi"
ExtLibs/WebAPIs/Dronelogbook/src/Dronelogbook/Api/PlaceApi.cs,540,Dronelogbook.Api,ExtLibs/WebAPIs/Dronelogbook/src/Dronelogbook/Dronelogbook.csproj,T1,regenerate,,,M,,,,,dropped,,,,99c4962c7cfd9a9356ad1c3174a4268565dc5e270d3ba483330a458431a1dd44,,"no callers in the C# tree as of efb0801 (D16): nothing outside ExtLibs/WebAPIs/Dronelogbook/ names Dronelogbook; declares IPlaceApi, PlaceApi"
ExtLibs/WebAPIs/Dronelogbook/src/Dronelogbook/Api/ProjectApi.cs,540,Dronelogbook.Api,ExtLibs/WebAPIs/Dronelogbook/src/Dronelogbook/Dronelogbook.csproj,T1,regenerate,,,M,,,,,dropped,,,,ef00333dfdc7bbddc13b13c9eb79c057a6afa85b1ae568b8007134093acfa23a,,"no callers in the C# tree as of efb0801 (D16): nothing outside ExtLibs/WebAPIs/Dronelogbook/ names Dronelogbook; declares IProjectApi, ProjectApi"
ExtLibs/WebAPIs/Dronelogbook/src/Dronelogbook/Api/UserApi.cs,540,Dronelogbook.Api,ExtLibs/WebAPIs/Dronelogbook/src/Dronelogbook/Dronelogbook.csproj,T1,regenerate,,,M,,,,,dropped,,,,9510f32e8d6d4a1fb9f2d59b3ff40dc10abc6de6c43b623389077ac9a6fb522d,,"no callers in the C# tree as of efb0801 (D16): nothing outside ExtLibs/WebAPIs/Dronelogbook/ names Dronelogbook; declares IUserApi, UserApi"
ExtLibs/WebAPIs/Dronelogbook/src/Dronelogbook/Client/ApiClient.cs,494,Dronelogbook.Client,ExtLibs/WebAPIs/Dronelogbook/src/Dronelogbook/Dronelogbook.csproj,T1,regenerate,,,M,,,,,dropped,,,,debed1c9dd0c4de77d06044d0069e6b2145a72d49acd4d73b993888234c878bf,,no callers in the C# tree as of efb0801 (D16): nothing outside ExtLibs/WebAPIs/Dronelogbook/ names Dronelogbook; declares ApiClient
ExtLibs/WebAPIs/Dronelogbook/src/Dronelogbook/Client/ApiException.cs,72,Dronelogbook.Client,ExtLibs/WebAPIs/Dronelogbook/src/Dronelogbook/Dronelogbook.csproj,T1,regenerate,,,S,,,,,dropped,,,,863ec5406fa909eedf6cfd9be54cde3f20d929cd652b21954fee26287af0c33e,,no callers in the C# tree as of efb0801 (D16): nothing outside ExtLibs/WebAPIs/Dronelogbook/ names Dronelogbook; declares ApiException
ExtLibs/WebAPIs/Dronelogbook/src/Dronelogbook/Client/ApiResponse.cs,66,Dronelogbook.Client,ExtLibs/WebAPIs/Dronelogbook/src/Dronelogbook/Dronelogbook.csproj,T1,regenerate,,,S,,,,,dropped,,,,edcfab28cfb0d058a4fd231ec82ffcb1e8abf2f40b2d69f10e51406ae4c2a4b8,,no callers in the C# tree as of efb0801 (D16): nothing outside ExtLibs/WebAPIs/Dronelogbook/ names Dronelogbook; declares ApiResponse
ExtLibs/WebAPIs/Dronelogbook/src/Dronelogbook/Client/Configuration.cs,338,Dronelogbook.Client,ExtLibs/WebAPIs/Dronelogbook/src/Dronelogbook/Dronelogbook.csproj,T1,regenerate,,,M,,,,,dropped,,,,19eb2050f3eea7f3a5af85f5244f55518421c28030bc17da683bb86d234a2736,,no callers in the C# tree as of efb0801 (D16): nothing outside ExtLibs/WebAPIs/Dronelogbook/ names Dronelogbook; declares Configuration
ExtLibs/WebAPIs/Dronelogbook/src/Dronelogbook/Client/ExceptionFactory.cs,36,Dronelogbook.Client,ExtLibs/WebAPIs/Dronelogbook/src/Dronelogbook/Dronelogbook.csproj,T1,regenerate,,,S,,,,,dropped,,,,303f76cc7242293fdc61b1bb3c31e5bd022b6e0d7de2fc379b92b7ef502ff3de,,no callers in the C# tree as of efb0801 (D16): nothing outside ExtLibs/WebAPIs/Dronelogbook/ names Dronelogbook; declares ExceptionFactory
ExtLibs/WebAPIs/Dronelogbook/src/Dronelogbook/Client/IApiAccessor.cs,54,Dronelogbook.Client,ExtLibs/WebAPIs/Dronelogbook/src/Dronelogbook/Dronelogbook.csproj,T1,regenerate,,,S,,,,,dropped,,,,345f6e9f470000820a949b6c5cc5a08533e1e78882c3af7d515d387f450495ad,,no callers in the C# tree as of efb0801 (D16): nothing outside ExtLibs/WebAPIs/Dronelogbook/ names Dronelogbook; declares IApiAccessor
ExtLibs/WebAPIs/Dronelogbook/src/Dronelogbook/Model/Company.cs,381,Dronelogbook.Model,ExtLibs/WebAPIs/Dronelogbook/src/Dronelogbook/Dronelogbook.csproj,T1,regenerate,,,M,,,,,dropped,,,,6e3c24dfa6e325f93f678ca4ca0d1ed1f645d623020b5f7da9e362cb3380c55e,,no callers in the C# tree as of efb0801 (D16): nothing outside ExtLibs/WebAPIs/Dronelogbook/ names Dronelogbook; declares Company
ExtLibs/WebAPIs/Dronelogbook/src/Dronelogbook/Model/Customer.cs,291,Dronelogbook.Model,ExtLibs/WebAPIs/Dronelogbook/src/Dronelogbook/Dronelogbook.csproj,T1,regenerate,,,M,,,,,dropped,,,,e983e23bcd1d404d1e8d7117b98f95cc8772c3f317f6a4575b0e4bab14dd5011,,no callers in the C# tree as of efb0801 (D16): nothing outside ExtLibs/WebAPIs/Dronelogbook/ names Dronelogbook; declares Customer
ExtLibs/WebAPIs/Dronelogbook/src/Dronelogbook/Model/Drone.cs,508,Dronelogbook.Model,ExtLibs/WebAPIs/Dronelogbook/src/Dronelogbook/Dronelogbook.csproj,T1,regenerate,,,M,,,,,dropped,,,,e5ca1b17b396d8ce60c6038f8ead9f0cc0858f9b19771a97aa32f130ae8e4cab,,no callers in the C# tree as of efb0801 (D16): nothing outside ExtLibs/WebAPIs/Dronelogbook/ names Dronelogbook; declares Drone
ExtLibs/WebAPIs/Dronelogbook/src/Dronelogbook/Model/Equipment.cs,441,Dronelogbook.Model,ExtLibs/WebAPIs/Dronelogbook/src/Dronelogbook/Dronelogbook.csproj,T1,regenerate,,,M,,,,,dropped,,,,a99a086afaadb2cbcf8d703c29ed470e75bfad3eca7291a9972c0cfe04801402,,no callers in the C# tree as of efb0801 (D16): nothing outside ExtLibs/WebAPIs/Dronelogbook/ names Dronelogbook; declares Equipment
ExtLibs/WebAPIs/Dronelogbook/src/Dronelogbook/Model/Flight.cs,929,Dronelogbook.Model,ExtLibs/WebAPIs/Dronelogbook/src/Dronelogbook/Dronelogbook.csproj,T1,regenerate,,,L,,,,,dropped,,,,c3423636a469cec1b67e1f2ca3058209be14270b6da8938b6ac02562d44f7ad2,,no callers in the C# tree as of efb0801 (D16): nothing outside ExtLibs/WebAPIs/Dronelogbook/ names Dronelogbook; declares Flight
ExtLibs/WebAPIs/Dronelogbook/src/Dronelogbook/Model/Place.cs,321,Dronelogbook.Model,ExtLibs/WebAPIs/Dronelogbook/src/Dronelogbook/Dronelogbook.csproj,T1,regenerate,,,M,,,,,dropped,,,,d5cd59fd64b0d4c71713faadca650a1e3a5d083c6e506af7306404c9f939e0c6,,no callers in the C# tree as of efb0801 (D16): nothing outside ExtLibs/WebAPIs/Dronelogbook/ names Dronelogbook; declares Place
ExtLibs/WebAPIs/Dronelogbook/src/Dronelogbook/Model/Project.cs,231,Dronelogbook.Model,ExtLibs/WebAPIs/Dronelogbook/src/Dronelogbook/Dronelogbook.csproj,T1,regenerate,,,M,,,,,dropped,,,,a693134517cd50500ee8f285ebb07358379e29155e6d84d62c119f8fb6ee6834,,no callers in the C# tree as of efb0801 (D16): nothing outside ExtLibs/WebAPIs/Dronelogbook/ names Dronelogbook; declares Project
ExtLibs/WebAPIs/Dronelogbook/src/Dronelogbook/Model/User.cs,508,Dronelogbook.Model,ExtLibs/WebAPIs/Dronelogbook/src/Dronelogbook/Dronelogbook.csproj,T1,regenerate,,,M,,,,,dropped,,,,23209f435cd5f368c9ad5ad74739225f58ae249a360ba54ca85fa7dd255d7b1b,,no callers in the C# tree as of efb0801 (D16): nothing outside ExtLibs/WebAPIs/Dronelogbook/ names Dronelogbook; declares User
ExtLibs/WebAPIs/Program.cs,30,MissionPlanner.WebAPIs,ExtLibs/WebAPIs/MissionPlanner.WebAPIs.csproj,T3,hand-port,,,S,,,,,ready,,,,6f6a7669732ab2cba8b4a5b8d48322db632decb45b1847d543ae0ef400e45333,,
ExtLibs/WebCamService/Capture.cs,592,WebCamService,ExtLibs/WebCamService/WebCamService.csproj,T3,hand-port,,,M,,,,,ready,,,,c49763215b13793feb1dc40e876678fe15435da3d1ab14ef87a61c928bd72766,,
ExtLibs/WinUSBNet/API/APIException.cs,38,Nefarius.Drivers.WinUSB.API,ExtLibs/WinUSBNet/Nefarius.Drivers.WinUSB.csproj,T0,delete,,,S,,,,,ready,,,,550921870a99bd7598fc55cfe505e6f4970f62034bbb21788b16e615db630c34,,
ExtLibs/WinUSBNet/API/DeviceDetails.cs,17,Nefarius.Drivers.WinUSB.API,ExtLibs/WinUSBNet/Nefarius.Drivers.WinUSB.csproj,T0,delete,,,S,,,,,ready,,,,f6452ad47c1e85c55d0ef7f4e9c53c99037066fbefc3432103102b1be22aef85,,
ExtLibs/WinUSBNet/API/DeviceManagement.cs,278,Nefarius.Drivers.WinUSB.API,ExtLibs/WinUSBNet/Nefarius.Drivers.WinUSB.csproj,T0,delete,,,M,,,,,ready,,,,d81ad4568d33bc3df251e20db0b22dec11da2f1a6c3723339f772967b987d79e,,
ExtLibs/WinUSBNet/API/DeviceManagementAPI.cs,82,Nefarius.Drivers.WinUSB.API,ExtLibs/WinUSBNet/Nefarius.Drivers.WinUSB.csproj,T0,delete,,,S,,,,,ready,,,,4c61a740e3c233192ffc6a6ba97837fcd268b64bec9676eeefc6fad396298eec,,
ExtLibs/WinUSBNet/API/WinUSBDevice.Native.cs,16,Nefarius.Drivers.WinUSB.API,ExtLibs/WinUSBNet/Nefarius.Drivers.WinUSB.csproj,T0,delete,,,S,,,,,ready,,,,1f4c3c481d92b78a0c4d9b9a4ff0648c94dc1d7060e91062bac35bce2e323de0,,
ExtLibs/WinUSBNet/API/WinUSBDevice.Public.cs,377,Nefarius.Drivers.WinUSB.API,ExtLibs/WinUSBNet/Nefarius.Drivers.WinUSB.csproj,T0,delete,,,M,,,,,ready,,,,32bb320054556ad3eb69b0fcf0f534b035aed5cbaad9509214fab1cd53850642,,
ExtLibs/WinUSBNet/API/WinUSBDevice.cs,277,Nefarius.Drivers.WinUSB.API,ExtLibs/WinUSBNet/Nefarius.Drivers.WinUSB.csproj,T0,delete,,,M,,,,,ready,,,,aca6baeb880234f1e37e6be6f828c9a508897d713fec3c25520a8e09b6ea77fb,,
ExtLibs/WinUSBNet/USB.cs,103,Nefarius.Drivers.WinUSB,ExtLibs/WinUSBNet/Nefarius.Drivers.WinUSB.csproj,T0,delete,,,S,,,,,ready,,,,8a619c07bc393e1cb391e3804a56e7044409ff83c39528578339469c5b40e650,,
ExtLibs/WinUSBNet/USBAsyncResult.cs,131,Nefarius.Drivers.WinUSB,ExtLibs/WinUSBNet/Nefarius.Drivers.WinUSB.csproj,T0,delete,,,S,,,,,ready,,,,69bd5e3c5ac9e35fed179770a4722cc2c6b233877fe96bbb56ba4beef7ff034d,,
ExtLibs/WinUSBNet/USBDevice.Public.Async.cs,423,Nefarius.Drivers.WinUSB,ExtLibs/WinUSBNet/Nefarius.Drivers.WinUSB.csproj,T0,delete,,,M,,,,,ready,,,,4c45e2ca5677ed9dbc0dbbc2211c7aa9c7e6ed07b04953556776bbe52f359a9d,,
ExtLibs/WinUSBNet/USBDevice.Public.cs,1121,Nefarius.Drivers.WinUSB,ExtLibs/WinUSBNet/Nefarius.Drivers.WinUSB.csproj,T0,delete,,,L,,,,,ready,,,,97543168914d880706b8932d330403ad1ac30ce87bb4b613b85d07547100a173,,
ExtLibs/WinUSBNet/USBDevice.cs,189,Nefarius.Drivers.WinUSB,ExtLibs/WinUSBNet/Nefarius.Drivers.WinUSB.csproj,T0,delete,,,S,,,,,ready,,,,5e28580c0dacbbb8b83b1599e780385bb6689063fd8c6958908578e9e057a315,,
ExtLibs/WinUSBNet/USBDeviceDescriptor.cs,124,Nefarius.Drivers.WinUSB,ExtLibs/WinUSBNet/Nefarius.Drivers.WinUSB.csproj,T0,delete,,,S,,,,,ready,,,,ce03ab81feaad09b15669b733696739bddda64862e921b85c4e1fa14d9cd9f32,,
ExtLibs/WinUSBNet/USBDeviceInfo.cs,60,Nefarius.Drivers.WinUSB,ExtLibs/WinUSBNet/Nefarius.Drivers.WinUSB.csproj,T0,delete,,,S,,,,,ready,,,,23d96e8b99070fad20a14fe2a629c41273edb625480e61df4a0270e2b219fa82,,
ExtLibs/WinUSBNet/USBException.cs,39,Nefarius.Drivers.WinUSB,ExtLibs/WinUSBNet/Nefarius.Drivers.WinUSB.csproj,T0,delete,,,S,,,,,ready,,,,9fc9606b0043d553aa73e5a27ce9c43eb7eb7a0b646578f408519cb24341bc36,,
ExtLibs/WinUSBNet/USBInterface.cs,122,Nefarius.Drivers.WinUSB,ExtLibs/WinUSBNet/Nefarius.Drivers.WinUSB.csproj,T0,delete,,,S,,,,,ready,,,,f471e7a61f142e8c547d06e22eca05560547618ddb68b19cbc5fa7332e8ba8c7,,
ExtLibs/WinUSBNet/USBInterfaceCollection.cs,158,Nefarius.Drivers.WinUSB,ExtLibs/WinUSBNet/Nefarius.Drivers.WinUSB.csproj,T0,delete,,,S,,,,,ready,,,,543945e108d0ed215ff7cea1ff6533b01e36e6ba9a0c0c7e1d75a12f22d16205,,
ExtLibs/WinUSBNet/USBPipe.cs,470,Nefarius.Drivers.WinUSB,ExtLibs/WinUSBNet/Nefarius.Drivers.WinUSB.csproj,T0,delete,,,M,,,,,ready,,,,5da6b5c7d3f0ca47abd2585b63476cfa42541c7d4179d501839894f15403b124,,
ExtLibs/WinUSBNet/USBPipeCollection.cs,125,Nefarius.Drivers.WinUSB,ExtLibs/WinUSBNet/Nefarius.Drivers.WinUSB.csproj,T0,delete,,,S,,,,,ready,,,,6b169bef0a40f325432305440c6e09c5616f6dc0c4209e20a0bef69a29ed365d,,
ExtLibs/WinUSBNet/USBPipePolicy.cs,211,Nefarius.Drivers.WinUSB,ExtLibs/WinUSBNet/Nefarius.Drivers.WinUSB.csproj,T0,delete,,,M,,,,,ready,,,,30e834ae267715cd8885ba9d99c0d903e312bed2af9257aa50b7ebf17cf11e3c,,
ExtLibs/WinUSBNet/USBPowerPolicy.cs,61,Nefarius.Drivers.WinUSB,ExtLibs/WinUSBNet/Nefarius.Drivers.WinUSB.csproj,T0,delete,,,S,,,,,ready,,,,1bbdaba7801173f7fe9b1fca2e72064e31a73d21d3160086d2972f5315a76aca,,
ExtLibs/WinUSBNet/Util/SafeHandleExtensions.cs,12,Nefarius.Drivers.WinUSB.Util,ExtLibs/WinUSBNet/Nefarius.Drivers.WinUSB.csproj,T0,delete,,,S,,,,,ready,,,,c7299e3365de5674703f7befe27e4d37c91328b5220a9e0bed71be3576ac1f27,,
ExtLibs/Xamarin.Forms.Platform.WinForms/Controls/ILogicalChildrenContainer.cs,14,Xamarin.Forms.Platform.WinForms,ExtLibs/Xamarin.Forms.Platform.WinForms/Xamarin.Forms.Platform.WinForms.csproj,T0,delete,,,S,,,,,ready,,,,b8d07e138e60dedce3e5b081b86c4a9cc8d2b0ce3bee58401607f6e3692207a6,,
ExtLibs/Xamarin.Forms.Platform.WinForms/Controls/WFormsCarouselPage.cs,177,Xamarin.Forms.Platform.WinForms,ExtLibs/Xamarin.Forms.Platform.WinForms/Xamarin.Forms.Platform.WinForms.csproj,T0,delete,,,S,,,,,ready,,,,8893d53e0a5d73b7153e045da5a9eeb274fc00e3f080688047607b8f7a20896b,,
ExtLibs/Xamarin.Forms.Platform.WinForms/Controls/WFormsSearchBar.cs,197,Xamarin.Forms.Platform.WinForms,ExtLibs/Xamarin.Forms.Platform.WinForms/Xamarin.Forms.Platform.WinForms.csproj,T0,delete,,,S,,,,,ready,,,,2e19f75d04d0a3c4c9f057c572e41057c708f80000c5c4020a13846eb7c87273,,
ExtLibs/Xamarin.Forms.Platform.WinForms/ConvertExtensions.cs,60,Xamarin.Forms.Platform.WinForms,ExtLibs/Xamarin.Forms.Platform.WinForms/Xamarin.Forms.Platform.WinForms.csproj,T0,delete,,,S,,,,,ready,,,,d704c61052e8211ec0449589d3037993c313c09e227da95557221c2b695bd0d8,,
ExtLibs/Xamarin.Forms.Platform.WinForms/DrawingViewRenderer.cs,107,Xamarin.Forms.Platform.WinForms,ExtLibs/Xamarin.Forms.Platform.WinForms/Xamarin.Forms.Platform.WinForms.csproj,T0,delete,,,S,,,,,ready,,,,de3edd64fcf82e2e7c16671f0a160e31f44aef728d2fb04418005e5be8f08dc7,,
ExtLibs/Xamarin.Forms.Platform.WinForms/ExportRendererAttribute.cs,27,Xamarin.Forms.Platform.WinForms,ExtLibs/Xamarin.Forms.Platform.WinForms/Xamarin.Forms.Platform.WinForms.csproj,T0,delete,,,S,,,,,ready,,,,b448d9d1d47e582a21e3135eb1c2e37a207c41ca915ccd15940fed31e529557b,,
ExtLibs/Xamarin.Forms.Platform.WinForms/Extensions.cs,34,Xamarin.Forms.Platform.WinForms,ExtLibs/Xamarin.Forms.Platform.WinForms/Xamarin.Forms.Platform.WinForms.csproj,T0,delete,,,S,,,,,ready,,,,5fcb693593198f40aec710115bc3fa763c433618ef795558308fd37340bebf80,,
ExtLibs/Xamarin.Forms.Platform.WinForms/Forms.cs,42,Xamarin.Forms.Platform.WinForms,ExtLibs/Xamarin.Forms.Platform.WinForms/Xamarin.Forms.Platform.WinForms.csproj,T0,delete,,,S,,,,,ready,,,,b1c46b2e1e9bb6f0e972ba65395f1f5040c1be2e7177554a8bf2cad0a93c3cf9,,
ExtLibs/Xamarin.Forms.Platform.WinForms/IVisualElementRenderer.cs,21,Xamarin.Forms.Platform.WinForms,ExtLibs/Xamarin.Forms.Platform.WinForms/Xamarin.Forms.Platform.WinForms.csproj,T0,delete,,,S,,,,,ready,,,,5f7d9b7106ee258e52ce197d9263c068f8d16e549ae8afd46ba2f05ae605c8f6,,
ExtLibs/Xamarin.Forms.Platform.WinForms/Platform.cs,386,Xamarin.Forms.Platform.WinForms,ExtLibs/Xamarin.Forms.Platform.WinForms/Xamarin.Forms.Platform.WinForms.csproj,T0,delete,,,M,,,,,ready,,,,f5c4683ebd36c73e17d78c04af1a562d700aff8f4d1f1b9b8a3787609878c141,,
ExtLibs/Xamarin.Forms.Platform.WinForms/PlatformRenderer.cs,47,Xamarin.Forms.Platform.WinForms,ExtLibs/Xamarin.Forms.Platform.WinForms/Xamarin.Forms.Platform.WinForms.csproj,T0,delete,,,S,,,,,ready,,,,ce37d66bc8ab030df26ab777ec0aae1cce40712598d9d21fcbd668972ca0e1a1,,
ExtLibs/Xamarin.Forms.Platform.WinForms/Properties/AssemblyInfo.cs,16,,ExtLibs/Xamarin.Forms.Platform.WinForms/Xamarin.Forms.Platform.WinForms.csproj,T0,delete,,,S,,,,,ready,,,,1fa0a2f268e3412eeb342d6ba72016f5427bcf6fc2b921d7fc27aac96ed9a67b,,
ExtLibs/Xamarin.Forms.Platform.WinForms/Renderers/ActivityIndicatorRenderer.cs,56,Xamarin.Forms.Platform.WinForms,ExtLibs/Xamarin.Forms.Platform.WinForms/Xamarin.Forms.Platform.WinForms.csproj,T0,delete,,,S,,,,,ready,,,,4dff315b011f505bb7834e75b0164364abbab23e2e1c4431b2824a43f4b1105a,,
ExtLibs/Xamarin.Forms.Platform.WinForms/Renderers/BoxViewRenderer.cs,73,Xamarin.Forms.Platform.WinForms,ExtLibs/Xamarin.Forms.Platform.WinForms/Xamarin.Forms.Platform.WinForms.csproj,T0,delete,,,S,,,,,ready,,,,c9260ed4ca2e8b05054ca5e57fb46193c57e28b462ecc59747aef2a4a538b607,,
ExtLibs/Xamarin.Forms.Platform.WinForms/Renderers/ButtonRenderer.cs,99,Xamarin.Forms.Platform.WinForms,ExtLibs/Xamarin.Forms.Platform.WinForms/Xamarin.Forms.Platform.WinForms.csproj,T0,delete,,,S,,,,,ready,,,,dd88ce839e8e155642ec4ff340a3f76a6842ca74216a2084a850838da170f3f3,,
ExtLibs/Xamarin.Forms.Platform.WinForms/Renderers/CarouselInternalPageRenderer.cs,43,Xamarin.Forms.Platform.WinForms,ExtLibs/Xamarin.Forms.Platform.WinForms/Xamarin.Forms.Platform.WinForms.csproj,T0,delete,,,S,,,,,ready,,,,3f1f1728bfd40da8ae79271083fbb061bcafb4755c0e9308f33ccd886c0a853e,,
ExtLibs/Xamarin.Forms.Platform.WinForms/Renderers/CarouselPageRenderer.cs,35,Xamarin.Forms.Platform.WinForms,ExtLibs/Xamarin.Forms.Platform.WinForms/Xamarin.Forms.Platform.WinForms.csproj,T0,delete,,,S,,,,,ready,,,,b89555f29e70c2a07b461d119b5fab2a0f6e9e09b3ac251888aa29dbe166df59,,
ExtLibs/Xamarin.Forms.Platform.WinForms/Renderers/DatePickerRenderer.cs,121,Xamarin.Forms.Platform.WinForms,ExtLibs/Xamarin.Forms.Platform.WinForms/Xamarin.Forms.Platform.WinForms.csproj,T0,delete,,,S,,,,,ready,,,,0b889429de61b2ee92f7e5bc6d03ad1a2e0d9dbc02d66913f0ba59ee2f463e5f,,
ExtLibs/Xamarin.Forms.Platform.WinForms/Renderers/DefaultRenderer.cs,7,Xamarin.Forms.Platform.WinForms,ExtLibs/Xamarin.Forms.Platform.WinForms/Xamarin.Forms.Platform.WinForms.csproj,T0,delete,,,S,,,,,ready,,,,0639862691dc3eb7f2178ac529970bd4e1d11f35fe71f1bd9c88acdb16048850,,
ExtLibs/Xamarin.Forms.Platform.WinForms/Renderers/EditorRenderer.cs,101,Xamarin.Forms.Platform.WinForms,ExtLibs/Xamarin.Forms.Platform.WinForms/Xamarin.Forms.Platform.WinForms.csproj,T0,delete,,,S,,,,,ready,,,,0061fe5724a28572e74d62a40bba4f1e8c6e1f23d654a2ee3709df398f97479c,,
ExtLibs/Xamarin.Forms.Platform.WinForms/Renderers/EntryRenderer.cs,101,Xamarin.Forms.Platform.WinForms,ExtLibs/Xamarin.Forms.Platform.WinForms/Xamarin.Forms.Platform.WinForms.csproj,T0,delete,,,S,,,,,ready,,,,35f229514b0e8510e63504202c7f1f771a328bc3e5682586909582dc8ea57d25,,
ExtLibs/Xamarin.Forms.Platform.WinForms/Renderers/FrameRenderer.cs,136,Xamarin.Forms.Platform.WinForms,ExtLibs/Xamarin.Forms.Platform.WinForms/Xamarin.Forms.Platform.WinForms.csproj,T0,delete,,,S,,,,,ready,,,,972922478b1a8d6c24b2ddb55882cf8adf28ec9902838b8733c26b3b21007bd6,,
ExtLibs/Xamarin.Forms.Platform.WinForms/Renderers/ImageButtonRenderer.cs,261,Xamarin.Forms.Platform.WinForms,ExtLibs/Xamarin.Forms.Platform.WinForms/Xamarin.Forms.Platform.WinForms.csproj,T0,delete,,,M,,,,,ready,,,,0a7e157781c01e93553371cf0bda342532dba972b76ddc57706fe14c6d3c0287,,
ExtLibs/Xamarin.Forms.Platform.WinForms/Renderers/ImageRenderer.cs,223,Xamarin.Forms.Platform.WinForms,ExtLibs/Xamarin.Forms.Platform.WinForms/Xamarin.Forms.Platform.WinForms.csproj,T0,delete,,,M,,,,,ready,,,,d2ee9cdc2982b5c2f814266752a8236b233f2287e28eb76d87baa20610fedbb0,,
ExtLibs/Xamarin.Forms.Platform.WinForms/Renderers/LabelRenderer.cs,90,Xamarin.Forms.Platform.WinForms,ExtLibs/Xamarin.Forms.Platform.WinForms/Xamarin.Forms.Platform.WinForms.csproj,T0,delete,,,S,,,,,ready,,,,359bc0e9b9fb534c18b8564c0794ec978fc6308e2eb826e1ab42afd7eac07088,,
ExtLibs/Xamarin.Forms.Platform.WinForms/Renderers/LayoutRenderer.cs,24,Xamarin.Forms.Platform.WinForms,ExtLibs/Xamarin.Forms.Platform.WinForms/Xamarin.Forms.Platform.WinForms.csproj,T0,delete,,,S,,,,,ready,,,,63aa8728f3490d814f2873543f23a63183ac02948d0c14ee1bb1b49f5a99e64a,,
ExtLibs/Xamarin.Forms.Platform.WinForms/Renderers/MultiPageRenderer.cs,43,Xamarin.Forms.Platform.WinForms,ExtLibs/Xamarin.Forms.Platform.WinForms/Xamarin.Forms.Platform.WinForms.csproj,T0,delete,,,S,,,,,ready,,,,1f8196044f5af4a2c3a90fb7d158f3add8d810bd1d858b81c70ff5eb3fdc89db,,
ExtLibs/Xamarin.Forms.Platform.WinForms/Renderers/OpenGLViewRenderer.cs,144,Xamarin.Forms.Platform.WinForms,ExtLibs/Xamarin.Forms.Platform.WinForms/Xamarin.Forms.Platform.WinForms.csproj,T0,delete,,,S,,,,,ready,,,,11cb066d11fcb4ef364dbebb7ab4c4732f75f23ed4321ecf18b235437aee307f,,
ExtLibs/Xamarin.Forms.Platform.WinForms/Renderers/PageRenderer.cs,36,Xamarin.Forms.Platform.WinForms,ExtLibs/Xamarin.Forms.Platform.WinForms/Xamarin.Forms.Platform.WinForms.csproj,T0,delete,,,S,,,,,ready,,,,7587ee59ac51187e00951afa6e03fa22a9cbfcf6153661b4f46673d5bf09faeb,,
ExtLibs/Xamarin.Forms.Platform.WinForms/Renderers/PickerRenderer.cs,112,Xamarin.Forms.Platform.WinForms,ExtLibs/Xamarin.Forms.Platform.WinForms/Xamarin.Forms.Platform.WinForms.csproj,T0,delete,,,S,,,,,ready,,,,2ef8affa5dc95512adb4dd0653430391d1ab43f2d05f54261a848cb5b79d9af5,,
ExtLibs/Xamarin.Forms.Platform.WinForms/Renderers/ProgressBarRenderer.cs,37,Xamarin.Forms.Platform.WinForms,ExtLibs/Xamarin.Forms.Platform.WinForms/Xamarin.Forms.Platform.WinForms.csproj,T0,delete,,,S,,,,,ready,,,,da211cb5b4ef01bf15600f4a4f26053de3d57d440c40e56c04242a52a65e9917,,
ExtLibs/Xamarin.Forms.Platform.WinForms/Renderers/ScrollViewRenderer.cs,210,Xamarin.Forms.Platform.WinForms,ExtLibs/Xamarin.Forms.Platform.WinForms/Xamarin.Forms.Platform.WinForms.csproj,T0,delete,,,M,,,,,ready,,,,6e9873c62afbf2a1d3bf596ecf0e6aa856650ec04b2bc957f389e22f218d24e4,,
ExtLibs/Xamarin.Forms.Platform.WinForms/Renderers/SearchBarRenderer.cs,132,Xamarin.Forms.Platform.WinForms,ExtLibs/Xamarin.Forms.Platform.WinForms/Xamarin.Forms.Platform.WinForms.csproj,T0,delete,,,S,,,,,ready,,,,be7c50361a359f65dbf8422d3098029add487ccd0125a32b89465442f1d38e0b,,
ExtLibs/Xamarin.Forms.Platform.WinForms/Renderers/SliderRenderer.cs,87,Xamarin.Forms.Platform.WinForms,ExtLibs/Xamarin.Forms.Platform.WinForms/Xamarin.Forms.Platform.WinForms.csproj,T0,delete,,,S,,,,,ready,,,,4ecb0690a44bc83402c3fbd6dc50b3aba136d5b94c6beeb81e323c490ac098a7,,
ExtLibs/Xamarin.Forms.Platform.WinForms/Renderers/StepperRenderer.cs,88,Xamarin.Forms.Platform.WinForms,ExtLibs/Xamarin.Forms.Platform.WinForms/Xamarin.Forms.Platform.WinForms.csproj,T0,delete,,,S,,,,,ready,,,,32c33440e3de99ea6ba9e19951482a3e787c4328a90f12d9b7db0deeb0f880c0,,
ExtLibs/Xamarin.Forms.Platform.WinForms/Renderers/SwitchRenderer.cs,71,Xamarin.Forms.Platform.WinForms,ExtLibs/Xamarin.Forms.Platform.WinForms/Xamarin.Forms.Platform.WinForms.csproj,T0,delete,,,S,,,,,ready,,,,30be43a97a1448f860acd8b34a22c852e1249379332209f381de4b3eebb1f1e7,,
ExtLibs/Xamarin.Forms.Platform.WinForms/Renderers/TabbedInternalPageRenderer.cs,74,Xamarin.Forms.Platform.WinForms,ExtLibs/Xamarin.Forms.Platform.WinForms/Xamarin.Forms.Platform.WinForms.csproj,T0,delete,,,S,,,,,ready,,,,4369780a147eded4b068a7019bfcf447be3a6a2a648c7002f463c619a4ea0746,,
ExtLibs/Xamarin.Forms.Platform.WinForms/Renderers/TabbedPageRenderer.cs,101,Xamarin.Forms.Platform.WinForms,ExtLibs/Xamarin.Forms.Platform.WinForms/Xamarin.Forms.Platform.WinForms.csproj,T0,delete,,,S,,,,,ready,,,,5968fae4108be69f0c3cfbe4919a031ebb4f7d4f1cf7fe9c41eb98ca5c7eff72,,
ExtLibs/Xamarin.Forms.Platform.WinForms/Renderers/WebViewRenderer.cs,212,Xamarin.Forms.Platform.WinForms,ExtLibs/Xamarin.Forms.Platform.WinForms/Xamarin.Forms.Platform.WinForms.csproj,T0,delete,,,M,,,,,ready,,,,31e6669c44566e72d25187a9676467a2a1d082451fe168dbb4af0a328c1b62f3,,
ExtLibs/Xamarin.Forms.Platform.WinForms/ViewRenderer.cs,20,Xamarin.Forms.Platform.WinForms,ExtLibs/Xamarin.Forms.Platform.WinForms/Xamarin.Forms.Platform.WinForms.csproj,T0,delete,,,S,,,,,ready,,,,065ce12a579189bca569a3264cc760ddc3fa7a816e8b46a004d695cbba375272,,
ExtLibs/Xamarin.Forms.Platform.WinForms/VisualElementChangedEventArgs.cs,37,Xamarin.Forms.Platform.WinForms,ExtLibs/Xamarin.Forms.Platform.WinForms/Xamarin.Forms.Platform.WinForms.csproj,T0,delete,,,S,,,,,ready,,,,a27ba776f8393bcc77e87b4b89d84b403a04b5709f27e0700ad195b170c7e5e7,,
ExtLibs/Xamarin.Forms.Platform.WinForms/VisualElementExtensions.cs,50,Xamarin.Forms.Platform.WinForms,ExtLibs/Xamarin.Forms.Platform.WinForms/Xamarin.Forms.Platform.WinForms.csproj,T0,delete,,,S,,,,,ready,,,,a5a8478c037d6b5e4c0b710f218c757367ab75440fb55f3155f933d2d8bccfc0,,
ExtLibs/Xamarin.Forms.Platform.WinForms/VisualElementPackager.cs,153,Xamarin.Forms.Platform.WinForms,ExtLibs/Xamarin.Forms.Platform.WinForms/Xamarin.Forms.Platform.WinForms.csproj,T0,delete,,,S,,,,,ready,,,,06e4fac0730fac690cc41d8dd1e6fc2aa2d8b9e2dd7282ace38b142ca482b47a,,
ExtLibs/Xamarin.Forms.Platform.WinForms/VisualElementRenderer.cs,358,Xamarin.Forms.Platform.WinForms,ExtLibs/Xamarin.Forms.Platform.WinForms/Xamarin.Forms.Platform.WinForms.csproj,T0,delete,,,M,,,,,ready,,,,70d6a5774c3984d8ede8b4072d3bdadd166c06d756cd857712235c7cae3f2135,,
ExtLibs/Xamarin.Forms.Platform.WinForms/VisualElementRendererCollection.cs,124,Xamarin.Forms.Platform.WinForms,ExtLibs/Xamarin.Forms.Platform.WinForms/Xamarin.Forms.Platform.WinForms.csproj,T0,delete,,,S,,,,,ready,,,,4588f64ff93b0784164a78d311035a97df7efceedd3aab272cf13043dd5112bd,,
ExtLibs/Xamarin.Forms.Platform.WinForms/VisualElementTracker.cs,257,Xamarin.Forms.Platform.WinForms,ExtLibs/Xamarin.Forms.Platform.WinForms/Xamarin.Forms.Platform.WinForms.csproj,T0,delete,,,M,,,,,ready,,,,1f60b75d5bf5f9f23df8e15928c652b2299c3b05d57f46028853e295556832b9,,
ExtLibs/Xamarin.Forms.Platform.WinForms/WinFormsDeviceInfo.cs,31,Xamarin.Forms.Platform.WinForms,ExtLibs/Xamarin.Forms.Platform.WinForms/Xamarin.Forms.Platform.WinForms.csproj,T0,delete,,,S,,,,,ready,,,,69f79c3b66c4766b128f979ec2a99a52096d17d1d9984b212bbabfcab2400524,,
ExtLibs/Xamarin.Forms.Platform.WinForms/WinFormsExpressionSearch.cs,38,Xamarin.Forms.Platform.WinForms,ExtLibs/Xamarin.Forms.Platform.WinForms/Xamarin.Forms.Platform.WinForms.csproj,T0,delete,,,S,,,,,ready,,,,27ef29720539997e2a73853afe8289be471ac8c0d8fa754014e4ff52e83bae6a,,
ExtLibs/Xamarin.Forms.Platform.WinForms/WinFormsIsolatedStorage.cs,49,Xamarin.Forms.Platform.WinForms,ExtLibs/Xamarin.Forms.Platform.WinForms/Xamarin.Forms.Platform.WinForms.csproj,T0,delete,,,S,,,,,ready,,,,59ad29ff35e6175a2037a7441dfe9e68de85890d81d67408033415bfd58c1f55,,
ExtLibs/Xamarin.Forms.Platform.WinForms/WinFormsPlatformServices.cs,156,Xamarin.Forms.Platform.WinForms,ExtLibs/Xamarin.Forms.Platform.WinForms/Xamarin.Forms.Platform.WinForms.csproj,T0,delete,,,S,,,,,ready,,,,90429385fc590fd3e1f4e1a73cd7c46650b09013e4b9234d854234c59713cf4b,,
ExtLibs/Xamarin.Forms.Platform.WinForms/WinFormsSystemResourcesProvider.cs,21,Xamarin.Forms.Platform.WinForms,ExtLibs/Xamarin.Forms.Platform.WinForms/Xamarin.Forms.Platform.WinForms.csproj,T0,delete,,,S,,,,,ready,,,,beecb46e7fdb1c842a029a0fea73a95d5de9d5ef32cc927705b40497be345014,,
ExtLibs/Xamarin.Forms.Platform.WinForms/WinFormsTicker.cs,31,Xamarin.Forms.Platform.WinForms,ExtLibs/Xamarin.Forms.Platform.WinForms/Xamarin.Forms.Platform.WinForms.csproj,T0,delete,,,S,,,,,ready,,,,36aa8c769233308f0b8522aea045483c6d191d03d5da5d16b4e33c305ba15dfd,,
ExtLibs/Xamarin/GDAL/Extensions.cs,1187,GDAL,ExtLibs/Xamarin/GDAL/GDALMPAndroid.csproj,T4,drop-pending-owner,,,L,,,,,ready,,,,9a0d928bed2758556dfe9463063d57fe0b3f74b18f42047b167994268968ed75,,
ExtLibs/Xamarin/GDAL/GDAL.cs,418,GDAL,ExtLibs/Xamarin/GDAL/GDALMPAndroid.csproj,T4,drop-pending-owner,,,M,,,,,ready,,,,3e61d25143c44a54798261cd00114ecde8e07e725d36c3fd08bf752bef6446dd,,
ExtLibs/Xamarin/GDAL/GDALProvider.cs,100,GDAL,ExtLibs/Xamarin/GDAL/GDALMPAndroid.csproj,T4,drop-pending-owner,,,S,,,,,ready,,,,01c8126e7ca7fb01b29b5ddd4936f5b53534b4bf1707b26568e55aa35c66de63,,
ExtLibs/Xamarin/GDAL/Properties/AssemblyInfo.cs,26,,ExtLibs/Xamarin/GDAL/GDALMPAndroid.csproj,T4,drop-pending-owner,,,S,,,,,ready,,,,6a02519df2abbaa99522d20847bffd6ee9a98d2d730292155b98cb31a60b66fe,,
ExtLibs/Xamarin/GDAL/Resources/Resource.designer.cs,5420,GDAL,ExtLibs/Xamarin/GDAL/GDALMPAndroid.csproj,T1,regenerate,,,XL,,,,,dropped,,,,37d0ad6ed413ec4f24de8e9e6aec3a6d79e91e74e47108f7a62287476b536628,,"no callers in the C# tree as of efb0801 (D16): compiled by no project (MissionPlannerLib.csproj has Compile Remove=""ExtLibs\Xamarin\**""); declares Resource"
ExtLibs/Xamarin/GDAL/point.cs,44,GDAL,ExtLibs/Xamarin/GDAL/GDALMPAndroid.csproj,T4,drop-pending-owner,,,S,,,,,ready,,,,bde925b81f1159d5420e268625510af153767f14bc2502378ed76c529662c113,,
ExtLibs/Xamarin/GDALForAndroid/Properties/AssemblyInfo.cs,26,,ExtLibs/Xamarin/GDALForAndroid/GDALForAndroid.csproj,T4,drop-pending-owner,,,S,,,,,ready,,,,2b33e0070d7e81ebdd2ae90c4043a5b483a4a0cf00d3599fcda77eef67018b70,,
ExtLibs/Xamarin/SkiaSharpTest/SkiaSharpTest/SkiaSharpTest.Droid/Main.cs,43,SkiaSharpTest.Droid,ExtLibs/Xamarin/SkiaSharpTest/SkiaSharpTest/SkiaSharpTest.Droid/SkiaSharpTest.Droid.csproj,T4,drop-pending-owner,,,S,,,,,dropped,,,,7d6158a63f9bd14c794e47e258bdc26a2afeb34573378da6ce76111132cacf0a,,no callers in the C# tree as of efb0801 (D16): its project ExtLibs/Xamarin/SkiaSharpTest/SkiaSharpTest/SkiaSharpTest.Droid/SkiaSharpTest.Droid.csproj is in no build (neither MissionPlanner.sln nor MissionPlannerLib.sln reaches it); declares Application
ExtLibs/Xamarin/SkiaSharpTest/SkiaSharpTest/SkiaSharpTest.Droid/MainActivity.cs,18,SkiaSharpTest.Droid,ExtLibs/Xamarin/SkiaSharpTest/SkiaSharpTest/SkiaSharpTest.Droid/SkiaSharpTest.Droid.csproj,T4,drop-pending-owner,,,S,,,,,dropped,,,,054870c8b063dc5a14b8aeefbd298d45f61bc7781477616e02033c47cf76fd43,,no callers in the C# tree as of efb0801 (D16): its project ExtLibs/Xamarin/SkiaSharpTest/SkiaSharpTest/SkiaSharpTest.Droid/SkiaSharpTest.Droid.csproj is in no build (neither MissionPlanner.sln nor MissionPlannerLib.sln reaches it); declares MainActivity
ExtLibs/Xamarin/SkiaSharpTest/SkiaSharpTest/SkiaSharpTest.Droid/Properties/AssemblyInfo.cs,30,,ExtLibs/Xamarin/SkiaSharpTest/SkiaSharpTest/SkiaSharpTest.Droid/SkiaSharpTest.Droid.csproj,T4,drop-pending-owner,,,S,,,,,dropped,,,,66ba148bb9ac8809326d3a4ca671f8276fce89f051d3e784912004b323dc6673,,no callers in the C# tree as of efb0801 (D16): its project ExtLibs/Xamarin/SkiaSharpTest/SkiaSharpTest/SkiaSharpTest.Droid/SkiaSharpTest.Droid.csproj is in no build (neither MissionPlanner.sln nor MissionPlannerLib.sln reaches it); declares nothing
ExtLibs/Xamarin/SkiaSharpTest/SkiaSharpTest/SkiaSharpTest.Shared/App.xaml.cs,107,SkiaSharpTest,MissionPlanner.csproj,T4,drop-pending-owner,,,S,,,,,dropped,,,,173b3af912564c0807e42d85e243b28af58454900260a0d9452c21d86a395a08,,no callers in the C# tree as of efb0801 (D16): its project ExtLibs/Xamarin/SkiaSharpTest/SkiaSharpTest/SkiaSharpTest.Shared/SkiaSharpTest.Shared.projitems is in no build (neither MissionPlanner.sln nor MissionPlannerLib.sln reaches it); declares App
ExtLibs/Xamarin/SkiaSharpTest/SkiaSharpTest/SkiaSharpTest.Shared/MainPage.xaml.cs,481,SkiaSharpTest,MissionPlanner.csproj,T4,drop-pending-owner,,,M,,,,,dropped,,,,719ae826ceb33503f817beb117eace9a2d01c9c3204241673e984db3f84d4b49,,"no callers in the C# tree as of efb0801 (D16): its project ExtLibs/Xamarin/SkiaSharpTest/SkiaSharpTest/SkiaSharpTest.Shared/SkiaSharpTest.Shared.projitems is in no build (neither MissionPlanner.sln nor MissionPlannerLib.sln reaches it); declares AsyncFilter, MainPage"
ExtLibs/Xamarin/SkiaSharpTest/SkiaSharpTest/SkiaSharpTest.UWP/Properties/AssemblyInfo.cs,28,,ExtLibs/Xamarin/SkiaSharpTest/SkiaSharpTest/SkiaSharpTest.UWP/SkiaSharpTest.UWP.csproj,T4,drop-pending-owner,,,S,,,,,dropped,,,,2179e94f81314f52ecec4f9e78ac18a9ff9437c3845f33e112acea1f20932f6d,,no callers in the C# tree as of efb0801 (D16): its project ExtLibs/Xamarin/SkiaSharpTest/SkiaSharpTest/SkiaSharpTest.UWP/SkiaSharpTest.UWP.csproj is in no build (neither MissionPlanner.sln nor MissionPlannerLib.sln reaches it); declares nothing
ExtLibs/Xamarin/SkiaSharpTest/SkiaSharpTest/SkiaSharpTest.Wasm/Program.cs,92,SkiaSharpTest.Wasm,ExtLibs/Xamarin/SkiaSharpTest/SkiaSharpTest/SkiaSharpTest.Wasm/SkiaSharpTest.Wasm.csproj,T4,drop-pending-owner,,,S,,,,,dropped,,,,aa1a476989e8bf35e48a12c5e00a15a7f049f559eb1174b157e1a9dab13ad846,,no callers in the C# tree as of efb0801 (D16): its project ExtLibs/Xamarin/SkiaSharpTest/SkiaSharpTest/SkiaSharpTest.Wasm/SkiaSharpTest.Wasm.csproj is in no build (neither MissionPlanner.sln nor MissionPlannerLib.sln reaches it); declares Program
ExtLibs/Xamarin/SkiaSharpTest/SkiaSharpTest/SkiaSharpTest.iOS/Main.cs,14,SkiaSharpTest.iOS,ExtLibs/Xamarin/SkiaSharpTest/SkiaSharpTest/SkiaSharpTest.iOS/SkiaSharpTest.iOS.csproj,T4,drop-pending-owner,,,S,,,,,dropped,,,,52f786cfa7ec16ed0b145a5b0de5851c9cb14d72cf8b4d6bea71dcb02e8b8341,,no callers in the C# tree as of efb0801 (D16): its project ExtLibs/Xamarin/SkiaSharpTest/SkiaSharpTest/SkiaSharpTest.iOS/SkiaSharpTest.iOS.csproj is in no build (neither MissionPlanner.sln nor MissionPlannerLib.sln reaches it); declares Application
ExtLibs/Xamarin/SkiaSharpTest/SkiaSharpTest/SkiaSharpTest.iOS/Properties/AssemblyInfo.cs,36,,ExtLibs/Xamarin/SkiaSharpTest/SkiaSharpTest/SkiaSharpTest.iOS/SkiaSharpTest.iOS.csproj,T4,drop-pending-owner,,,S,,,,,dropped,,,,c297536ce298973dace4f939a11b6b5512fa9631ddb5e6cf0e61113b066da532,,no callers in the C# tree as of efb0801 (D16): its project ExtLibs/Xamarin/SkiaSharpTest/SkiaSharpTest/SkiaSharpTest.iOS/SkiaSharpTest.iOS.csproj is in no build (neither MissionPlanner.sln nor MissionPlannerLib.sln reaches it); declares nothing
ExtLibs/Xamarin/SkiaTest/Program.cs,721,SkiaTest,ExtLibs/Xamarin/SkiaTest/SkiaTest.csproj,T4,drop-pending-owner,,,L,,,,,ready,,,,0c3dda9c69e0f3b1b053c2c4e78890e34d662e5cb7c454ad1781af90eed33668,,
ExtLibs/Xamarin/Xamarin.Android/AbstractUnixEndPoint.cs,123,Mono.Unix,ExtLibs/Xamarin/Xamarin.Android/Xamarin.Android.csproj,T4,drop-pending-owner,,,S,,,,,ready,,,,4e1c83505046af2be3f98c140fea2d00b45d7aa37ec82fb604aa83bbe217910d,,
ExtLibs/Xamarin/Xamarin.Android/AndroidSerial.cs,251,MissionPlanner.Comms,ExtLibs/Xamarin/Xamarin.Android/Xamarin.Android.csproj,T4,drop-pending-owner,,,M,,,,,ready,,,,5868026e22c9d22de1787631b99605b33cf9a465f40df40bd1fe75134463b5d0,,
ExtLibs/Xamarin/Xamarin.Android/AndroidVideo.cs,352,Xamarin.Droid,ExtLibs/Xamarin/Xamarin.Android/Xamarin.Android.csproj,T4,drop-pending-owner,,,M,,,,,ready,,,,f696120e12920102f2fde3d2ae91b6b714323f7ba7e03eeb43a23a7fe447f805,,
ExtLibs/Xamarin/Xamarin.Android/BTDevice.cs,619,Xamarin.Droid,ExtLibs/Xamarin/Xamarin.Android/Xamarin.Android.csproj,T4,drop-pending-owner,,,L,,,,,ready,,,,92ff920f3a8746ee4e71722728f382109bf5f003d253270b8d01e82beccd2cd5,,
ExtLibs/Xamarin/Xamarin.Android/BluetoothDiscoveryModeArgs.cs,12,MissionPlanner.Comms,ExtLibs/Xamarin/Xamarin.Android/Xamarin.Android.csproj,T4,drop-pending-owner,,,S,,,,,ready,,,,78f67292a6c5fc238df597d3ad0b1bb27a67fdcf2e54c210b7d215d20c181862,,
ExtLibs/Xamarin/Xamarin.Android/DeviceDiscoveredReceiver.cs,34,MissionPlanner.Comms,ExtLibs/Xamarin/Xamarin.Android/Xamarin.Android.csproj,T4,drop-pending-owner,,,S,,,,,ready,,,,32e0be361d945c4f5117794e7f2d07e75b94b1bdd4e06ab452e15d7aaa6c3117,,
ExtLibs/Xamarin/Xamarin.Android/DiscoverableModeReceiver.cs,27,MissionPlanner.Comms,ExtLibs/Xamarin/Xamarin.Android/Xamarin.Android.csproj,T4,drop-pending-owner,,,S,,,,,ready,,,,3e50c699677b53042550f261e53ed1162aaac3838e2e44a95795bae91bb9c763,,
ExtLibs/Xamarin/Xamarin.Android/FormsVideoLibrary/VideoPicker.cs,34,FormsVideoLibrary.Droid,ExtLibs/Xamarin/Xamarin.Android/Xamarin.Android.csproj,T4,drop-pending-owner,,,S,,,,,ready,,,,d245fb9708c05fce9bbcfa713c638a13f5a69c21b0c6997ae080edd7f9f90d05,,
ExtLibs/Xamarin/Xamarin.Android/FormsVideoLibrary/VideoPlayerRenderer.cs,521,FormsVideoLibrary.Droid,ExtLibs/Xamarin/Xamarin.Android/Xamarin.Android.csproj,T4,drop-pending-owner,,,M,,,,,ready,,,,1e4b0431eb956a9818dfdb6cb7585bfd3709b06fd400454c1ca6ef25ca9f7e96,,
ExtLibs/Xamarin/Xamarin.Android/MainActivity.cs,750,Xamarin.Droid,ExtLibs/Xamarin/Xamarin.Android/Xamarin.Android.csproj,T4,drop-pending-owner,,,L,,,,,ready,,,,0bda3c247cb6f5f5b4fbd62cba3583ef62060464ab6052e884e9b2bf4b18134c,,
ExtLibs/Xamarin/Xamarin.Android/Properties/AssemblyInfo.cs,33,,ExtLibs/Xamarin/Xamarin.Android/Xamarin.Android.csproj,T4,drop-pending-owner,,,S,,,,,ready,,,,fc62b1cf28fe1c87384cb7ee2be511f944329797340e66ae2ed3b170cec738e7,,
ExtLibs/Xamarin/Xamarin.Android/Radio.cs,43,Xamarin.Droid,ExtLibs/Xamarin/Xamarin.Android/Xamarin.Android.csproj,T4,drop-pending-owner,,,S,,,,,ready,,,,cad6a593dd3c3918842e5789b70a71e9f75be06cddb3ce581b611dd4d5c9d76c,,
ExtLibs/Xamarin/Xamarin.Android/Resources/Resource.designer.cs,41107,Xamarin.Droid,ExtLibs/Xamarin/Xamarin.Android/Xamarin.Android.csproj,T1,regenerate,,,XL,,,,,ready,,,,2a7e2a88c75912122f253ef7a57a6b3c55f64e68045995bb771163933a5a5953,,
ExtLibs/Xamarin/Xamarin.Android/SysProp.cs,83,Xamarin.Droid,ExtLibs/Xamarin/Xamarin.Android/Xamarin.Android.csproj,T4,drop-pending-owner,,,S,,,,,ready,,,,a3ff68b8c29f6e64f040e19e3c9e386705107856ec8ee1ba4cf9a1760e4a90c1,,
ExtLibs/Xamarin/Xamarin.Android/USBDevices.cs,224,Xamarin.Droid,ExtLibs/Xamarin/Xamarin.Android/Xamarin.Android.csproj,T4,drop-pending-owner,,,M,,,,,ready,,,,e4403c2c0b3cfec5b93be3a66aba02c47ef40d3242208f4bb159efe9ba82f792,,
ExtLibs/Xamarin/Xamarin.Android/UsbDeviceReceiver.cs,34,Xamarin.Droid,ExtLibs/Xamarin/Xamarin.Android/Xamarin.Android.csproj,T4,drop-pending-owner,,,S,,,,,ready,,,,aac4ce295a7708983ca8fecd81c2db63143bcf708ed49887b2fe3c4d415de690,,
ExtLibs/Xamarin/Xamarin.MacOS/App.cs,11,Xamarin.MacOS,ExtLibs/Xamarin/Xamarin.MacOS/Xamarin.MacOS.csproj,T4,drop-pending-owner,,,S,,,,,ready,,,,6dbb1466a64ca587a67eae1f91f5a41f143183393ec9af100d7e4af4adb55ef7,,
ExtLibs/Xamarin/Xamarin.MacOS/AppDelegate.cs,244,Xamarin.MacOS,ExtLibs/Xamarin/Xamarin.MacOS/Xamarin.MacOS.csproj,T4,drop-pending-owner,,,M,,,,,ready,,,,9716d0cc50484452abcaf4a2be51535b22f849e81885d46728c33c951751e039,,
ExtLibs/Xamarin/Xamarin.MacOS/GPS.cs,11,Xamarin.MacOS,ExtLibs/Xamarin/Xamarin.MacOS/Xamarin.MacOS.csproj,T4,drop-pending-owner,,,S,,,,,ready,,,,de9cee5718e2a5c2b996b59a7b45c7bde7d0b2d46af080e89b862ddd2ac1b210,,
ExtLibs/Xamarin/Xamarin.MacOS/Main.cs,14,Xamarin.MacOS,ExtLibs/Xamarin/Xamarin.MacOS/Xamarin.MacOS.csproj,T4,drop-pending-owner,,,S,,,,,ready,,,,cd67751749d7375bd51a6b25e9fd52e2a49bac3b4d1c4ac4911a41df0fe9bd35,,
ExtLibs/Xamarin/Xamarin.MacOS/MainPage.xaml.cs,36,Xamarin.MacOS,ExtLibs/Xamarin/Xamarin.MacOS/Xamarin.MacOS.csproj,T4,drop-pending-owner,,,S,,,,,ready,,,,fb35c2440808174e86ebb6e39272a2f45a7465284004ae9edbd132433da39325,,
ExtLibs/Xamarin/Xamarin.MacOS/MainPageDetail.xaml.cs,20,Xamarin.MacOS,ExtLibs/Xamarin/Xamarin.MacOS/Xamarin.MacOS.csproj,T4,drop-pending-owner,,,S,,,,,ready,,,,6acf84197d46146823631c5b1f296a69cd1bfdabe0448983ef4d577d44910e9d,,
ExtLibs/Xamarin/Xamarin.MacOS/MainPageMaster.xaml.cs,56,Xamarin.MacOS,ExtLibs/Xamarin/Xamarin.MacOS/Xamarin.MacOS.csproj,T4,drop-pending-owner,,,S,,,,,ready,,,,ff15597abb795f2a3a8b3c0fd2db7084bb47ed3258e19511c4a2334875a33064,,
ExtLibs/Xamarin/Xamarin.MacOS/MainPageMenuItem.cs,20,Xamarin.MacOS,ExtLibs/Xamarin/Xamarin.MacOS/Xamarin.MacOS.csproj,T4,drop-pending-owner,,,S,,,,,ready,,,,805ae886062d7dccd0f0f2e2301bcce972274ceb8488a49cdb2144d20eca080a,,
ExtLibs/Xamarin/Xamarin.MacOS/SystemInfo.cs,16,Xamarin.MacOS,ExtLibs/Xamarin/Xamarin.MacOS/Xamarin.MacOS.csproj,T4,drop-pending-owner,,,S,,,,,ready,,,,770c3f88dbd7fec88f009e2135b15a1ebf9aaa64efb77a1add2f5ad24504d33a,,
ExtLibs/Xamarin/Xamarin.MacOS/ViewController.cs,34,Xamarin.MacOS,ExtLibs/Xamarin/Xamarin.MacOS/Xamarin.MacOS.csproj,T4,drop-pending-owner,,,S,,,,,ready,,,,59fa111e66070aa854aaecde5bffe630299e4f71e1d10d4aa10621420cb222ea,,
ExtLibs/Xamarin/Xamarin.MacOS/ViewController.designer.cs,18,Xamarin.MacOS,ExtLibs/Xamarin/Xamarin.MacOS/Xamarin.MacOS.csproj,T4,drop-pending-owner,,,S,,,,,ready,,,,79093095d0c2dfa59c37689b1aa0e560c8f3ecb56921e54399162a8afd39cb7b,,
ExtLibs/Xamarin/Xamarin.UWP/App.xaml.cs,101,Xamarin.UWP,ExtLibs/Xamarin/Xamarin.UWP/Xamarin.UWP.csproj,T4,drop-pending-owner,,,S,,,,,ready,,,,7d8618553a655631e82f06a634f3331c6ab4e5460885d777d42b8cf810469491,,
ExtLibs/Xamarin/Xamarin.UWP/FormsVideoLibrary/VideoPicker.cs,30,FormsVideoLibrary.UWP,ExtLibs/Xamarin/Xamarin.UWP/Xamarin.UWP.csproj,T4,drop-pending-owner,,,S,,,,,dropped,,,,d143cb8f02d42c007fa0c0fc52b7f05bd7861850110f1a81c7773395366791bd,,"no callers in the C# tree as of efb0801 (D16): compiled by no project (MissionPlannerLib.csproj has Compile Remove=""ExtLibs\Xamarin\**""); declares VideoPicker"
ExtLibs/Xamarin/Xamarin.UWP/FormsVideoLibrary/VideoPlayerRenderer.cs,189,FormsVideoLibrary.UWP,ExtLibs/Xamarin/Xamarin.UWP/Xamarin.UWP.csproj,T4,drop-pending-owner,,,S,,,,,dropped,,,,7c5ecb952cae48cdd39c35a4b7795d12dd8fd7ad063e36e2632164e5b64ef136,,"no callers in the C# tree as of efb0801 (D16): compiled by no project (MissionPlannerLib.csproj has Compile Remove=""ExtLibs\Xamarin\**""); declares VideoPlayerRenderer"
ExtLibs/Xamarin/Xamarin.UWP/MainPage.xaml.cs,89,Xamarin.UWP,ExtLibs/Xamarin/Xamarin.UWP/Xamarin.UWP.csproj,T4,drop-pending-owner,,,S,,,,,ready,,,,196f4240cb46cebfc3b1be9f1de394ddf72608ac692baa3f20e4b78b6a56b44f,,
ExtLibs/Xamarin/Xamarin.UWP/Properties/AssemblyInfo.cs,28,,ExtLibs/Xamarin/Xamarin.UWP/Xamarin.UWP.csproj,T4,drop-pending-owner,,,S,,,,,ready,,,,d1b3b20156136e054ac6ba460c8a54e3bacdc67117f8a56e5320e23d93e8fa1d,,
ExtLibs/Xamarin/Xamarin.UWP/Serial.cs,107,Xamarin.UWP,ExtLibs/Xamarin/Xamarin.UWP/Xamarin.UWP.csproj,T4,drop-pending-owner,,,S,,,,,ready,,,,22964caf7dcda11b6fb7ce8eae54f400d15cab08d0f7acc5e0beb5c4241dd7e8,,
ExtLibs/Xamarin/Xamarin.iOS/AppDelegate.cs,31,Xamarin.iOS,ExtLibs/Xamarin/Xamarin.iOS/Xamarin.iOS.csproj,T4,drop-pending-owner,,,S,,,,,ready,,,,d690e319901ca8a62cbe805935dfbf59e2f9abeffbe58c18e5dfef6f0cd01dfb,,
ExtLibs/Xamarin/Xamarin.iOS/FormsVideoLibrary/VideoPicker.cs,66,FormsVideoLibrary.iOS,ExtLibs/Xamarin/Xamarin.iOS/Xamarin.iOS.csproj,T4,drop-pending-owner,,,S,,,,,dropped,,,,8fe93d923e386b923d74c79657a982fe40cd8ec6c301e123b4f1511768772b58,,"no callers in the C# tree as of efb0801 (D16): compiled by no project (MissionPlannerLib.csproj has Compile Remove=""ExtLibs\Xamarin\**""); declares VideoPicker"
ExtLibs/Xamarin/Xamarin.iOS/FormsVideoLibrary/VideoPlayerRenderer.cs,208,FormsVideoLibrary.iOS,ExtLibs/Xamarin/Xamarin.iOS/Xamarin.iOS.csproj,T4,drop-pending-owner,,,M,,,,,dropped,,,,dac4704b2fefcc5cc78a0bc4903493899130dc14250a98e80ba54e4b3a639412,,"no callers in the C# tree as of efb0801 (D16): compiled by no project (MissionPlannerLib.csproj has Compile Remove=""ExtLibs\Xamarin\**""); declares VideoPlayerRenderer"
ExtLibs/Xamarin/Xamarin.iOS/Main.cs,89,Xamarin.iOS,ExtLibs/Xamarin/Xamarin.iOS/Xamarin.iOS.csproj,T4,drop-pending-owner,,,S,,,,,ready,,,,f282b910879e88e1bee85813ff776e49665e0a9411fb2f8af4ddee3fed9f7798,,
ExtLibs/Xamarin/Xamarin.iOS/Properties/AssemblyInfo.cs,36,,ExtLibs/Xamarin/Xamarin.iOS/Xamarin.iOS.csproj,T4,drop-pending-owner,,,S,,,,,ready,,,,93b1ff9ff6dfa7e8875cac1b2d4ca8f41f3e79e800ce1ecaec2587f4014c6f4c,,
ExtLibs/Xamarin/Xamarin.iOS/Serial.cs,101,Xamarin.IOS,ExtLibs/Xamarin/Xamarin.iOS/Xamarin.iOS.csproj,T4,drop-pending-owner,,,S,,,,,ready,,,,92f8b92d534e05e2b917daee744eea6525a0a8120c12ff8db33911c42beb4e4d,,
ExtLibs/Xamarin/Xamarin/App.xaml.cs,199,Xamarin,ExtLibs/Xamarin/Xamarin/Xamarin.csproj,T4,drop-pending-owner,,,S,,,,,ready,,,,55cdd96d6e334dc207fbfebd79c4d17af26e6a8d426409dd5767a626571562fc,,
ExtLibs/Xamarin/Xamarin/Controls/AGauge.cs,2013,MissionPlanner.Controls,ExtLibs/Xamarin/Xamarin/Xamarin.csproj,T4,drop-pending-owner,,,XL,,,,,ready,,,,3a57ca063c3d14ef844789444bf83dc387fec23d1f24794ad5d9a2dec1514aa0,,
ExtLibs/Xamarin/Xamarin/Controls/Cursors.cs,14,Xamarin.Controls,ExtLibs/Xamarin/Xamarin/Xamarin.csproj,T4,drop-pending-owner,,,S,,,,,dropped,,,,0a515577ef59ac2022cd5f103976c6c7dd7209377a340ff0c09ed21f21a737a9,,"no callers in the C# tree as of efb0801 (D16): compiled by no project (ExtLibs/Xamarin/Xamarin/Xamarin.csproj has Compile Remove=""Controls\Cursors.cs""); declares Cursor, Cursors"
ExtLibs/Xamarin/Xamarin/Controls/Extensions.cs,34,GMap.NET.Drawing,ExtLibs/Xamarin/Xamarin/Xamarin.csproj,T4,drop-pending-owner,,,S,,,,,ready,,,,b096799a969f0bc032bfe1d15e33f44b7802350dc024d7d1826a646ed7722fb3,,
ExtLibs/Xamarin/Xamarin/Controls/HUD.cs,2218,MissionPlanner.Controls,ExtLibs/Xamarin/Xamarin/Xamarin.csproj,T4,drop-pending-owner,,,XL,,,,,ready,,,,c87caa88ed9e63ad6ec55963657592ea771ebcbc678f908535eca2998bae6903,,
ExtLibs/Xamarin/Xamarin/Controls/HUDT.Designer.cs,271,MissionPlanner.Controls,ExtLibs/Xamarin/Xamarin/Xamarin.csproj,T1,regenerate,,,M,,,,,ready,,,,42bb2f176e8473d343098e5d1a7e67861f1fa8ef636f40cb2c50009dfd1f4128,,
ExtLibs/Xamarin/Xamarin/Controls/MouseEventArgs.cs,14,Xamarin.Controls,ExtLibs/Xamarin/Xamarin/Xamarin.csproj,T4,drop-pending-owner,,,S,,,,,dropped,,,,e2e64d7eaf17b1ff452a814a729a7ef3c370d8ad7a8401ce3b8c6afb270a79ca,,"no callers in the C# tree as of efb0801 (D16): compiled by no project (ExtLibs/Xamarin/Xamarin/Xamarin.csproj has Compile Remove=""Controls\MouseEventArgs.cs""); declares nothing"
ExtLibs/Xamarin/Xamarin/Controls/MySKCanvasView.cs,504,Xamarin.Controls,ExtLibs/Xamarin/Xamarin/Xamarin.csproj,T4,drop-pending-owner,,,M,,,,,ready,,,,03dbab1e435c334c2c9e3fb7303e21fbaf9e659e1d0a258aed24b32f244481d4,,
ExtLibs/Xamarin/Xamarin/Controls/PaintEventArgs.cs,24,Xamarin.Controls,ExtLibs/Xamarin/Xamarin/Xamarin.csproj,T4,drop-pending-owner,,,S,,,,,dropped,,,,86af071665c27df3d06583fa2797d075e25cbcab23da1ed38dcdde64ba17b665,,"no callers in the C# tree as of efb0801 (D16): compiled by no project (ExtLibs/Xamarin/Xamarin/Xamarin.csproj has Compile Remove=""Controls\PaintEventArgs.cs""); declares Form, PaintEventArgs"
ExtLibs/Xamarin/Xamarin/Controls/shim.cs,145,SvgNet.SvgGdi,ExtLibs/Xamarin/Xamarin/Xamarin.csproj,T4,drop-pending-owner,,,S,,,,,ready,,,,3b946803f7269a4605fc370b2bfe8ea74cc9a8a22b64e4d74b59f954c7e261ae,,
ExtLibs/Xamarin/Xamarin/Forms/Platform/WinForms.cs,33,Xamarin.Forms.Platform.WinForms,ExtLibs/Xamarin/Xamarin/Xamarin.csproj,T4,drop-pending-owner,,,S,,,,,dropped,,,,cddb9997be26c1521938de5e4ed7681a6b98f2b1db730d126286553c57807aec,,"no callers in the C# tree as of efb0801 (D16): compiled by no project (ExtLibs/Xamarin/Xamarin/Xamarin.csproj has Compile Remove=""Forms\**""); declares PlatformRenderer"
ExtLibs/Xamarin/Xamarin/Forms/Platform/WinForms/Forms.cs,11,Xamarin.Forms.Platform.WinForms,ExtLibs/Xamarin/Xamarin/Xamarin.csproj,T4,drop-pending-owner,,,S,,,,,dropped,,,,62375ecf18c2a0a9c1782541800a7779368c439dc8290d653c73d7d2dcb85037,,"no callers in the C# tree as of efb0801 (D16): compiled by no project (ExtLibs/Xamarin/Xamarin/Xamarin.csproj has Compile Remove=""Forms\**""); declares Forms"
ExtLibs/Xamarin/Xamarin/FormsVideoLibrary/FileVideoSource.cs,17,FormsVideoLibrary,ExtLibs/Xamarin/Xamarin/Xamarin.csproj,T4,drop-pending-owner,,,S,,,,,ready,,,,4863b3a5be49c2deaeb5634b8bf12540b289ce63d44d38b339614cad2600470f,,
ExtLibs/Xamarin/Xamarin/FormsVideoLibrary/IVideoPicker.cs,10,FormsVideoLibrary,ExtLibs/Xamarin/Xamarin/Xamarin.csproj,T4,drop-pending-owner,,,S,,,,,ready,,,,42a9b2578e1f4a185bc431d2da5c876698a28453e2ceda64e190fed3afcf7c56,,
ExtLibs/Xamarin/Xamarin/FormsVideoLibrary/IVideoPlayerController.cs,11,FormsVideoLibrary,ExtLibs/Xamarin/Xamarin/Xamarin.csproj,T4,drop-pending-owner,,,S,,,,,ready,,,,a627e3251192c123b3c99741b335bfea35120515a6df7b8706389539631b70ef,,
ExtLibs/Xamarin/Xamarin/FormsVideoLibrary/PositionSlider.cs,53,FormsVideoLibrary,ExtLibs/Xamarin/Xamarin/Xamarin.csproj,T4,drop-pending-owner,,,S,,,,,ready,,,,bbc14cf04d017f6f35dac22357daee9ed19b4f0efb3b864252a1eb71045e9480,,
ExtLibs/Xamarin/Xamarin/FormsVideoLibrary/ResourceVideoSource.cs,17,FormsVideoLibrary,ExtLibs/Xamarin/Xamarin/Xamarin.csproj,T4,drop-pending-owner,,,S,,,,,ready,,,,a95e1a1c24018730a2f23217a489b217cc17055e6758764b22700452c0afa66e,,
ExtLibs/Xamarin/Xamarin/FormsVideoLibrary/UriVideoSource.cs,17,FormsVideoLibrary,ExtLibs/Xamarin/Xamarin/Xamarin.csproj,T4,drop-pending-owner,,,S,,,,,ready,,,,f0e464805ff56562ff622bacd2b24dc6fbe26ac0beeffa7b276bfda6dc0a7d7e,,
ExtLibs/Xamarin/Xamarin/FormsVideoLibrary/VideoInfo.cs,16,VideoPlayerDemos,ExtLibs/Xamarin/Xamarin/Xamarin.csproj,T4,drop-pending-owner,,,S,,,,,ready,,,,ca6939caa104d1de3aecdae64a595c6d7a6253255139bb0deeb2d9d4474f168c,,
ExtLibs/Xamarin/Xamarin/FormsVideoLibrary/VideoPlayer.cs,135,FormsVideoLibrary,ExtLibs/Xamarin/Xamarin/Xamarin.csproj,T4,drop-pending-owner,,,S,,,,,ready,,,,4c51b363344e9693cd0d70023a015151a294e645ccd072b7e81ed1cc38e904e4,,
ExtLibs/Xamarin/Xamarin/FormsVideoLibrary/VideoSource.cs,24,FormsVideoLibrary,ExtLibs/Xamarin/Xamarin/Xamarin.csproj,T4,drop-pending-owner,,,S,,,,,ready,,,,72ec147ded8f6f7707fcaefbdaf0a36a672b00d4403ae0b2c4711076359a7918,,
ExtLibs/Xamarin/Xamarin/FormsVideoLibrary/VideoSourceConverter.cs,20,FormsVideoLibrary,ExtLibs/Xamarin/Xamarin/Xamarin.csproj,T4,drop-pending-owner,,,S,,,,,ready,,,,af2d425480db318caaf2e427bc16df8a1fa1c9a1ad57d18f95267fe2270567fa,,
ExtLibs/Xamarin/Xamarin/FormsVideoLibrary/VideoStatus.cs,9,FormsVideoLibrary,ExtLibs/Xamarin/Xamarin/Xamarin.csproj,T4,drop-pending-owner,,,S,,,,,ready,,,,fdfbb7077fbe975d5f2bd528ed8baa981416cc97faa360136195ff9bcafba891,,
ExtLibs/Xamarin/Xamarin/GCSViews/Firmware.xaml.cs,612,Xamarin.GCSViews,ExtLibs/Xamarin/Xamarin/Xamarin.csproj,T4,drop-pending-owner,,,L,,,,,ready,,,,b92cb6b4da574beacd2ba5e8035a17a75ef4a5c45a2fae27d092adbb67b0eebf,,
ExtLibs/Xamarin/Xamarin/GCSViews/FlightData.xaml.cs,1887,Xamarin,ExtLibs/Xamarin/Xamarin/Xamarin.csproj,T4,drop-pending-owner,,,XL,,,,,dropped,,,,83c66329b26628d3838aa205f1eb0579af4fb31d7e2d4d41747cd7337e753228,,"no callers in the C# tree as of efb0801 (D16): compiled by no project (ExtLibs/Xamarin/Xamarin/Xamarin.csproj has Compile Remove=""GCSViews\FlightData.xaml.cs""); declares FlightData, InputBox"
ExtLibs/Xamarin/Xamarin/GCSViews/Video.xaml.cs,85,Xamarin.GCSViews,ExtLibs/Xamarin/Xamarin/Xamarin.csproj,T4,drop-pending-owner,,,S,,,,,ready,,,,574e2994fae8ca46bbb3c6b78fc828b60a72e01628d1cf20c9f6f37cce616385,,
ExtLibs/Xamarin/Xamarin/GCSViews/WinForms.xaml.cs,1121,Xamarin.GCSViews,ExtLibs/Xamarin/Xamarin/Xamarin.csproj,T4,drop-pending-owner,,,L,,,,,ready,,,,f748cfbf594e4e7b01963891a0fd553f28455919bd42a16beb3356defff7da46,,
ExtLibs/Xamarin/Xamarin/GMap.NET.WindowsForms/ColorMatrixs.cs,27,GMap.NET.WindowsForms,ExtLibs/Xamarin/Xamarin/Xamarin.csproj,T4,drop-pending-owner,,,S,,,,,dropped,,,,d1119431d332b1c7ecfa8ff5dd0adb99a552b63d0d53b36ba6ccd9bf9d01844d,,"no callers in the C# tree as of efb0801 (D16): compiled by no project (ExtLibs/Xamarin/Xamarin/Xamarin.csproj has Compile Remove=""GMap.NET.WindowsForms\**""); declares ColorMatrixs"
ExtLibs/Xamarin/Xamarin/GMap.NET.WindowsForms/GMapControl.cs,3055,GMap.NET.WindowsForms,ExtLibs/Xamarin/Xamarin/Xamarin.csproj,T4,drop-pending-owner,,,XL,,,,,dropped,,,,4981852583bb05da38b5562bcae83d0c8c91609be5b46312a81273387587c912,,"no callers in the C# tree as of efb0801 (D16): compiled by no project (ExtLibs/Xamarin/Xamarin/Xamarin.csproj has Compile Remove=""GMap.NET.WindowsForms\**""); declares GMapControl"
ExtLibs/Xamarin/Xamarin/GMap.NET.WindowsForms/GMapImage.cs,147,GMap.NET.WindowsForms,ExtLibs/Xamarin/Xamarin/Xamarin.csproj,T4,drop-pending-owner,,,S,,,,,dropped,,,,edf6359e3eebc9a941c154e81e7802d7b1953dcd64bf2066b72867c092990a7a,,"no callers in the C# tree as of efb0801 (D16): compiled by no project (ExtLibs/Xamarin/Xamarin/Xamarin.csproj has Compile Remove=""GMap.NET.WindowsForms\**""); declares GMapImage, GMapImageProxy"
ExtLibs/Xamarin/Xamarin/GMap.NET.WindowsForms/GMapMarker.cs,410,GMap.NET.WindowsForms,ExtLibs/Xamarin/Xamarin/Xamarin.csproj,T4,drop-pending-owner,,,M,,,,,dropped,,,,bd2cab77a3d50a740d9b5023154239e576e4f3cee0f92f2744cb8e4b3d818b32,,"no callers in the C# tree as of efb0801 (D16): compiled by no project (ExtLibs/Xamarin/Xamarin/Xamarin.csproj has Compile Remove=""GMap.NET.WindowsForms\**""); declares GMapMarker, MarkerClick, MarkerEnter, MarkerLeave, MarkerTooltipMode"
ExtLibs/Xamarin/Xamarin/GMap.NET.WindowsForms/GMapOverlay.cs,477,GMap.NET.WindowsForms,ExtLibs/Xamarin/Xamarin/Xamarin.csproj,T4,drop-pending-owner,,,M,,,,,dropped,,,,3e5bef16bb0d77b157dc09884fd865f02167b4585c95b605b0e2c3c0c114dfb5,,"no callers in the C# tree as of efb0801 (D16): compiled by no project (ExtLibs/Xamarin/Xamarin/Xamarin.csproj has Compile Remove=""GMap.NET.WindowsForms\**""); declares GMapOverlay"
ExtLibs/Xamarin/Xamarin/GMap.NET.WindowsForms/GMapPolygon.cs,377,GMap.NET.WindowsForms,ExtLibs/Xamarin/Xamarin/Xamarin.csproj,T4,drop-pending-owner,,,M,,,,,dropped,,,,6cb9902577e77af7890851054428fa1366dc3ab187496674359f46c04768fb9a,,"no callers in the C# tree as of efb0801 (D16): compiled by no project (ExtLibs/Xamarin/Xamarin/Xamarin.csproj has Compile Remove=""GMap.NET.WindowsForms\**""); declares GMapPolygon, PolygonClick, PolygonEnter, PolygonLeave"
ExtLibs/Xamarin/Xamarin/GMap.NET.WindowsForms/GMapRoute.cs,366,GMap.NET.WindowsForms,ExtLibs/Xamarin/Xamarin/Xamarin.csproj,T4,drop-pending-owner,,,M,,,,,dropped,,,,3799745a31462302221debfab265a5e9ddec978bb6e1a2c916a281649fbb302f,,"no callers in the C# tree as of efb0801 (D16): compiled by no project (ExtLibs/Xamarin/Xamarin/Xamarin.csproj has Compile Remove=""GMap.NET.WindowsForms\**""); declares GMapRoute, RouteClick, RouteEnter, RouteLeave"
ExtLibs/Xamarin/Xamarin/GMap.NET.WindowsForms/GMapToolTip.cs,173,GMap.NET.WindowsForms,ExtLibs/Xamarin/Xamarin/Xamarin.csproj,T4,drop-pending-owner,,,S,,,,,dropped,,,,b1ceae37251edfcff35b293cb0547ec539384dd2a0a30fbae92c84a1ef128f58,,"no callers in the C# tree as of efb0801 (D16): compiled by no project (ExtLibs/Xamarin/Xamarin/Xamarin.csproj has Compile Remove=""GMap.NET.WindowsForms\**""); declares GMapToolTip"
ExtLibs/Xamarin/Xamarin/GMap.NET.WindowsForms/IControl.cs,38,GMap.NET.WindowsForms,ExtLibs/Xamarin/Xamarin/Xamarin.csproj,T4,drop-pending-owner,,,S,,,,,dropped,,,,0064a1827ec3f80fc849ebb9ca5adcd2afcaedbbe070ce8d408ac969da2cf8aa,,"no callers in the C# tree as of efb0801 (D16): compiled by no project (ExtLibs/Xamarin/Xamarin/Xamarin.csproj has Compile Remove=""GMap.NET.WindowsForms\**""); declares IControl"
ExtLibs/Xamarin/Xamarin/GMap.NET.WindowsForms/Markers/GMarkerCross.cs,68,GMap.NET.WindowsForms.Markers,ExtLibs/Xamarin/Xamarin/Xamarin.csproj,T4,drop-pending-owner,,,S,,,,,dropped,,,,2864938700a9c995bff5e307a2bbbf41ccda6af424af297c3bcaca501b097f95,,"no callers in the C# tree as of efb0801 (D16): compiled by no project (ExtLibs/Xamarin/Xamarin/Xamarin.csproj has Compile Remove=""GMap.NET.WindowsForms\**""); declares GMarkerCross"
ExtLibs/Xamarin/Xamarin/GMap.NET.WindowsForms/Markers/GMarkerGoogle.cs,300,GMap.NET.WindowsForms.Markers,ExtLibs/Xamarin/Xamarin/Xamarin.csproj,T4,drop-pending-owner,,,M,,,,,dropped,,,,763b5255f1fea96a54ce683c5f0bbaf3dc523503570247cf98e51e41b4a7ce25,,"no callers in the C# tree as of efb0801 (D16): compiled by no project (ExtLibs/Xamarin/Xamarin/Xamarin.csproj has Compile Remove=""GMap.NET.WindowsForms\**""); declares GMarkerGoogle, GMarkerGoogleType"
ExtLibs/Xamarin/Xamarin/ITest.cs,78,Xamarin,ExtLibs/Xamarin/Xamarin/Xamarin.csproj,T4,drop-pending-owner,,,S,,,,,ready,,,,5c7a46ba9aacf691bf9603efb9b592e9129096f0e5a469b62af18daaeef4f868,,
ExtLibs/Xamarin/Xamarin/Linked/Control.cs,10,System.Windows.Forms,ExtLibs/Xamarin/Xamarin/Xamarin.csproj,T4,drop-pending-owner,,,S,,,,,dropped,,,,01ec72bfab8d8f8dc20fff0e3deb27221ea2114e53db4d2c520761cbb5bfa3b4,,"no callers in the C# tree as of efb0801 (D16): compiled by no project (ExtLibs/Xamarin/Xamarin/Xamarin.csproj has Compile Remove=""Linked\Control.cs""); declares Control"
ExtLibs/Xamarin/Xamarin/Linked/GCSViews.cs,25,MissionPlanner.Utilities,ExtLibs/Xamarin/Xamarin/Xamarin.csproj,T4,drop-pending-owner,,,S,,,,,ready,,,,a5075469186e1ad51d38584050594686acd38946b31b5270c8d2032a35519b8c,,
ExtLibs/Xamarin/Xamarin/Linked/MainV2.cs,515,MissionPlanner,ExtLibs/Xamarin/Xamarin/Xamarin.csproj,T4,drop-pending-owner,,,M,,,,,dropped,,,,fffdf46146d7e05b74ad8d44433e215c1c072c6e73ed6acd3ccdefc03114ed52,,"no callers in the C# tree as of efb0801 (D16): compiled by no project (ExtLibs/Xamarin/Xamarin/Xamarin.csproj has Compile Remove=""Linked\MainV2.cs""); declares MainV2"
ExtLibs/Xamarin/Xamarin/Linked/UserControl.cs,16,Xamarin.Controls,ExtLibs/Xamarin/Xamarin/Xamarin.csproj,T4,drop-pending-owner,,,S,,,,,dropped,,,,b5f91e8f399f86d3a4149ffd4628ee72dee9f871a74badb084038629d5437f29,,"no callers in the C# tree as of efb0801 (D16): compiled by no project (ExtLibs/Xamarin/Xamarin/Xamarin.csproj has Compile Remove=""Linked\UserControl.cs""); declares UserControl"
ExtLibs/Xamarin/Xamarin/Linked/httpserver.cs,1218,MissionPlanner.Utilities,ExtLibs/Xamarin/Xamarin/Xamarin.csproj,T4,drop-pending-owner,,,L,,,,,ready,,,,073594692c4dd12d3ba4f8525f88a593395e5ee7b9179d9f62c05d26d373a5f5,,
ExtLibs/Xamarin/Xamarin/MainPage.xaml.cs,137,Xamarin,ExtLibs/Xamarin/Xamarin/Xamarin.csproj,T4,drop-pending-owner,,,S,,,,,ready,,,,faf50e058dfe1b3d78e202669a8fb8034c4482ee824bb77e3da32d55822ca1fb,,
ExtLibs/Xamarin/Xamarin/Maps/Custom.cs,85,MissionPlanner.Maps,ExtLibs/Xamarin/Xamarin/Xamarin.csproj,T4,drop-pending-owner,,,S,,,,,ready,,,,f0fc6cf1b9eb35ee78e164c42300f2eecd50ee60f3ae131de688e2b9a4205ff8,,
ExtLibs/Xamarin/Xamarin/Maps/Earthbuilder.cs,92,MissionPlanner.Maps,ExtLibs/Xamarin/Xamarin/Xamarin.csproj,T4,drop-pending-owner,,,S,,,,,ready,,,,7d0e3f1929cfee10164c2ce1504363959e4a3182dea32ca809a4cdaaa1033622,,
ExtLibs/Xamarin/Xamarin/Maps/Eniro_Topo.cs,96,MissionPlanner.Maps,ExtLibs/Xamarin/Xamarin/Xamarin.csproj,T4,drop-pending-owner,,,S,,,,,ready,,,,e70f059a975d5f476c645c6906dd714b24d7270a0ee2e5e13d407cab3b569bcc,,
ExtLibs/Xamarin/Xamarin/Maps/GMapMarkerADSBPlane.cs,63,MissionPlanner.Maps,ExtLibs/Xamarin/Xamarin/Xamarin.csproj,T4,drop-pending-owner,,,S,,,,,ready,,,,c8a2fba4113de18f21d9a75f59d187f29cd07ff96066edfcd6253832cbc525a2,,
ExtLibs/Xamarin/Xamarin/Maps/GMapMarkerAISBoat.cs,63,MissionPlanner.Maps,ExtLibs/Xamarin/Xamarin/Xamarin.csproj,T4,drop-pending-owner,,,S,,,,,ready,,,,8519413213daa76efe9d2acc2ffdd3d5c8901dabfa8b3d005692948f0c199633,,
ExtLibs/Xamarin/Xamarin/Maps/GMapMarkerAirport.cs,103,MissionPlanner.Maps,ExtLibs/Xamarin/Xamarin/Xamarin.csproj,T4,drop-pending-owner,,,S,,,,,ready,,,,c2005267070e1010d099fd2cc36b5eb4711a6f8a9ce592e62d4e924eec833750,,
ExtLibs/Xamarin/Xamarin/Maps/GMapMarkerAntennaTracker.cs,50,MissionPlanner.Maps,ExtLibs/Xamarin/Xamarin/Xamarin.csproj,T4,drop-pending-owner,,,S,,,,,ready,,,,f6f557f056f6b1c35b9c4192a0335e96e398956a22419a5e2135a047c19c9ec2,,
ExtLibs/Xamarin/Xamarin/Maps/GMapMarkerBase.cs,23,MissionPlanner.Maps,ExtLibs/Xamarin/Xamarin/Xamarin.csproj,T4,drop-pending-owner,,,S,,,,,ready,,,,ddca3dfb4ff45b25e7dd0d466ccf4347e743258e41b03dad82aa5cab23eadf79,,
ExtLibs/Xamarin/Xamarin/Maps/GMapMarkerBoat.cs,77,MissionPlanner.Maps,ExtLibs/Xamarin/Xamarin/Xamarin.csproj,T4,drop-pending-owner,,,S,,,,,ready,,,,a73ff8988cf3236b8fe218ac6df514d6fcc612fae1919d88107a859f8b43f579,,
ExtLibs/Xamarin/Xamarin/Maps/GMapMarkerDistance.cs,76,MissionPlanner.Maps,ExtLibs/Xamarin/Xamarin/Xamarin.csproj,T4,drop-pending-owner,,,S,,,,,ready,,,,a82a6946dacef88fd487ef3315cc95ade9817b83d6b7d156b290a395e2650837,,
ExtLibs/Xamarin/Xamarin/Maps/GMapMarkerElevation.cs,102,MissionPlanner.Maps,ExtLibs/Xamarin/Xamarin/Xamarin.csproj,T4,drop-pending-owner,,,S,,,,,ready,,,,f46898a0483f0542187024a692c1d9cabab5f4983f15e836883d603a53992859,,
ExtLibs/Xamarin/Xamarin/Maps/GMapMarkerHeli.cs,66,MissionPlanner.Maps,ExtLibs/Xamarin/Xamarin/Xamarin.csproj,T4,drop-pending-owner,,,S,,,,,ready,,,,bc875c7c24386bebd80f71194f9662d51eef7dbb59da9b325d6daaba6197f905,,
ExtLibs/Xamarin/Xamarin/Maps/GMapMarkerOverlapCount.cs,242,MissionPlanner.Maps,ExtLibs/Xamarin/Xamarin/Xamarin.csproj,T4,drop-pending-owner,,,M,,,,,ready,,,,b253d4f95eb9f146e5cecc0f6d3c9d5aea13fee94efdae8bd7b567b8941b4364,,
ExtLibs/Xamarin/Xamarin/Maps/GMapMarkerPOI.cs,19,MissionPlanner.Maps,ExtLibs/Xamarin/Xamarin/Xamarin.csproj,T4,drop-pending-owner,,,S,,,,,ready,,,,5f866a087fdaddcff270f2024f6e79d0b9e05f851ec38591a4d49bc1e860bf5c,,
ExtLibs/Xamarin/Xamarin/Maps/GMapMarkerPhoto.cs,78,MissionPlanner.Maps,ExtLibs/Xamarin/Xamarin/Xamarin.csproj,T4,drop-pending-owner,,,S,,,,,ready,,,,823d582f0106db69995e363e1e9371abb56a3deab2b0b9f1f27b9c68c831c040,,
ExtLibs/Xamarin/Xamarin/Maps/GMapMarkerPlane.cs,144,MissionPlanner.Maps,ExtLibs/Xamarin/Xamarin/Xamarin.csproj,T4,drop-pending-owner,,,S,,,,,ready,,,,0b554cbea65e686d2b95790a756cb930efe0bedbcada48ff417965e8334303f5,,
ExtLibs/Xamarin/Xamarin/Maps/GMapMarkerPlus.cs,41,MissionPlanner.Maps,ExtLibs/Xamarin/Xamarin/Xamarin.csproj,T4,drop-pending-owner,,,S,,,,,ready,,,,deaf47911624d8e19ec90d6741b22e168c2f380f657eabfb6f904b3a40d137a6,,
ExtLibs/Xamarin/Xamarin/Maps/GMapMarkerQuad.cs,101,MissionPlanner.Maps,ExtLibs/Xamarin/Xamarin/Xamarin.csproj,T4,drop-pending-owner,,,S,,,,,ready,,,,230c0834c5b3284b5675673ab2549dafe4e86d995ecea5ae300282fde9299489,,
ExtLibs/Xamarin/Xamarin/Maps/GMapMarkerRallyPt.cs,53,MissionPlanner.Maps,ExtLibs/Xamarin/Xamarin/Xamarin.csproj,T4,drop-pending-owner,,,S,,,,,ready,,,,fff8edfa43b35c02c367fd8dc39d3764b5d27e37e20f74c42eab93cb3dac8d73,,
ExtLibs/Xamarin/Xamarin/Maps/GMapMarkerRect.cs,98,GMap.NET.WindowsForms,ExtLibs/Xamarin/Xamarin/Xamarin.csproj,T4,drop-pending-owner,,,S,,,,,ready,,,,f11178d42181074c3c48afe1b859aa1fc5ec2302687472b832f40289e6e8e728,,
ExtLibs/Xamarin/Xamarin/Maps/GMapMarkerRover.cs,77,MissionPlanner.Maps,ExtLibs/Xamarin/Xamarin/Xamarin.csproj,T4,drop-pending-owner,,,S,,,,,ready,,,,340cc6663dd2975592504d70fe18b34accf01d6b8a73b207427951e179c979fa,,
ExtLibs/Xamarin/Xamarin/Maps/GMapMarkerSingle.cs,70,MissionPlanner.Maps,ExtLibs/Xamarin/Xamarin/Xamarin.csproj,T4,drop-pending-owner,,,S,,,,,ready,,,,17a0345bddf6bcfc761bd3a02ac9cebff400baf98e0a3ad18110132b96f347fe,,
ExtLibs/Xamarin/Xamarin/Maps/GMapMarkerSub.cs,75,MissionPlanner.Maps,ExtLibs/Xamarin/Xamarin/Xamarin.csproj,T4,drop-pending-owner,,,S,,,,,ready,,,,f5886b5ff3d7d9d03411ea6c781bef84c3e1b5d49d278b2d0098ae1640248d2a,,
ExtLibs/Xamarin/Xamarin/Maps/GMapMarkerWP.cs,59,MissionPlanner.Maps,ExtLibs/Xamarin/Xamarin/Xamarin.csproj,T4,drop-pending-owner,,,S,,,,,ready,,,,89c6106ac1d599b42f4c8a6141369f9046e1255ccf11f3a85df622ef4cc9f098,,
ExtLibs/Xamarin/Xamarin/Maps/Japan.cs,96,MissionPlanner.Maps,ExtLibs/Xamarin/Xamarin/Xamarin.csproj,T4,drop-pending-owner,,,S,,,,,ready,,,,77bfb54e4958bae8e9339d30d7e25a9a4bd7e0e6e675f0cbc0ee2f9d05361799,,
ExtLibs/Xamarin/Xamarin/Maps/Japan_1974.cs,105,MissionPlanner.Maps,ExtLibs/Xamarin/Xamarin/Xamarin.csproj,T4,drop-pending-owner,,,S,,,,,ready,,,,ee4b1641936e22c63c2b996414ef6a97e5417125ea2362887b39b751c8059431,,
ExtLibs/Xamarin/Xamarin/Maps/Japan_1979.cs,105,MissionPlanner.Maps,ExtLibs/Xamarin/Xamarin/Xamarin.csproj,T4,drop-pending-owner,,,S,,,,,ready,,,,3a04b5aa5a41af90cb3d21e5c70027bb0ce11409d2c7b5588912436816d18ec6,,
ExtLibs/Xamarin/Xamarin/Maps/Japan_1984.cs,105,MissionPlanner.Maps,ExtLibs/Xamarin/Xamarin/Xamarin.csproj,T4,drop-pending-owner,,,S,,,,,ready,,,,1f1e15f5450bf9112b63c8362ecd979fa89b81aa8137b02e3b2403013eaa17a1,,
ExtLibs/Xamarin/Xamarin/Maps/Japan_1988.cs,105,MissionPlanner.Maps,ExtLibs/Xamarin/Xamarin/Xamarin.csproj,T4,drop-pending-owner,,,S,,,,,ready,,,,3fad95056caa5d2f92b332ee60766f40ca532dd533d53f53e8934082d33ddf90,,
ExtLibs/Xamarin/Xamarin/Maps/Japan_Lake.cs,105,MissionPlanner.Maps,ExtLibs/Xamarin/Xamarin/Xamarin.csproj,T4,drop-pending-owner,,,S,,,,,ready,,,,d38ce5a112e54ef6f9f4488cd8f63d50be21ae79b9c22c1fde0e72de33b336ae,,
ExtLibs/Xamarin/Xamarin/Maps/Japan_Relief.cs,105,MissionPlanner.Maps,ExtLibs/Xamarin/Xamarin/Xamarin.csproj,T4,drop-pending-owner,,,S,,,,,ready,,,,5f01af2cba057759ce221d47675e7b1097ee6a6b0c6904dbca9f0eaccd0ad041,,
ExtLibs/Xamarin/Xamarin/Maps/Japan_Sea.cs,105,MissionPlanner.Maps,ExtLibs/Xamarin/Xamarin/Xamarin.csproj,T4,drop-pending-owner,,,S,,,,,ready,,,,1b7ca36652d6819a39d2546abd756a6152872754ef595884fc48b19371deee1a,,
ExtLibs/Xamarin/Xamarin/Maps/Japan_Slopezone.cs,105,MissionPlanner.Maps,ExtLibs/Xamarin/Xamarin/Xamarin.csproj,T4,drop-pending-owner,,,S,,,,,ready,,,,29e0c6db3089350e7aae5c62c63088838a885ef1c1d4b763680ddb18c1307254,,
ExtLibs/Xamarin/Xamarin/Maps/Mapbox.cs,96,MissionPlanner.Maps,ExtLibs/Xamarin/Xamarin/Xamarin.csproj,T4,drop-pending-owner,,,S,,,,,ready,,,,ff0d3dfa6ee484937dea41ac51a2333c7ac13716212e494950eddf90bdd47e57,,
ExtLibs/Xamarin/Xamarin/Maps/MapboxNoFly.cs,94,MissionPlanner.Maps,ExtLibs/Xamarin/Xamarin/Xamarin.csproj,T4,drop-pending-owner,,,S,,,,,ready,,,,66d42d80c636f340897c46785d0af08f15233205156d669b616dd3626a392c0a,,
ExtLibs/Xamarin/Xamarin/Maps/MapboxUser.cs,96,MissionPlanner.Maps,ExtLibs/Xamarin/Xamarin/Xamarin.csproj,T4,drop-pending-owner,,,S,,,,,ready,,,,047f225ac65c9bf49a3388e359ab460b59dde79f90e23b0074b0dd74c57e72ee,,
ExtLibs/Xamarin/Xamarin/Maps/MyImageCache.cs,218,MissionPlanner.Maps,ExtLibs/Xamarin/Xamarin/Xamarin.csproj,T4,drop-pending-owner,,,M,,,,,ready,,,,5f122090ef94e264682c5dc3d256d7b7be21d9ab2b8c5d3cfb11bcf4363f3d9b,,
ExtLibs/Xamarin/Xamarin/Maps/Propagation.cs,438,MissionPlanner.Maps,ExtLibs/Xamarin/Xamarin/Xamarin.csproj,T4,drop-pending-owner,,,M,,,,,ready,,,,cc789a5bc8c84542ce58c9000ba2873f167ea3f83b19c03de98f25684ebda796,,
ExtLibs/Xamarin/Xamarin/Maps/SpriteLoader.cs,38,MissionPlanner.Maps,ExtLibs/Xamarin/Xamarin/Xamarin.csproj,T4,drop-pending-owner,,,S,,,,,ready,,,,f7964dd86d998f49d267be904b5132661c655e18475da64208c5741e9baed585,,
ExtLibs/Xamarin/Xamarin/Maps/Statkart_Topo2.cs,96,MissionPlanner.Maps,ExtLibs/Xamarin/Xamarin/Xamarin.csproj,T4,drop-pending-owner,,,S,,,,,ready,,,,b97c05898ed78e235f7c91b432ec900706ac7ede88ac0d6134615937c78b4c3b,,
ExtLibs/Xamarin/Xamarin/Maps/WMSProvider.cs,123,MissionPlanner.Maps,ExtLibs/Xamarin/Xamarin/Xamarin.csproj,T4,drop-pending-owner,,,S,,,,,ready,,,,0a15b409cf2f5d2cd378606be9fdd24d077b7348cdaffdf875686d9fc1974e33,,
ExtLibs/Xamarin/Xamarin/Maps/WPOverlay.cs,482,MissionPlanner.ArduPilot,ExtLibs/Xamarin/Xamarin/Xamarin.csproj,T4,drop-pending-owner,,,M,,,,,ready,,,,fb9f003992da7fc89841fb931bca8e80c118dba714071986de4ed619dbe78151,,
ExtLibs/Xamarin/Xamarin/MasterDetailPage1Detail.xaml.cs,19,Xamarin,ExtLibs/Xamarin/Xamarin/Xamarin.csproj,T4,drop-pending-owner,,,S,,,,,ready,,,,3afcb5eadc1fe88f05646b2eb40fb260534e3ec3bd7ce2fca9b41f33872e6f8b,,
ExtLibs/Xamarin/Xamarin/MasterDetailPage1Master.xaml.cs,59,Xamarin,ExtLibs/Xamarin/Xamarin/Xamarin.csproj,T4,drop-pending-owner,,,S,,,,,ready,,,,dd59689f83ca1919b3aa38d71b7e0715de7b31d0164590a3fb4590a76d07a3f8,,
ExtLibs/Xamarin/Xamarin/MasterDetailPage1MenuItem.cs,19,Xamarin,ExtLibs/Xamarin/Xamarin/Xamarin.csproj,T4,drop-pending-owner,,,S,,,,,ready,,,,70deb162eb9c3680732798a8cca0b544a0e8783c4080c586f1fb8ef2f5ed62f6,,
ExtLibs/Xamarin/Xamarin/Mavlinksvc.cs,37,Xamarin,ExtLibs/Xamarin/Xamarin/Xamarin.csproj,T4,drop-pending-owner,,,S,,,,,ready,,,,edbc45ccc880017c53fc8202a66f415b16a24c304e9a06980c2a180f799f7f1b,,
ExtLibs/Xamarin/Xamarin/MonoSerialPort.cs,23,Xamarin,ExtLibs/Xamarin/Xamarin/Xamarin.csproj,T4,drop-pending-owner,,,S,,,,,ready,,,,29c382d3bd138b611f55fe4816beb259d1c8fde59964739e13b7f2566c12295a,,
ExtLibs/Xamarin/Xamarin/ProgressReporterDialogue.cs,89,Xamarin,ExtLibs/Xamarin/Xamarin/Xamarin.csproj,T4,drop-pending-owner,,,S,,,,,ready,,,,6cb3ce65a5761f59b439d1c1b4cdfe5a3af869852a2f34c8f12552c95e0200be,,
ExtLibs/Xamarin/Xamarin/Properties/ResourcesX.Designer.cs,2687,MissionPlanner.Properties,ExtLibs/Xamarin/Xamarin/Xamarin.csproj,T1,regenerate,,,XL,,,,,ready,,,,fd89f5eb395de4306e3d9a41ce8b31524749476f543737022b237cb675457d11,,
ExtLibs/Xamarin/Xamarin/RTSP/AACPayload.cs,137,Rtsp,ExtLibs/Xamarin/Xamarin/RTSP/RTSP.csproj,T4,drop-pending-owner,,,S,,,,,ready,,,,9532aafc02c7d1dffc150fde030236cbb8a45d1a3110d6dba97f06ee5cdf2b67,,
ExtLibs/Xamarin/Xamarin/RTSP/AMRPayload.cs,36,Rtsp,ExtLibs/Xamarin/Xamarin/RTSP/RTSP.csproj,T4,drop-pending-owner,,,S,,,,,ready,,,,aa3536b022fab53c502626d9be16eb77e374f46b5ffbf5a42797e36577579491,,
ExtLibs/Xamarin/Xamarin/RTSP/Authentication.cs,181,Rtsp,ExtLibs/Xamarin/Xamarin/RTSP/RTSP.csproj,T4,drop-pending-owner,,,S,,,,,ready,,,,50659b7300b369122989625854b22bf62c4717973d34afcd2cfbdb6260a293eb,,
ExtLibs/Xamarin/Xamarin/RTSP/BitStream.cs,87,Rtsp,ExtLibs/Xamarin/Xamarin/RTSP/RTSP.csproj,T4,drop-pending-owner,,,S,,,,,ready,,,,c05949a8daf35a4359edba4b8ca62acd49b84de3215bb8bba5847ee82d7067eb,,
ExtLibs/Xamarin/Xamarin/RTSP/G711Payload.cs,66,Rtsp,ExtLibs/Xamarin/Xamarin/RTSP/RTSP.csproj,T4,drop-pending-owner,,,S,,,,,ready,,,,5d6a1b39941c6d3f1a94458f62c7fd8aba785a4aa2689c3a53f4bbc4ac620a65,,
ExtLibs/Xamarin/Xamarin/RTSP/H264Payload.cs,185,Rtsp,ExtLibs/Xamarin/Xamarin/RTSP/RTSP.csproj,T4,drop-pending-owner,,,S,,,,,ready,,,,4b6155ea3d01546b613287870bf4c1504b022d80a699b2ecb71f97affcf95dad,,
ExtLibs/Xamarin/Xamarin/RTSP/H265Payload.cs,224,Rtsp,ExtLibs/Xamarin/Xamarin/RTSP/RTSP.csproj,T4,drop-pending-owner,,,M,,,,,ready,,,,144cc4083942b0bed974e9ea138461403a109e168d934d9dfa5a35b9355214cc,,
ExtLibs/Xamarin/Xamarin/RTSP/IRTSPTransport.cs,43,Rtsp,ExtLibs/Xamarin/Xamarin/RTSP/RTSP.csproj,T4,drop-pending-owner,,,S,,,,,ready,,,,4ba4c17da21cb8ee716fe6a59fae1f8a17a3aa42b741cc614406c4ac105c1bde,,
ExtLibs/Xamarin/Xamarin/RTSP/Messages/PortCouple.cs,103,Rtsp.Messages,ExtLibs/Xamarin/Xamarin/RTSP/RTSP.csproj,T4,drop-pending-owner,,,S,,,,,ready,,,,75456b3e420f9b6411880010fd408607fb7e85afd04cc92054c560ae5e4bc2b9,,
ExtLibs/Xamarin/Xamarin/RTSP/Messages/RTSPChunk.cs,52,Rtsp.Messages,ExtLibs/Xamarin/Xamarin/RTSP/RTSP.csproj,T4,drop-pending-owner,,,S,,,,,ready,,,,0185974105533ca675a6c3f0183b8523ca8db914d86e2faa79df57be698ab500,,
ExtLibs/Xamarin/Xamarin/RTSP/Messages/RTSPData.cs,50,Rtsp.Messages,ExtLibs/Xamarin/Xamarin/RTSP/RTSP.csproj,T4,drop-pending-owner,,,S,,,,,ready,,,,9150014061ced292a4c65983f0213d5f0550695578f48084377ec59d7344edd0,,
ExtLibs/Xamarin/Xamarin/RTSP/Messages/RTSPHeaderNames.cs,24,Rtsp.Messages,ExtLibs/Xamarin/Xamarin/RTSP/RTSP.csproj,T4,drop-pending-owner,,,S,,,,,ready,,,,6949ccbcb2c378905324d612e437b720037743917fff4c6d6a99302dc391161c,,
ExtLibs/Xamarin/Xamarin/RTSP/Messages/RTSPMessage.cs,309,Rtsp.Messages,ExtLibs/Xamarin/Xamarin/RTSP/RTSP.csproj,T4,drop-pending-owner,,,M,,,,,ready,,,,2085da6fb05ebfcf0b126d0a356023938ac9b5a4cc42f7d72c0a356734356dd7,,
ExtLibs/Xamarin/Xamarin/RTSP/Messages/RTSPRequest.cs,194,Rtsp.Messages,ExtLibs/Xamarin/Xamarin/RTSP/RTSP.csproj,T4,drop-pending-owner,,,S,,,,,ready,,,,c63d436b90f1f76ae7f5e447a74e0e927eb658ac2acfbeb83e39d0f1f370a088,,
ExtLibs/Xamarin/Xamarin/RTSP/Messages/RTSPRequestAnnounce.cs,16,Rtsp.Messages,ExtLibs/Xamarin/Xamarin/RTSP/RTSP.csproj,T4,drop-pending-owner,,,S,,,,,ready,,,,a3dbd26508db452717e5516b5863a264e632649b4aa01806822d8405c5b5d597,,
ExtLibs/Xamarin/Xamarin/RTSP/Messages/RTSPRequestDescribe.cs,18,Rtsp.Messages,ExtLibs/Xamarin/Xamarin/RTSP/RTSP.csproj,T4,drop-pending-owner,,,S,,,,,ready,,,,81064239d5aa6d7304008bc5d51b0c22c63ee8bb5a39aedeff71915560dee653,,
ExtLibs/Xamarin/Xamarin/RTSP/Messages/RTSPRequestGetParameter.cs,17,Rtsp.Messages,ExtLibs/Xamarin/Xamarin/RTSP/RTSP.csproj,T4,drop-pending-owner,,,S,,,,,ready,,,,3e790695ef0361d6a07c10231663831e5c1b752dc5fbbd744e862d85d376eed8,,
ExtLibs/Xamarin/Xamarin/RTSP/Messages/RTSPRequestOptions.cs,33,Rtsp.Messages,ExtLibs/Xamarin/Xamarin/RTSP/RTSP.csproj,T4,drop-pending-owner,,,S,,,,,ready,,,,a2d700868c8fd045ddfc3e77de2dee7c57f65833b58f186c51d3e54fcbfa4f5f,,
ExtLibs/Xamarin/Xamarin/RTSP/Messages/RTSPRequestPause.cs,17,Rtsp.Messages,ExtLibs/Xamarin/Xamarin/RTSP/RTSP.csproj,T4,drop-pending-owner,,,S,,,,,ready,,,,16d9dbde4dd08a90744ef3ec0299978f52cefc8d818408a87e826ca5d10529e6,,
ExtLibs/Xamarin/Xamarin/RTSP/Messages/RTSPRequestPlay.cs,17,Rtsp.Messages,ExtLibs/Xamarin/Xamarin/RTSP/RTSP.csproj,T4,drop-pending-owner,,,S,,,,,ready,,,,25077581bf035aca47519ff0a6bce4c176f152cfb6f2ce8ec5d83bc32120a358,,
ExtLibs/Xamarin/Xamarin/RTSP/Messages/RTSPRequestRecord.cs,9,Rtsp.Messages,ExtLibs/Xamarin/Xamarin/RTSP/RTSP.csproj,T4,drop-pending-owner,,,S,,,,,ready,,,,b25ed91386993f90149fec89fa4a13bdf7a7fb79d6b9ebcda635fba3cbdf88a7,,
ExtLibs/Xamarin/Xamarin/RTSP/Messages/RTSPRequestSetup.cs,46,Rtsp.Messages,ExtLibs/Xamarin/Xamarin/RTSP/RTSP.csproj,T4,drop-pending-owner,,,S,,,,,ready,,,,eb50b0aff51f1db82072d632d79a13420314cc3a9242ccd47a26570e95a6dbb3,,
ExtLibs/Xamarin/Xamarin/RTSP/Messages/RTSPRequestTeardown.cs,17,Rtsp.Messages,ExtLibs/Xamarin/Xamarin/RTSP/RTSP.csproj,T4,drop-pending-owner,,,S,,,,,ready,,,,f57159022872944ea0b055a860018cfa2f9c714fdc9602dcffb9f8ddc6f1685f,,
ExtLibs/Xamarin/Xamarin/RTSP/Messages/RTSPResponse.cs,230,Rtsp.Messages,ExtLibs/Xamarin/Xamarin/RTSP/RTSP.csproj,T4,drop-pending-owner,,,M,,,,,ready,,,,5c3f11b405a006f6d62d91211ee76332c927d59e5bd3413d5333ea7ef9e61e2a,,
ExtLibs/Xamarin/Xamarin/RTSP/Messages/RTSPTransport.cs,370,Rtsp.Messages,ExtLibs/Xamarin/Xamarin/RTSP/RTSP.csproj,T4,drop-pending-owner,,,M,,,,,ready,,,,0bf94c9fb1623ca890149d7cc76693376ca1204aac59b721f5cdee6ddaaad253,,
ExtLibs/Xamarin/Xamarin/RTSP/Properties/AssemblyInfo.cs,41,,ExtLibs/Xamarin/Xamarin/RTSP/RTSP.csproj,T4,drop-pending-owner,,,S,,,,,dropped,,,,7be280ebfe9a07f7431bd5b59a545d6d358b73c19b8e263b67beadf4718201b0,,no callers in the C# tree as of efb0801 (D16): its project ExtLibs/Xamarin/Xamarin/RTSP/RTSP.csproj is in no build (neither MissionPlanner.sln nor MissionPlannerLib.sln reaches it); declares nothing
ExtLibs/Xamarin/Xamarin/RTSP/RTSPListener.cs,557,Rtsp,ExtLibs/Xamarin/Xamarin/RTSP/RTSP.csproj,T4,drop-pending-owner,,,M,,,,,ready,,,,e959d33dabdbbf8f434a04bb6a4ae79453271a6a6bc0e228c5dda763e6fb8158,,
ExtLibs/Xamarin/Xamarin/RTSP/RTSPMessageEventArgs.cs,30,Rtsp,ExtLibs/Xamarin/Xamarin/RTSP/RTSP.csproj,T4,drop-pending-owner,,,S,,,,,ready,,,,00499594ca8c378e16e2c21e1523bd15ab6ccb18fba43eb8e4435bd2d4f82552,,
ExtLibs/Xamarin/Xamarin/RTSP/RTSPTCPTransport.cs,118,Rtsp,ExtLibs/Xamarin/Xamarin/RTSP/RTSP.csproj,T4,drop-pending-owner,,,S,,,,,ready,,,,b24f7fdc1458074640e844f51f9091d99d951dfc654554d990927fcc34cba266,,
ExtLibs/Xamarin/Xamarin/RTSP/RTSPUtils.cs,19,Rtsp,ExtLibs/Xamarin/Xamarin/RTSP/RTSP.csproj,T4,drop-pending-owner,,,S,,,,,ready,,,,f50778cc9f2d64dd52bff5fec4a8aa2e91bd7ba8a1660e007c59c5eb84720fa7,,
ExtLibs/Xamarin/Xamarin/RTSP/Sdp/Attribut.cs,78,Rtsp.Sdp,ExtLibs/Xamarin/Xamarin/RTSP/RTSP.csproj,T4,drop-pending-owner,,,S,,,,,ready,,,,2046271e994b370f079687b9040a469250b71f2d97a4bbc34d0705183915e1d1,,
ExtLibs/Xamarin/Xamarin/RTSP/Sdp/AttributFmtp.cs,76,Rtsp.Sdp,ExtLibs/Xamarin/Xamarin/RTSP/RTSP.csproj,T4,drop-pending-owner,,,S,,,,,ready,,,,c502371d1481e13e1cb9db9985904e9940e7179e61a402dc09976a51a418aae2,,
ExtLibs/Xamarin/Xamarin/RTSP/Sdp/AttributRtpMap.cs,79,Rtsp.Sdp,ExtLibs/Xamarin/Xamarin/RTSP/RTSP.csproj,T4,drop-pending-owner,,,S,,,,,ready,,,,7ff30273ae83f1eba6292acf88e7d896272c47fd4a25fbef01e8878e17a33526,,
ExtLibs/Xamarin/Xamarin/RTSP/Sdp/Bandwidth.cs,20,Rtsp.Sdp,ExtLibs/Xamarin/Xamarin/RTSP/RTSP.csproj,T4,drop-pending-owner,,,S,,,,,ready,,,,cb1092a9ad694c3195621f0807fd04c850fd69bdfbd4148085c1b650eb8372c5,,
ExtLibs/Xamarin/Xamarin/RTSP/Sdp/Connection.cs,52,Rtsp.Sdp,ExtLibs/Xamarin/Xamarin/RTSP/RTSP.csproj,T4,drop-pending-owner,,,S,,,,,ready,,,,ac8ab136ead071f14efcdd10927b2257ca8b1dba275fc325ae6c4239cc92aeec,,
ExtLibs/Xamarin/Xamarin/RTSP/Sdp/ConnectionIP4.cs,42,Rtsp.Sdp,ExtLibs/Xamarin/Xamarin/RTSP/RTSP.csproj,T4,drop-pending-owner,,,S,,,,,ready,,,,0b15a35b327cddf1c14ed72c56df45e3084bda124fc0aa2db8753dc1084ea5ca,,
ExtLibs/Xamarin/Xamarin/RTSP/Sdp/ConnectionIP6.cs,33,Rtsp.Sdp,ExtLibs/Xamarin/Xamarin/RTSP/RTSP.csproj,T4,drop-pending-owner,,,S,,,,,ready,,,,0de83d4667315e610c9adda0015dbb324ffd9de8a478ab469085fad5203f6d49,,
ExtLibs/Xamarin/Xamarin/RTSP/Sdp/EncriptionKey.cs,25,Rtsp.Sdp,ExtLibs/Xamarin/Xamarin/RTSP/RTSP.csproj,T4,drop-pending-owner,,,S,,,,,ready,,,,fa4609e7975eed2017264817e4542e6e7eca9837badd6a284304f4b7e7bfbc37,,
ExtLibs/Xamarin/Xamarin/RTSP/Sdp/H264Parameter.cs,137,Rtsp.Sdp,ExtLibs/Xamarin/Xamarin/RTSP/RTSP.csproj,T4,drop-pending-owner,,,S,,,,,ready,,,,b7b27d804ca5bba2c29d8087be5447923a4ec21da05c9c5a4a0245f861d652bb,,
ExtLibs/Xamarin/Xamarin/RTSP/Sdp/H265Parameter.cs,150,Rtsp.Sdp,ExtLibs/Xamarin/Xamarin/RTSP/RTSP.csproj,T4,drop-pending-owner,,,S,,,,,ready,,,,4ea5895eed928493e90f9046edf001bf4501ccdc00418bbf7d0bbf32708d2c70,,
ExtLibs/Xamarin/Xamarin/RTSP/Sdp/Media.cs,63,Rtsp.Sdp,ExtLibs/Xamarin/Xamarin/RTSP/RTSP.csproj,T4,drop-pending-owner,,,S,,,,,ready,,,,9f03bb19b3d009e97c68a2da15aed212f7d7a35b6878e82cd20030eaf5d5a8f6,,
ExtLibs/Xamarin/Xamarin/RTSP/Sdp/Origin.cs,104,Rtsp.Sdp,ExtLibs/Xamarin/Xamarin/RTSP/RTSP.csproj,T4,drop-pending-owner,,,S,,,,,ready,,,,e95de5a2fed14199e93768a284f72185cbac7a40e1a111e60203508afea5e152,,
ExtLibs/Xamarin/Xamarin/RTSP/Sdp/SdpFile.cs,269,Rtsp.Sdp,ExtLibs/Xamarin/Xamarin/RTSP/RTSP.csproj,T4,drop-pending-owner,,,M,,,,,ready,,,,f1fb193f81c85aca91124f2e93bc56ab41e3a4fe645757beeef3d9a871bec765,,
ExtLibs/Xamarin/Xamarin/RTSP/Sdp/SdpTimeZone.cs,29,Rtsp.Sdp,ExtLibs/Xamarin/Xamarin/RTSP/RTSP.csproj,T4,drop-pending-owner,,,S,,,,,ready,,,,4463cb32785b843c3abd2f48a3f1cd03491824af181d7138d4b2ffbf54d5ab35,,
ExtLibs/Xamarin/Xamarin/RTSP/Sdp/Timing.cs,20,Rtsp.Sdp,ExtLibs/Xamarin/Xamarin/RTSP/RTSP.csproj,T4,drop-pending-owner,,,S,,,,,ready,,,,9def8339545cec8243df4d8daa6148744f36b199606921b28f61fd27de14f589,,
ExtLibs/Xamarin/Xamarin/RTSP/UdpSocket.cs,230,Rtsp,ExtLibs/Xamarin/Xamarin/RTSP/RTSP.csproj,T4,drop-pending-owner,,,M,,,,,ready,,,,68a27b6e456cb0f35599fedf2a8717b2295b18ef0a7aaf62a62d0fc657554bc6,,
ExtLibs/Xamarin/Xamarin/RTSPClient.cs,1106,Xamarin,ExtLibs/Xamarin/Xamarin/Xamarin.csproj,T4,drop-pending-owner,,,L,,,,,ready,,,,5f183d53ad458c615f1e9f4c211bbe19dcd8215e27f835e6eea492fe4c896db5,,
ExtLibs/Xamarin/Xamarin/files.Designer.cs,864,MissionPlanner,ExtLibs/Xamarin/Xamarin/Xamarin.csproj,T1,regenerate,,,L,,,,,ready,,,,11e61374a9e8e877b6f4eb412b6dd55e1edfa7edf1e00b8d24ee5c0ba03bb9f7,,
ExtLibs/Xamarin/gstreamerAndroid/AndroidApp1/MainActivity.cs,65,AndroidApp1,ExtLibs/Xamarin/gstreamerAndroid/AndroidApp1/AndroidApp1.csproj,T4,drop-pending-owner,,,S,,,,,dropped,,,,afdf47f41b1c1d50f4c28835b29286650f700afe813276e69cd37b28a830377a,,no callers in the C# tree as of efb0801 (D16): its project ExtLibs/Xamarin/gstreamerAndroid/AndroidApp1/AndroidApp1.csproj is in no build (neither MissionPlanner.sln nor MissionPlannerLib.sln reaches it); declares MainActivity
ExtLibs/Xamarin/gstreamerAndroid/AndroidApp1/Resources/Resource.designer.cs,18778,AndroidApp1,ExtLibs/Xamarin/gstreamerAndroid/AndroidApp1/AndroidApp1.csproj,T1,regenerate,,,XL,,,,,dropped,,,,794a00a0ab4d792e12b2d07a7f7a33001419baf3af947be0c66977c44806757a,,"no callers in the C# tree as of efb0801 (D16): compiled by no project (MissionPlannerLib.csproj has Compile Remove=""ExtLibs\Xamarin\**""); declares Resource"
ExtLibs/Xamarin/gstreamerAndroid/Properties/AssemblyInfo.cs,26,,ExtLibs/Xamarin/gstreamerAndroid/gstreamerAndroid.csproj,T4,drop-pending-owner,,,S,,,,,ready,,,,09708d0d458bbda9a992ecf393ddfdcb70397bd224bb25f16cda8e46ee55ffe2,,
ExtLibs/ZedGraph/Properties/AssemblyInfo.cs,39,,ExtLibs/ZedGraph/ZedGraph.csproj,T0,delete,,,S,,,,,ready,,,,538a337abf5264b3f73db00ccd53ef68f7c14c79fa923e4ec9ab7224cbd01291,,
ExtLibs/ZedGraph/ReversibleFrame.cs,189,ZedGraph,ExtLibs/ZedGraph/ZedGraph.csproj,T0,delete,,,S,,,,,ready,,,,82d7a2f6ec514c73c564e580017a47a4b51be855c0e386bc31951fa33c52a693,,
ExtLibs/ZedGraph/ZedGraph/ArrowObj.cs,323,ZedGraph,ExtLibs/ZedGraph/ZedGraph/ZedGraph.csproj,T0,delete,,,M,,,,,ready,,,,90f03ae749fea6274561c047cf452bd7d350901e313d6f7c3aadcdc8b6c6b595,,
ExtLibs/ZedGraph/ZedGraph/Axis.cs,1444,ZedGraph,ExtLibs/ZedGraph/ZedGraph/ZedGraph.csproj,T0,delete,,,L,,,,,ready,,,,af3512252558fcaba32abd21a5da63da8bc5dafc25bf351a051069fd86947a32,,
ExtLibs/ZedGraph/ZedGraph/AxisLabel.cs,180,ZedGraph,ExtLibs/ZedGraph/ZedGraph/ZedGraph.csproj,T0,delete,,,S,,,,,ready,,,,1d05a6fd6d5331873fe7cef6d00294895ad4a9e23e06d9ed5c13f0ad75215347,,
ExtLibs/ZedGraph/ZedGraph/Bar.cs,523,ZedGraph,ExtLibs/ZedGraph/ZedGraph/ZedGraph.csproj,T0,delete,,,M,,,,,ready,,,,f518b66ed39f66773c87fcc17327956492951dd0cb1e9a468a7ebd423d9ec604,,
ExtLibs/ZedGraph/ZedGraph/BarItem.cs,457,ZedGraph,ExtLibs/ZedGraph/ZedGraph/ZedGraph.csproj,T0,delete,,,M,,,,,ready,,,,42b2b7e3761a305ae7b1e6d1ab328f064522b98dc8e5a3c970a2cdede51abd54,,
ExtLibs/ZedGraph/ZedGraph/BarSettings.cs,485,ZedGraph,ExtLibs/ZedGraph/ZedGraph/ZedGraph.csproj,T0,delete,,,M,,,,,ready,,,,2a400eefbe77c8e3dcc1ef53a8f5418950dc30d5d366618f983f55a2861faf89,,
ExtLibs/ZedGraph/ZedGraph/BasicArrayPointList.cs,147,ZedGraph,ExtLibs/ZedGraph/ZedGraph/ZedGraph.csproj,T0,delete,,,S,,,,,ready,,,,ac49e19ea303a73b03d43ff124c29b74e8aeb380eca42c6ca13475e498cb58e0,,
ExtLibs/ZedGraph/ZedGraph/Border.cs,250,ZedGraph,ExtLibs/ZedGraph/ZedGraph/ZedGraph.csproj,T0,delete,,,M,,,,,ready,,,,6af6e6044d6116a0e00fd316c1bb2427bdbb6e4b460086a7e7d98685c97c1156,,
ExtLibs/ZedGraph/ZedGraph/BoxObj.cs,348,ZedGraph,ExtLibs/ZedGraph/ZedGraph/ZedGraph.csproj,T0,delete,,,M,,,,,ready,,,,f2b1a1228d48e3e16ce2618122adba7981315a6ceb4afaa61fa0c3cddd2a8955,,
ExtLibs/ZedGraph/ZedGraph/Chart.cs,256,ZedGraph,ExtLibs/ZedGraph/ZedGraph/ZedGraph.csproj,T0,delete,,,M,,,,,ready,,,,56bde8e13af067556d92278ec233b70eac59e6525c31f3184411ca90093a8b81,,
ExtLibs/ZedGraph/ZedGraph/CollectionPlus.cs,162,ZedGraph,ExtLibs/ZedGraph/ZedGraph/ZedGraph.csproj,T0,delete,,,S,,,,,ready,,,,46557e2706bb952c53eda001e17d6a67d5cd5c1ae3ecd5f242d8c6307ca0747a,,
ExtLibs/ZedGraph/ZedGraph/ColorSymbolRotator.cs,188,ZedGraph,ExtLibs/ZedGraph/ZedGraph/ZedGraph.csproj,T0,delete,,,S,,,,,ready,,,,90f3dceabf1dc84b8b6739691968dbdbad0890b755da4451bbcf524013586457,,
ExtLibs/ZedGraph/ZedGraph/CurveItem.cs,1229,ZedGraph,ExtLibs/ZedGraph/ZedGraph/ZedGraph.csproj,T0,delete,,,L,,,,,ready,,,,fd4ab3305783235fdb38f62b822b51eadefec8b94d828dc9fa4dfcb96f3cd0a5,,
ExtLibs/ZedGraph/ZedGraph/CurveList.cs,746,ZedGraph,ExtLibs/ZedGraph/ZedGraph/ZedGraph.csproj,T0,delete,,,L,,,,,ready,,,,491c550d78acbe9135b798214fe84c31cb18aa63d5457fab1739c626c3965b6d,,
ExtLibs/ZedGraph/ZedGraph/DataSourcePointList.cs,303,ZedGraph,ExtLibs/ZedGraph/ZedGraph/ZedGraph.csproj,T0,delete,,,M,,,,,ready,,,,1b6e7a695ccfab66d72bddae26e0685284cfc290f9c0a055ae7709cb2317cf5f,,
ExtLibs/ZedGraph/ZedGraph/DateAsOrdinalScale.cs,339,ZedGraph,ExtLibs/ZedGraph/ZedGraph/ZedGraph.csproj,T0,delete,,,M,,,,,ready,,,,73bda8dab9cde141c8c15419ae5aae87ea8df71bab1750556cbbc0c1e78c7871,,
ExtLibs/ZedGraph/ZedGraph/DateScale.cs,947,ZedGraph,ExtLibs/ZedGraph/ZedGraph/ZedGraph.csproj,T0,delete,,,L,,,,,ready,,,,bf7250a78517c8c0df82885256f51299aeb7b5567c08e68db3dce088385fd107,,
ExtLibs/ZedGraph/ZedGraph/EllipseObj.cs,259,ZedGraph,ExtLibs/ZedGraph/ZedGraph/ZedGraph.csproj,T0,delete,,,M,,,,,ready,,,,a98c2c577f77e66f70374bdd5d4fba1d2acebc287edafc503c382c0516c9dad6,,
ExtLibs/ZedGraph/ZedGraph/ErrorBar.cs,388,ZedGraph,ExtLibs/ZedGraph/ZedGraph/ZedGraph.csproj,T0,delete,,,M,,,,,ready,,,,efbb0544e2e3eaad1b8da95a1e0075ca73a3a09a3791fa8fb1f10446d28cf4d7,,
ExtLibs/ZedGraph/ZedGraph/ErrorBarItem.cs,364,ZedGraph,ExtLibs/ZedGraph/ZedGraph/ZedGraph.csproj,T0,delete,,,M,,,,,ready,,,,efad56556d06fc402fbfc12c1c5aaa4bfab3f415f4368d9769778af497a49151,,
ExtLibs/ZedGraph/ZedGraph/ExponentScale.cs,404,ZedGraph,ExtLibs/ZedGraph/ZedGraph/ZedGraph.csproj,T0,delete,,,M,,,,,ready,,,,143c4044e42a55e6c21b22ae6b9c6f7301c252fb926970b4a5382f5d2375f488,,
ExtLibs/ZedGraph/ZedGraph/Fill.cs,1145,ZedGraph,ExtLibs/ZedGraph/ZedGraph/ZedGraph.csproj,T0,delete,,,L,,,,,ready,,,,025cf6336aca3778237be5cc1273133c2fbc0c725add18e2f86d27cfbdac1337,,
ExtLibs/ZedGraph/ZedGraph/FilteredPointList.cs,321,ZedGraph,ExtLibs/ZedGraph/ZedGraph/ZedGraph.csproj,T0,delete,,,M,,,,,ready,,,,351f2342ecb32bc9baf809b915ef2d512eda28286bea360d8f2d67b465630f99,,
ExtLibs/ZedGraph/ZedGraph/FontSpec.cs,1503,ZedGraph,ExtLibs/ZedGraph/ZedGraph/ZedGraph.csproj,T0,delete,,,XL,,,,,ready,,,,a060a81410ce1d81b9f28129517f16740bb5ada17ccf48b85525f303c6f06a1b,,
ExtLibs/ZedGraph/ZedGraph/GapLabel.cs,176,ZedGraph,ExtLibs/ZedGraph/ZedGraph/ZedGraph.csproj,T0,delete,,,S,,,,,ready,,,,74f1ca8be36927dfd826df5834a38a3ba0d8154bafaed7183a252e0766a05e3f,,
ExtLibs/ZedGraph/ZedGraph/GasGaugeNeedle.cs,594,ZedGraph,ExtLibs/ZedGraph/ZedGraph/ZedGraph.csproj,T0,delete,,,M,,,,,ready,,,,97ca96d3ccc913d9f46114162ff4c24c6ccf64ff0b647b10638181b8061a07a0,,
ExtLibs/ZedGraph/ZedGraph/GasGaugeRegion.cs,598,ZedGraph,ExtLibs/ZedGraph/ZedGraph/ZedGraph.csproj,T0,delete,,,M,,,,,ready,,,,19b39bfdacd56d81fb57d71309d99025c1b563bb164ef4bef40087435ed82f41,,
ExtLibs/ZedGraph/ZedGraph/GraphObj.cs,505,ZedGraph,ExtLibs/ZedGraph/ZedGraph/ZedGraph.csproj,T0,delete,,,M,,,,,ready,,,,084ae674423fdfb34cafd154a0dee4f2632fbeb917510c8c3cea60ca4ce3e139,,
ExtLibs/ZedGraph/ZedGraph/GraphObjList.cs,303,ZedGraph,ExtLibs/ZedGraph/ZedGraph/ZedGraph.csproj,T0,delete,,,M,,,,,ready,,,,cab12732ed97db848ec5e879975939fe6eba731e5294d8ecc960f58890850960,,
ExtLibs/ZedGraph/ZedGraph/GraphPane.cs,2329,ZedGraph,ExtLibs/ZedGraph/ZedGraph/ZedGraph.csproj,T0,delete,,,XL,,,,,ready,,,,abfb3126fcfae0fb68519658c8d9328fd3a40f7d6dacc6b78ea3c80dbd6eaa8c,,
ExtLibs/ZedGraph/ZedGraph/HSBColor.cs,225,ZedGraph,ExtLibs/ZedGraph/ZedGraph/ZedGraph.csproj,T0,delete,,,M,,,,,ready,,,,067a739742e968506c9e1b077ece80a3bcfeec3142401e0848522db6e315bf85,,
ExtLibs/ZedGraph/ZedGraph/HiLowBar.cs,378,ZedGraph,ExtLibs/ZedGraph/ZedGraph/ZedGraph.csproj,T0,delete,,,M,,,,,ready,,,,2380b04c99e1c13ea154496ab7279ea9627d878608b640be4ef27721c7a2d708,,
ExtLibs/ZedGraph/ZedGraph/HiLowBarItem.cs,149,ZedGraph,ExtLibs/ZedGraph/ZedGraph/ZedGraph.csproj,T0,delete,,,S,,,,,ready,,,,c00ca0ea046a5124f3e055cbd1ff78a1012a4992e84ab29c4f46eff17bf9f551,,
ExtLibs/ZedGraph/ZedGraph/IPointList.cs,57,ZedGraph,ExtLibs/ZedGraph/ZedGraph/ZedGraph.csproj,T0,delete,,,S,,,,,ready,,,,56b183043806afa797d0172a807998d9b14d22aed71a04f36e4df739bf7a3a10,,
ExtLibs/ZedGraph/ZedGraph/IPointListEdit.cs,88,ZedGraph,ExtLibs/ZedGraph/ZedGraph/ZedGraph.csproj,T0,delete,,,S,,,,,ready,,,,5b14e7c830300880c208247c3a61593cecd56a78124427f81a25a5d268615b2c,,
ExtLibs/ZedGraph/ZedGraph/ImageObj.cs,342,ZedGraph,ExtLibs/ZedGraph/ZedGraph/ZedGraph.csproj,T0,delete,,,M,,,,,ready,,,,211fe743eaec5652fc24bf4fc78ba6aa484d9d960a2c732f17e3cb8a04d2c02e,,
ExtLibs/ZedGraph/ZedGraph/JapaneseCandleStick.cs,485,ZedGraph,ExtLibs/ZedGraph/ZedGraph/ZedGraph.csproj,T0,delete,,,M,,,,,ready,,,,1677ea912d206918a95f72de09e8d759c6408ad41d1442a175617d896203e509,,
ExtLibs/ZedGraph/ZedGraph/JapaneseCandleStickItem.cs,353,ZedGraph,ExtLibs/ZedGraph/ZedGraph/ZedGraph.csproj,T0,delete,,,M,,,,,ready,,,,677f904d9d0428710c87be34cb696299843c6f89e4a308c24e73bf619203897b,,
ExtLibs/ZedGraph/ZedGraph/Label.cs,202,ZedGraph,ExtLibs/ZedGraph/ZedGraph/ZedGraph.csproj,T0,delete,,,M,,,,,ready,,,,7f14ee9d24877e8e9eba9541c27a31f17abe2d9c12f47fb10c7c404a593885eb,,
ExtLibs/ZedGraph/ZedGraph/Legend.cs,1038,ZedGraph,ExtLibs/ZedGraph/ZedGraph/ZedGraph.csproj,T0,delete,,,L,,,,,ready,,,,9df255fa1b6fc13ed72043981670fb0b478810967316b1e69f3791dfebe6d985,,
ExtLibs/ZedGraph/ZedGraph/Line.cs,1479,ZedGraph,ExtLibs/ZedGraph/ZedGraph/ZedGraph.csproj,T0,delete,,,L,,,,,ready,,,,74dadff97df9e3873d0f6610a59b2e5665d0d8234eed1ffb5f3f7a3d0289974d,,
ExtLibs/ZedGraph/ZedGraph/LineBase.cs,474,ZedGraph,ExtLibs/ZedGraph/ZedGraph/ZedGraph.csproj,T0,delete,,,M,,,,,ready,,,,22fd1740eb5ab6e208609f90e71776cdb8267a09a0c3aeec62dcc51974db24dd,,
ExtLibs/ZedGraph/ZedGraph/LineItem.cs,394,ZedGraph,ExtLibs/ZedGraph/ZedGraph/ZedGraph.csproj,T0,delete,,,M,,,,,ready,,,,1003bc364f29f15acfd53162b5b78a40800ca617a80cfea945bb153a36871050,,
ExtLibs/ZedGraph/ZedGraph/LineObj.cs,338,ZedGraph,ExtLibs/ZedGraph/ZedGraph/ZedGraph.csproj,T0,delete,,,M,,,,,ready,,,,c5d09056991522cbb6a5a9aa63201a65c83418ddf67dbb127af8b01f2e88e15a,,
ExtLibs/ZedGraph/ZedGraph/LinearAsOrdinalScale.cs,244,ZedGraph,ExtLibs/ZedGraph/ZedGraph/ZedGraph.csproj,T0,delete,,,M,,,,,ready,,,,2a5224e6671d0f49397963a2bd195e4d34cffa123efd72e63e315adbca7ae114,,
ExtLibs/ZedGraph/ZedGraph/LinearScale.cs,234,ZedGraph,ExtLibs/ZedGraph/ZedGraph/ZedGraph.csproj,T0,delete,,,M,,,,,ready,,,,69a448590e4279ccbce57273cf2b3024ebcfe2d64ec21e10a12e0d1bf3611af6,,
ExtLibs/ZedGraph/ZedGraph/Link.cs,303,ZedGraph,ExtLibs/ZedGraph/ZedGraph/ZedGraph.csproj,T0,delete,,,M,,,,,ready,,,,bc844bc6f3db74936637e94e8d1f84de0d7a50098c024c0b5fb5164f225ba550,,
ExtLibs/ZedGraph/ZedGraph/Location.cs,566,ZedGraph,ExtLibs/ZedGraph/ZedGraph/ZedGraph.csproj,T0,delete,,,M,,,,,ready,,,,2417a3ad359499526df72b3b8c9d09d83312a56686a13774c013ea2abcc18263,,
ExtLibs/ZedGraph/ZedGraph/LogScale.cs,443,ZedGraph,ExtLibs/ZedGraph/ZedGraph/ZedGraph.csproj,T0,delete,,,M,,,,,ready,,,,6dc46f69d8f712791674cd2be1cf97b0dc6ec60fa3bab3abf52e6e3a548f8cae,,
ExtLibs/ZedGraph/ZedGraph/MajorGrid.cs,200,ZedGraph,ExtLibs/ZedGraph/ZedGraph/ZedGraph.csproj,T0,delete,,,M,,,,,ready,,,,6ae7ce24cade9029b1a6342898d4cde4b79bfe90f967dd17b3b62fe0159a909e,,
ExtLibs/ZedGraph/ZedGraph/MajorTic.cs,244,ZedGraph,ExtLibs/ZedGraph/ZedGraph/ZedGraph.csproj,T0,delete,,,M,,,,,ready,,,,57577deb8e8bb987b3e72c0f33f18f43b4141978ee5fef17307cf8c804ba2cf7,,
ExtLibs/ZedGraph/ZedGraph/Margin.cs,264,ZedGraph,ExtLibs/ZedGraph/ZedGraph/ZedGraph.csproj,T0,delete,,,M,,,,,ready,,,,52ca3ddf288c618240ec20f4936ea145a500d3b26c57ecfbaf44c663e88fd030,,
ExtLibs/ZedGraph/ZedGraph/MasterPane.cs,1179,ZedGraph,ExtLibs/ZedGraph/ZedGraph/ZedGraph.csproj,T0,delete,,,L,,,,,ready,,,,121a9cd069791b63342ea8d0afd8789a19c51cd709e37c51d1cb633ae20a8305,,
ExtLibs/ZedGraph/ZedGraph/MinorGrid.cs,294,ZedGraph,ExtLibs/ZedGraph/ZedGraph/ZedGraph.csproj,T0,delete,,,M,,,,,ready,,,,7670e315cd79487439d4f94ab0f255b6002efd5d89f5f93c035a465b3e33622d,,
ExtLibs/ZedGraph/ZedGraph/MinorTic.cs,501,ZedGraph,ExtLibs/ZedGraph/ZedGraph/ZedGraph.csproj,T0,delete,,,M,,,,,ready,,,,7a3ddc75070ce2e8279aacb91e348672d2b1cee4c207e1dc7ba0a92e5384e989,,
ExtLibs/ZedGraph/ZedGraph/NoDupePointList.cs,358,ZedGraph,ExtLibs/ZedGraph/ZedGraph/ZedGraph.csproj,T0,delete,,,M,,,,,ready,,,,b38028d73b3ec5caf66b365f95aea2da32edd8afc2946a5027982e404924fa73,,
ExtLibs/ZedGraph/ZedGraph/OHLCBar.cs,436,ZedGraph,ExtLibs/ZedGraph/ZedGraph/ZedGraph.csproj,T0,delete,,,M,,,,,ready,,,,21304836efe1e2fba9299c9abc31514671b504904f3df70c038a635645232873,,
ExtLibs/ZedGraph/ZedGraph/OHLCBarItem.cs,345,ZedGraph,ExtLibs/ZedGraph/ZedGraph/ZedGraph.csproj,T0,delete,,,M,,,,,ready,,,,831101592029bff64e9fb2eed517e4e3edbea4694b4d7e4b9339ff63a284f2ef,,
ExtLibs/ZedGraph/ZedGraph/OrdinalScale.cs,233,ZedGraph,ExtLibs/ZedGraph/ZedGraph/ZedGraph.csproj,T0,delete,,,M,,,,,ready,,,,2099c32c9fcec81f8733555befe150b8d8865f12c68f8bbe50cccb0a958dfa1f,,
ExtLibs/ZedGraph/ZedGraph/PaneBase.cs,1220,ZedGraph,ExtLibs/ZedGraph/ZedGraph/ZedGraph.csproj,T0,delete,,,L,,,,,ready,,,,eb70fb89f01643b71e745b65c2fb479dbdd3d5b91e4ce9b325ad875036a46561,,
ExtLibs/ZedGraph/ZedGraph/PaneLayoutMgr.cs,561,ZedGraph,ExtLibs/ZedGraph/ZedGraph/ZedGraph.csproj,T0,delete,,,M,,,,,ready,,,,6b86003616ed090dfbb35cfe14035f6273947838d1edeb198641de353f5da5c6,,
ExtLibs/ZedGraph/ZedGraph/PaneList.cs,237,ZedGraph,ExtLibs/ZedGraph/ZedGraph/ZedGraph.csproj,T0,delete,,,M,,,,,ready,,,,1212c554134ba50a58c03b819c07d7519aa7ddf4c38628889af5630c5e42e8ce,,
ExtLibs/ZedGraph/ZedGraph/PieItem.cs,1091,ZedGraph,ExtLibs/ZedGraph/ZedGraph/ZedGraph.csproj,T0,delete,,,L,,,,,ready,,,,2d7640f48c2221689069b0b82b2c6457eef466368848e0c7a6a8b4635e0b240c,,
ExtLibs/ZedGraph/ZedGraph/PointD.cs,59,ZedGraph,ExtLibs/ZedGraph/ZedGraph/ZedGraph.csproj,T0,delete,,,S,,,,,ready,,,,55a943aee1a7c09b3718c15f3d42248d3dbc4fbe3e4c8b92716d3dc8c7b9c53a,,
ExtLibs/ZedGraph/ZedGraph/PointPair.cs,562,ZedGraph,ExtLibs/ZedGraph/ZedGraph/ZedGraph.csproj,T0,delete,,,M,,,,,ready,,,,5de8e2592097469ef3889b7a520963867356aa671fd082a18166a892bb7061e1,,
ExtLibs/ZedGraph/ZedGraph/PointPair4.cs,218,ZedGraph,ExtLibs/ZedGraph/ZedGraph/ZedGraph.csproj,T0,delete,,,M,,,,,ready,,,,44ec1c3cbb7204d0ac98ad9612f9aa4c277922e6d459472a8266945313f42556,,
ExtLibs/ZedGraph/ZedGraph/PointPairBase.cs,281,ZedGraph,ExtLibs/ZedGraph/ZedGraph/ZedGraph.csproj,T0,delete,,,M,,,,,ready,,,,15dcbd38a3f4e93394e1ed0c9be85303fc4ae000bb7886ee03472f11d02196fd,,
ExtLibs/ZedGraph/ZedGraph/PointPairCV.cs,122,ZedGraph,ExtLibs/ZedGraph/ZedGraph/ZedGraph.csproj,T0,delete,,,S,,,,,ready,,,,365db1db2f464b4f1acd93bd6962519aa6c41bfa26cd9d5c3cb95be94ff8cdfb,,
ExtLibs/ZedGraph/ZedGraph/PointPairList.cs,935,ZedGraph,ExtLibs/ZedGraph/ZedGraph/ZedGraph.csproj,T0,delete,,,L,,,,,ready,,,,c046f880dbb94678322d040ba25bbe3d229c6f5ed5dbf927ecc81619d543ee1f,,
ExtLibs/ZedGraph/ZedGraph/PolyObj.cs,336,ZedGraph,ExtLibs/ZedGraph/ZedGraph/ZedGraph.csproj,T0,delete,,,M,,,,,ready,,,,26d6711784a8ba231aa1aab3fff027b80ae5bd4cf767c1f7c38c081ca4726a86,,
ExtLibs/ZedGraph/ZedGraph/RadarPointList.cs,216,ZedGraph,ExtLibs/ZedGraph/ZedGraph/ZedGraph.csproj,T0,delete,,,M,,,,,ready,,,,9ff386b5fc408fd6b85a4108d32a3a358fd6bd19002175c1b36cea0e40c7b51b,,
ExtLibs/ZedGraph/ZedGraph/RollingPointPairList.cs,667,ZedGraph,ExtLibs/ZedGraph/ZedGraph/ZedGraph.csproj,T0,delete,,,L,,,,,ready,,,,ee0cd47a06a1f2ed9479bbb8806d57565ed5f6a416fbdf0d78fce7947c667f67,,
ExtLibs/ZedGraph/ZedGraph/SampleMultiPointList.cs,284,ZedGraph,ExtLibs/ZedGraph/ZedGraph/ZedGraph.csproj,T0,delete,,,M,,,,,ready,,,,8b329b26422a0776bba2648a66e3d8fa877b97e3409422107b25932bbcfeb1ff,,
ExtLibs/ZedGraph/ZedGraph/SamplePointList.cs,198,ZedGraph,ExtLibs/ZedGraph/ZedGraph/ZedGraph.csproj,T0,delete,,,S,,,,,ready,,,,72da6044589e0c4619276962eea116948aabd78037680c40ce2a47c4157640ac,,
ExtLibs/ZedGraph/ZedGraph/Scale.cs,2928,ZedGraph,ExtLibs/ZedGraph/ZedGraph/ZedGraph.csproj,T0,delete,,,XL,,,,,ready,,,,b713a2f0f2d93fced20c9d55f3bc4660ded66ea39a49e7d339f326b5e79959f1,,
ExtLibs/ZedGraph/ZedGraph/ScaleState.cs,185,ZedGraph,ExtLibs/ZedGraph/ZedGraph/ZedGraph.csproj,T0,delete,,,S,,,,,ready,,,,15dce6d026ee8b02da2ad3cd98d9bac1e20dac1b98c5032cd31e8d77cc383177,,
ExtLibs/ZedGraph/ZedGraph/ScaleStateList.cs,177,ZedGraph,ExtLibs/ZedGraph/ZedGraph/ZedGraph.csproj,T0,delete,,,S,,,,,ready,,,,7a9d0a014003e409faecb53b93905ad879e9926c581cb760441d55b1eb328032,,
ExtLibs/ZedGraph/ZedGraph/ScrollRange.cs,97,ZedGraph,ExtLibs/ZedGraph/ZedGraph/ZedGraph.csproj,T0,delete,,,S,,,,,ready,,,,3218e45df9dc6e90d002a1e185535d348a076ce8ce5c2a399af9c3a7c05541aa,,
ExtLibs/ZedGraph/ZedGraph/ScrollRangeList.cs,129,ZedGraph,ExtLibs/ZedGraph/ZedGraph/ZedGraph.csproj,T0,delete,,,S,,,,,ready,,,,a8bda40bb65385937546e0618841827eaf8b5359c508b85d0ea6568828b719c8,,
ExtLibs/ZedGraph/ZedGraph/Selection.cs,258,ZedGraph,ExtLibs/ZedGraph/ZedGraph/ZedGraph.csproj,T0,delete,,,M,,,,,ready,,,,ba695227c1c5a6eedadc876d1011c89e89160cf314b4d0011b41a48e17e82dfd,,
ExtLibs/ZedGraph/ZedGraph/StickItem.cs,219,ZedGraph,ExtLibs/ZedGraph/ZedGraph/ZedGraph.csproj,T0,delete,,,M,,,,,ready,,,,a583884b28cf14adb75834fd5f0cbf3621baae8aac9bdd929ab25eedf3828e29,,
ExtLibs/ZedGraph/ZedGraph/StockPointList.cs,171,ZedGraph,ExtLibs/ZedGraph/ZedGraph/ZedGraph.csproj,T0,delete,,,S,,,,,ready,,,,d12ff5404476f20982cbe6cb3844c265a7902ea7c79dc8aa3216a433d3a667a0,,
ExtLibs/ZedGraph/ZedGraph/StockPt.cs,316,ZedGraph,ExtLibs/ZedGraph/ZedGraph/ZedGraph.csproj,T0,delete,,,M,,,,,ready,,,,611f2b9baab72dc827c91dc95d601dbc86a2e024abaf0ed624b707b38b1a245a,,
ExtLibs/ZedGraph/ZedGraph/Symbol.cs,684,ZedGraph,ExtLibs/ZedGraph/ZedGraph/ZedGraph.csproj,T0,delete,,,L,,,,,ready,,,,49ca1fa0be5061db70b6238350f76da286e0b73c59ec3658e2fa768a3e43bc32,,
ExtLibs/ZedGraph/ZedGraph/TextObj.cs,447,ZedGraph,ExtLibs/ZedGraph/ZedGraph/ZedGraph.csproj,T0,delete,,,M,,,,,ready,,,,2ac6a56db5c6d4fb6d6b93c8ea906535df85681323f69a8384bd711549b9235b,,
ExtLibs/ZedGraph/ZedGraph/TextScale.cs,328,ZedGraph,ExtLibs/ZedGraph/ZedGraph/ZedGraph.csproj,T0,delete,,,M,,,,,ready,,,,7287d4f8542569ceb6573261ae6a7ea7164ca51de4121a5836c1cfce9a590249,,
ExtLibs/ZedGraph/ZedGraph/Types.cs,867,ZedGraph,ExtLibs/ZedGraph/ZedGraph/ZedGraph.csproj,T0,delete,,,L,,,,,ready,,,,e5810fc5ae1f4ebc2a4c3e4457c6aec4f29eea614d59fda93f93004542316362,,
ExtLibs/ZedGraph/ZedGraph/ValueHandler.cs,372,ZedGraph,ExtLibs/ZedGraph/ZedGraph/ZedGraph.csproj,T0,delete,,,M,,,,,ready,,,,eec7c91fe59686350454a91f8124e2556a44b623a338a7ee3fdc4db905eaf146,,
ExtLibs/ZedGraph/ZedGraph/X2Axis.cs,260,ZedGraph,ExtLibs/ZedGraph/ZedGraph/ZedGraph.csproj,T0,delete,,,M,,,,,ready,,,,8dbca05cd8f17eb2be1806e5699cd2344647f2100695ba347400b28ecc7cca3b,,
ExtLibs/ZedGraph/ZedGraph/XAxis.cs,255,ZedGraph,ExtLibs/ZedGraph/ZedGraph/ZedGraph.csproj,T0,delete,,,M,,,,,ready,,,,578887c8baf66797fb7393b75adeb630605c9a9593d5450c011c6d3fe3d56554,,
ExtLibs/ZedGraph/ZedGraph/XDate.cs,1732,ZedGraph,ExtLibs/ZedGraph/ZedGraph/ZedGraph.csproj,T0,delete,,,XL,,,,,ready,,,,87d93e7268f624ae3fcb05879aa8cdd4ce3f6b76ab95bff2ec417c655b20959a,,
ExtLibs/ZedGraph/ZedGraph/Y2Axis.cs,255,ZedGraph,ExtLibs/ZedGraph/ZedGraph/ZedGraph.csproj,T0,delete,,,M,,,,,ready,,,,4693615e8574a85c74d9e0e8bd5f88e182c47ebe7f4456abcae549c344553af6,,
ExtLibs/ZedGraph/ZedGraph/Y2AxisList.cs,188,ZedGraph,ExtLibs/ZedGraph/ZedGraph/ZedGraph.csproj,T0,delete,,,S,,,,,ready,,,,287a77cc6ae1b7108223bd60eb4d1ba84c87e6ed6daa28a065a961a918221d3a,,
ExtLibs/ZedGraph/ZedGraph/YAxis.cs,255,ZedGraph,ExtLibs/ZedGraph/ZedGraph/ZedGraph.csproj,T0,delete,,,M,,,,,ready,,,,d60f4b75a75cc65fce6d280d71eb7b5ef05ff4fb025e9c380fe8c00bd1198635,,
ExtLibs/ZedGraph/ZedGraph/YAxisList.cs,187,ZedGraph,ExtLibs/ZedGraph/ZedGraph/ZedGraph.csproj,T0,delete,,,S,,,,,ready,,,,ac09037a0cd47b1cdd18651648f423f2607fd95ca49378bb988f48e7a4d33743,,
ExtLibs/ZedGraph/ZedGraph/ZedGraphControl.ContextMenu.cs,891,ZedGraph,ExtLibs/ZedGraph/ZedGraph/ZedGraph.csproj,T0,delete,,,L,,,,,ready,,,,6c69b8a292145823d4a5c86b72370debce8683ee7bdbd41cd82da2bb2fa8e715,,
ExtLibs/ZedGraph/ZedGraph/ZedGraphControl.Designer.cs,78,ZedGraph,ExtLibs/ZedGraph/ZedGraph/ZedGraph.csproj,T0,delete,,,S,,,,,ready,,,,a07b6d3ac46519db80ab8ee2c64f9af9916b0edc7f9c042791dcce795088ea96,,
ExtLibs/ZedGraph/ZedGraph/ZedGraphControl.Events.cs,1548,ZedGraph,ExtLibs/ZedGraph/ZedGraph/ZedGraph.csproj,T0,delete,,,XL,,,,,ready,,,,bd0f7f5da214329df32b5cd9354a64a23cbef1fb66b25caf13b0953f2a023f86,,
ExtLibs/ZedGraph/ZedGraph/ZedGraphControl.Printing.cs,239,ZedGraph,ExtLibs/ZedGraph/ZedGraph/ZedGraph.csproj,T0,delete,,,M,,,,,ready,,,,ea6f88b96a8e99ea98aba29675c566f535b0baa6027843013f3018dec8bae5f1,,
ExtLibs/ZedGraph/ZedGraph/ZedGraphControl.Properties.cs,1230,ZedGraph,ExtLibs/ZedGraph/ZedGraph/ZedGraph.csproj,T0,delete,,,L,,,,,ready,,,,4d4a31092adf08c8559cfdee1267f5aa4e7d1f41388fc25a98e14ee638f2ac9c,,
ExtLibs/ZedGraph/ZedGraph/ZedGraphControl.ScrollBars.cs,396,ZedGraph,ExtLibs/ZedGraph/ZedGraph/ZedGraph.csproj,T0,delete,,,M,,,,,ready,,,,d84c0acf281074811e0f76f5bc7208968126d612c0d2d583783e9d6df41598f4,,
ExtLibs/ZedGraph/ZedGraph/ZedGraphControl.cs,850,ZedGraph,ExtLibs/ZedGraph/ZedGraph/ZedGraph.csproj,T0,delete,,,L,,,,,ready,,,,6131b3770c1f67e268e0b1aa6afefdef2876765768ec2d3d7e025aeb1210a793,,
ExtLibs/ZedGraph/ZedGraph/ZedGraphException.cs,77,ZedGraph,ExtLibs/ZedGraph/ZedGraph/ZedGraph.csproj,T0,delete,,,S,,,,,ready,,,,ff09cd595025044b90298b7a0335e87f598d4454a8aedecc5281be9586197148,,
ExtLibs/ZedGraph/ZedGraph/ZoomState.cs,191,ZedGraph,ExtLibs/ZedGraph/ZedGraph/ZedGraph.csproj,T0,delete,,,S,,,,,ready,,,,c607372e1d56c68f8f357dc9e9433b778dc45ecd5cf98fd1fa9591c001f2e5a2,,
ExtLibs/ZedGraph/ZedGraph/ZoomStateStack.cs,178,ZedGraph,ExtLibs/ZedGraph/ZedGraph/ZedGraph.csproj,T0,delete,,,S,,,,,ready,,,,0031550fc34831682e342637a073d9fa9cf0db4dd3ae2e103adf7d5d2641ca5f,,
ExtLibs/Zeroconf/Zeroconf/AdapterInformation.cs,53,Zeroconf,ExtLibs/Zeroconf/Zeroconf/Zeroconf.csproj,T0,delete,,,S,,,,,ready,,,,cbd4f91adf358f636c8686f2bc774f947c17635be18b0397850e2ae2a7d6b256,,
ExtLibs/Zeroconf/Zeroconf/AsyncLock.cs,54,Zeroconf,ExtLibs/Zeroconf/Zeroconf/Zeroconf.csproj,T0,delete,,,S,,,,,ready,,,,7eb9885a49ca8086ded89cd195b1897df7673223244a50da9d40737cd5b6095a,,
ExtLibs/Zeroconf/Zeroconf/Dns/Header.cs,357,Heijden.DNS,ExtLibs/Zeroconf/Zeroconf/Zeroconf.csproj,T0,delete,,,M,,,,,ready,,,,ac952c13595bcb164c8d1fa978355114a91bc4bff6e54ae9442c2b10822911ff,,
ExtLibs/Zeroconf/Zeroconf/Dns/Question.cs,129,Heijden.DNS,ExtLibs/Zeroconf/Zeroconf/Zeroconf.csproj,T0,delete,,,S,,,,,ready,,,,936c1ab865760da5a8b5dac6f7d18d2dcd5d21aac5bcddfad95552fcaf1dfc04,,
ExtLibs/Zeroconf/Zeroconf/Dns/RR.cs,159,Heijden.DNS,ExtLibs/Zeroconf/Zeroconf/Zeroconf.csproj,T0,delete,,,S,,,,,ready,,,,4e217b7199bba9a77350436fb33fdaef8951a603557422890e5dd7490eeb736f,,
ExtLibs/Zeroconf/Zeroconf/Dns/Record.cs,12,Heijden.DNS,ExtLibs/Zeroconf/Zeroconf/Zeroconf.csproj,T0,delete,,,S,,,,,ready,,,,2989af2c05266efae02133bf5c0a56ded0787068e4be671ee3e6b7adf2f9332a,,
ExtLibs/Zeroconf/Zeroconf/Dns/RecordA.cs,41,Heijden.DNS,ExtLibs/Zeroconf/Zeroconf/Zeroconf.csproj,T0,delete,,,S,,,,,ready,,,,aed273fb6d4e05723bd8598a9d14da0fed932201b41788354a262733c86acde7,,
ExtLibs/Zeroconf/Zeroconf/Dns/RecordAAAA.cs,37,Heijden.DNS,ExtLibs/Zeroconf/Zeroconf/Zeroconf.csproj,T0,delete,,,S,,,,,ready,,,,bbdc53d6e0c1d96dd32ed426c62f23ef9725d3a56e241366547cb081ad1482bd,,
ExtLibs/Zeroconf/Zeroconf/Dns/RecordNSEC.cs,26,Heijden.DNS,ExtLibs/Zeroconf/Zeroconf/Zeroconf.csproj,T0,delete,,,S,,,,,ready,,,,ebe27dd30a062096031ef925f4fa31f2ee9dd2d833a329c53213cb45c3301e23,,
ExtLibs/Zeroconf/Zeroconf/Dns/RecordPTR.cs,38,Heijden.DNS,ExtLibs/Zeroconf/Zeroconf/Zeroconf.csproj,T0,delete,,,S,,,,,ready,,,,28ca2c318702cff5a7b033e9a8cff695078d7de4a7ca17f468feeb9a8c8b2ad6,,
ExtLibs/Zeroconf/Zeroconf/Dns/RecordReader.cs,144,Heijden.DNS,ExtLibs/Zeroconf/Zeroconf/Zeroconf.csproj,T0,delete,,,S,,,,,ready,,,,52a83f5454e11ad4626317bd84825273a5df4506aacc8c9271b508de52328c3e,,
ExtLibs/Zeroconf/Zeroconf/Dns/RecordSRV.cs,93,Heijden.DNS,ExtLibs/Zeroconf/Zeroconf/Zeroconf.csproj,T0,delete,,,S,,,,,ready,,,,15467686366922389b9e93c27f324f73040467664d3cacaa292bd628e963270a,,
ExtLibs/Zeroconf/Zeroconf/Dns/RecordTXT.cs,51,Heijden.DNS,ExtLibs/Zeroconf/Zeroconf/Zeroconf.csproj,T0,delete,,,S,,,,,ready,,,,ecd65acc8ad75c904e5556aa0d5241d89ad26013e1cf6cb2245c29ba78d83aa8,,
ExtLibs/Zeroconf/Zeroconf/Dns/RecordUnknown.cs,15,Heijden.DNS,ExtLibs/Zeroconf/Zeroconf/Zeroconf.csproj,T0,delete,,,S,,,,,ready,,,,4af29093a9702259af164cd9f806b4cd506442e5cf1ea96dd3b221254a4c49aa,,
ExtLibs/Zeroconf/Zeroconf/Dns/Request.cs,40,Heijden.DNS,ExtLibs/Zeroconf/Zeroconf/Zeroconf.csproj,T0,delete,,,S,,,,,ready,,,,27cfb6c8486c977c70b31051f361000b803c5e7610b4f5220c37f0931ed9eba9,,
ExtLibs/Zeroconf/Zeroconf/Dns/Response.cs,274,Heijden.DNS,ExtLibs/Zeroconf/Zeroconf/Zeroconf.csproj,T0,delete,,,M,,,,,ready,,,,c21beb5494fb9f751e0b9678a2c0c0e07dc2d69910ab3fefe858e97e88bca3f0,,
ExtLibs/Zeroconf/Zeroconf/Dns/Structs.cs,337,Heijden.DNS,ExtLibs/Zeroconf/Zeroconf/Zeroconf.csproj,T0,delete,,,M,,,,,ready,,,,e5a1e35ad67a0392a86cb32590e1d53f9e30941c0689c0890749f49c87d0e84c,,
ExtLibs/Zeroconf/Zeroconf/DomainService.cs,46,Zeroconf,ExtLibs/Zeroconf/Zeroconf/Zeroconf.csproj,T0,delete,,,S,,,,,ready,,,,e9c3e275692aae2dad5e8284e9a45d26173295892c48a1b42d1fb120aac5f9e4,,
ExtLibs/Zeroconf/Zeroconf/INetworkInterface.cs,18,Zeroconf,ExtLibs/Zeroconf/Zeroconf/Zeroconf.csproj,T0,delete,,,S,,,,,ready,,,,36be1dfd77f93d6e22556f3ca72b6ba8d68d24dfe974798c43bbac8fed72eb31,,
ExtLibs/Zeroconf/Zeroconf/Platforms/netstandard1.3/NetworkInterface.cs,264,Zeroconf,ExtLibs/Zeroconf/Zeroconf/Zeroconf.csproj,T0,delete,,,M,,,,,ready,,,,19f0e92e0ae9a3ba96d91a3aedd15f39af8f8c1ac30bff0dbdc2edfd2d08e16e,,
ExtLibs/Zeroconf/Zeroconf/Platforms/winrt/NetworkInterface.cs,179,Zeroconf,ExtLibs/Zeroconf/Zeroconf/Zeroconf.csproj,T0,delete,,,S,,,,,dropped,,,,cd29e26a3211cb65149c72a263d42dfe8c674c3880ab5e2886767efe6e7904a3,,"no callers in the C# tree as of efb0801 (D16): compiled by no project (ExtLibs/Zeroconf/Zeroconf/Zeroconf.csproj has Compile Remove=""Platforms\**\*.*""); declares NetworkInterface"
ExtLibs/Zeroconf/Zeroconf/Properties/AssemblyInfo.cs,8,,ExtLibs/Zeroconf/Zeroconf/Zeroconf.csproj,T0,delete,,,S,,,,,ready,,,,103ec26632ee96371aa8d3b3a6017d1b15facbe366c4aa1ef12383307953574b,,
ExtLibs/Zeroconf/Zeroconf/ServiceAnnouncement.cs,48,Zeroconf,ExtLibs/Zeroconf/Zeroconf/Zeroconf.csproj,T0,delete,,,S,,,,,ready,,,,fa82fac6e857ba3c297d64a269f8170009d74fff167af8a589a1bdba3316a1a9,,
ExtLibs/Zeroconf/Zeroconf/ZeroconfOptions.cs,70,Zeroconf,ExtLibs/Zeroconf/Zeroconf/Zeroconf.csproj,T0,delete,,,S,,,,,ready,,,,1ae081b8b05f2acabc0c086c9ece747f7af195c22cdfe1c16410fb44793ed6aa,,
ExtLibs/Zeroconf/Zeroconf/ZeroconfRecord.cs,198,Zeroconf,ExtLibs/Zeroconf/Zeroconf/Zeroconf.csproj,T0,delete,,,S,,,,,ready,,,,2b3f1f57a93ab3e6c8dd69510bc65533dcee433d9f0d4a136e0d6e6658dafdb4,,
ExtLibs/Zeroconf/Zeroconf/ZeroconfResolver.Async.cs,192,Zeroconf,ExtLibs/Zeroconf/Zeroconf/Zeroconf.csproj,T0,delete,,,S,,,,,ready,,,,9dd2d442ac004ab395baf88170172890d125c4307a8bb33c39fb7025a84415ce,,
ExtLibs/Zeroconf/Zeroconf/ZeroconfResolver.Observable.cs,212,Zeroconf,ExtLibs/Zeroconf/Zeroconf/Zeroconf.csproj,T0,delete,,,M,,,,,ready,,,,0a9482d37b9f403b16adf778f659671b8b56f8abedb884a0db4ce0d33014b4fb,,
ExtLibs/Zeroconf/Zeroconf/ZeroconfResolver.cs,175,Zeroconf,ExtLibs/Zeroconf/Zeroconf/Zeroconf.csproj,T0,delete,,,S,,,,,ready,,,,50275ae3f7d328fa4c8cd82416b13804e0f3c616091a19a45292c99d7ef8a2e5,,
ExtLibs/alglibnet/alglibinternal.cs,16176,,ExtLibs/alglibnet/alglibnet.csproj,T0,delete,,,XL,,,,,ready,,,,3b4a8849d7c30875a9adbc1f07544743c7b904732d2b13d98b02d507e0933276,,
ExtLibs/alglibnet/alglibmisc.cs,6564,,ExtLibs/alglibnet/alglibnet.csproj,T0,delete,,,XL,,,,,ready,,,,5f5dc7e0d4eec30d293c65fadcf32050159f9a4550288a84d3814f540cae2ee9,,
ExtLibs/alglibnet/ap.cs,2250,,ExtLibs/alglibnet/alglibnet.csproj,T0,delete,,,XL,,,,,ready,,,,d7c1cd5fee62141e2851f4c1674ff6b819666ae7210f9d1c837ee6e4eafadb58,,
ExtLibs/alglibnet/dataanalysis.cs,39875,,ExtLibs/alglibnet/alglibnet.csproj,T0,delete,,,XL,,,,,ready,,,,3bc25ac247ac73ff3c92408172b6f729c0a5f7a491a745916479dd7cf38fb413,,
ExtLibs/alglibnet/diffequations.cs,1047,,ExtLibs/alglibnet/alglibnet.csproj,T0,delete,,,L,,,,,ready,,,,97af756b87dd10f1b8808017bda1fa4aaf6c1006667fe0beb63cb29cb6116810,,
ExtLibs/alglibnet/fasttransforms.cs,3450,,ExtLibs/alglibnet/alglibnet.csproj,T0,delete,,,XL,,,,,ready,,,,ebe14c010810600163602d63dd511da3cca6b94c77f7ce1152186a6cf98a0189,,
ExtLibs/alglibnet/integration.cs,3775,,ExtLibs/alglibnet/alglibnet.csproj,T0,delete,,,XL,,,,,ready,,,,12dc4d9f3e806eb8abe2252621aab90e0775cf87741b3d02e125d91917bce5a4,,
ExtLibs/alglibnet/interpolation.cs,46310,,ExtLibs/alglibnet/alglibnet.csproj,T0,delete,,,XL,,,,,ready,,,,665180e76667a8aa77584fa6b3343f4c5a57037084be07a762ef0ac8170be64d,,
ExtLibs/alglibnet/linalg.cs,45931,,ExtLibs/alglibnet/alglibnet.csproj,T0,delete,,,XL,,,,,ready,,,,9e84cee72c44223b411ea9e69ab89d0573f59644dab1b441d0dfd9c9a523150d,,
ExtLibs/alglibnet/optimization.cs,46499,,ExtLibs/alglibnet/alglibnet.csproj,T0,delete,,,XL,,,,,ready,,,,5b620b9300f840622e868050a7bc2556f578d4df4707fb968f8c054aa2dbc427,,
ExtLibs/alglibnet/solvers.cs,11681,,ExtLibs/alglibnet/alglibnet.csproj,T0,delete,,,XL,,,,,ready,,,,c85a5aa4a3131155b92548a5eaa625dfc90012556d44d2931bd6364c77562d2a,,
ExtLibs/alglibnet/specialfunctions.cs,9406,,ExtLibs/alglibnet/alglibnet.csproj,T0,delete,,,XL,,,,,ready,,,,8f3b30f550d08c61a7836457c3b7cd75d18b459d2f754710af575189f8d18809,,
ExtLibs/alglibnet/statistics.cs,18652,,ExtLibs/alglibnet/alglibnet.csproj,T0,delete,,,XL,,,,,ready,,,,f1563d444e9cfc97cdf24bc13c9f04b2416fa0da6a9ccb33eb12cf7a36a1448d,,
ExtLibs/md5sum/Program.cs,49,md5sum,ExtLibs/md5sum/md5sum.csproj,T3,hand-port,,,S,,,,,dropped,,,,7b3a21298a21e8119cf61c9be521f93f1b5c46922a0957184ef9c9ffd4f019fe,,"a separate program, not the planner: ExtLibs/md5sum/md5sum.csproj, an Exe nothing in the planner references or runs"
ExtLibs/md5sum/Properties/AssemblyInfo.cs,36,,ExtLibs/md5sum/md5sum.csproj,T3,hand-port,,,S,,,,,dropped,,,,5b13b8d436764876e2cc3993f13606afa48ca28eb85676b2b12dd04d05306cd1,,"a separate program, not the planner: ExtLibs/md5sum/md5sum.csproj, an Exe nothing in the planner references or runs"
ExtLibs/netDxf/AciColor.cs,869,netDxf,ExtLibs/netDxf/netDxf.csproj,T0,delete,,,L,,,,,ready,,,,59e9678e4b4a00fe8dde5861fc89ecdd9746fb3d55c61f6a6f8809ca7866dd67,,
ExtLibs/netDxf/Blocks/Block.cs,714,netDxf.Blocks,ExtLibs/netDxf/netDxf.csproj,T0,delete,,,L,,,,,ready,,,,812d67866f2668768d9ab79ef9720d8ab8023f484790fab9fb08d9361f054725,,
ExtLibs/netDxf/Blocks/BlockAttributeDefinitionChangeEventArgs.cs,64,netDxf.Blocks,ExtLibs/netDxf/netDxf.csproj,T0,delete,,,S,,,,,ready,,,,82b311a41eb797fb55e00921a4fdbeefe8c158625d146d630f3db91e564b1045,,
ExtLibs/netDxf/Blocks/BlockEntityChangeEventArgs.cs,64,netDxf.Blocks,ExtLibs/netDxf/netDxf.csproj,T0,delete,,,S,,,,,ready,,,,8e826034e451742fdd61fbcc04f47b554c0fcc6879fc5e8431bd2323f409a65f,,
ExtLibs/netDxf/Blocks/BlockRecord.cs,206,netDxf.Blocks,ExtLibs/netDxf/netDxf.csproj,T0,delete,,,M,,,,,ready,,,,b454f0eb50b767fcbb6d7258b439c209ab92d6139936713719117629df79c756,,
ExtLibs/netDxf/Blocks/BlockTypeFlags.cs,73,netDxf.Blocks,ExtLibs/netDxf/netDxf.csproj,T0,delete,,,S,,,,,ready,,,,b095031144f0207b3f13c12057429c308966948ecae2eb8182ec02b952f9af57,,
ExtLibs/netDxf/Blocks/EndBlock.cs,39,netDxf.Blocks,ExtLibs/netDxf/netDxf.csproj,T0,delete,,,S,,,,,ready,,,,4c8f1a352bb111ebcf14cb31f8695d01a78f98e77955c54ad82b11d36cf5d050,,
ExtLibs/netDxf/BoundingRectangle.cs,255,netDxf,ExtLibs/netDxf/netDxf.csproj,T0,delete,,,M,,,,,ready,,,,f1a5202a0494931a3432e3c9af98c5179e3cb7ee436e2c2c2f01b8e346ddd3f5,,
ExtLibs/netDxf/ClippingBoundary.cs,117,netDxf,ExtLibs/netDxf/netDxf.csproj,T0,delete,,,S,,,,,ready,,,,b976db0478bfdd7fcd8c6c15c33dc45cf3bdc251c282c7c7393e85d161067726,,
ExtLibs/netDxf/ClippingBoundaryType.cs,39,netDxf,ExtLibs/netDxf/netDxf.csproj,T0,delete,,,S,,,,,ready,,,,f6c5ee4c8cbe0ad2ca81a3fee8df80b32726222a65cb905457caad0d95a46118,,
ExtLibs/netDxf/Collections/ApplicationRegistries.cs,148,netDxf.Collections,ExtLibs/netDxf/netDxf.csproj,T0,delete,,,S,,,,,ready,,,,f229a6dd3fa67d4dbfc31b0982055467ce83c28bc5023fa4c32d79412c59354f,,
ExtLibs/netDxf/Collections/AttributeCollection.cs,165,netDxf.Collections,ExtLibs/netDxf/netDxf.csproj,T0,delete,,,S,,,,,ready,,,,5f7247f66f9cd8b66af6f7e6ac59232d12e21a2d8a7c3abf4741472187a90d78,,
ExtLibs/netDxf/Collections/AttributeDefinitionDictionary.cs,338,netDxf.Collections,ExtLibs/netDxf/netDxf.csproj,T0,delete,,,M,,,,,ready,,,,09200effc048dff38a5d0695537e71b187cdbcaf3b92b02a18c6598630e0cc3f,,
ExtLibs/netDxf/Collections/AttributeDefinitionDictionaryEventArgs.cs,76,netDxf.Collections,ExtLibs/netDxf/netDxf.csproj,T0,delete,,,S,,,,,ready,,,,67caad375cf982ed15ff9830d429cc117d179a4798349c8bf4d7a60c77820ac6,,
ExtLibs/netDxf/Collections/BlockRecords.cs,241,netDxf.Collections,ExtLibs/netDxf/netDxf.csproj,T0,delete,,,M,,,,,ready,,,,5dd6626b8d4d5ff6f46b264eb6046f3ebdf510ec7c4a69bb0ffe0e4dba87fab0,,
ExtLibs/netDxf/Collections/DimensionStyleOverrideDictionary.cs,345,netDxf.Collections,ExtLibs/netDxf/netDxf.csproj,T0,delete,,,M,,,,,ready,,,,52ab53a28df946c418865ea0db4eecfd8a3dd9ccae713e96a94236a83e2e52e4,,
ExtLibs/netDxf/Collections/DimensionStyleOverrideDictionaryEventArgs.cs,76,netDxf.Collections,ExtLibs/netDxf/netDxf.csproj,T0,delete,,,S,,,,,ready,,,,7086ea127459ff8a9c79f99ee273c88530bab917e5b559e5e3e0161fbddb3dae,,
ExtLibs/netDxf/Collections/DimensionStyles.cs,229,netDxf.Collections,ExtLibs/netDxf/netDxf.csproj,T0,delete,,,M,,,,,ready,,,,17664a15328a187f4c1235afaa916c251e360bc26a570075499607c17d9d32cc,,
ExtLibs/netDxf/Collections/EntityCollection.cs,328,netDxf.Collections,ExtLibs/netDxf/netDxf.csproj,T0,delete,,,M,,,,,ready,,,,f44f635c3dab6b25ef5eb6e9c2ecea6d965a705493edd180c5e94646666efec0,,
ExtLibs/netDxf/Collections/EntityCollectionEventArgs.cs,76,netDxf.Collections,ExtLibs/netDxf/netDxf.csproj,T0,delete,,,S,,,,,ready,,,,d793d786bcf129ac13f1c845c9cf43f78411b12cf5fb8a8fa151133ec54a1c04,,
ExtLibs/netDxf/Collections/Groups.cs,198,netDxf.Collections,ExtLibs/netDxf/netDxf.csproj,T0,delete,,,S,,,,,ready,,,,f4da724542135db212568ab731af763ba68e55bfb3a908b1b7a05f8416997438,,
ExtLibs/netDxf/Collections/ImageDefinitions.cs,149,netDxf.Collections,ExtLibs/netDxf/netDxf.csproj,T0,delete,,,S,,,,,ready,,,,8b529bd2e7f6f6aef204e21a86e32e2ec20980d1a8605d3bfa59c563c4f38123,,
ExtLibs/netDxf/Collections/Layers.cs,161,netDxf.Collections,ExtLibs/netDxf/netDxf.csproj,T0,delete,,,S,,,,,ready,,,,56cbedc2603577596ebdf0e24c3643e22185d3b1dd4ba5d481a1878803d1bb2f,,
ExtLibs/netDxf/Collections/Layouts.cs,257,netDxf.Collections,ExtLibs/netDxf/netDxf.csproj,T0,delete,,,M,,,,,ready,,,,46e56f1ebc77a3e0280b1ef366e079723c35b0ccb9c1a7844b44773d7eb84815,,
ExtLibs/netDxf/Collections/Linetypes.cs,306,netDxf.Collections,ExtLibs/netDxf/netDxf.csproj,T0,delete,,,M,,,,,ready,,,,ee4b74b58aa4363d977eba05ea5fd3953bacafcc7a20fcf28f97caa901f2c56a,,
ExtLibs/netDxf/Collections/MLineStyles.cs,184,netDxf.Collections,ExtLibs/netDxf/netDxf.csproj,T0,delete,,,S,,,,,ready,,,,298c4cc637ce90514084a0a439e8fba2ed7e5c6497fc9387d21e1186a1f51a3e,,
ExtLibs/netDxf/Collections/ObservableCollection.cs,379,netDxf.Collections,ExtLibs/netDxf/netDxf.csproj,T0,delete,,,M,,,,,ready,,,,0ceb3d7f6ad93085a880c7125321a431a9b33eee0df8dee0180121f3d7d0d68c,,
ExtLibs/netDxf/Collections/ObservableCollectionEventArgs.cs,76,netDxf.Collections,ExtLibs/netDxf/netDxf.csproj,T0,delete,,,S,,,,,ready,,,,a604e0c94de08aa279adb6f67e89d63fd9329b6e55f8a6f68485a55d7184a025,,
ExtLibs/netDxf/Collections/ObservableDictionary.cs,241,netDxf.Collections,ExtLibs/netDxf/netDxf.csproj,T0,delete,,,M,,,,,ready,,,,d11ecd716f211694a1345919ffabb67636bbddff2293ab8982b913f3a70c1551,,
ExtLibs/netDxf/Collections/ObservableDictionaryEventArgs.cs,78,netDxf.Collections,ExtLibs/netDxf/netDxf.csproj,T0,delete,,,S,,,,,ready,,,,6389c1282d7368e118fd2bbb8739013b49c6044142a0ab2e91a3e9a622e626f6,,
ExtLibs/netDxf/Collections/ShapeStyles.cs,167,netDxf.Collections,ExtLibs/netDxf/netDxf.csproj,T0,delete,,,S,,,,,ready,,,,10453821f0c4401348527e9c762f240623c844c113830ec30fdc8ae177b7b1aa,,
ExtLibs/netDxf/Collections/SupportFolders.cs,251,netDxf.Collections,ExtLibs/netDxf/netDxf.csproj,T0,delete,,,M,,,,,ready,,,,864bac6afdd8371b1181a8c4dcd5376ab94804d0cd07725eccf7bb1d1a973728,,
ExtLibs/netDxf/Collections/TableObjects.cs,274,netDxf.Collections,ExtLibs/netDxf/netDxf.csproj,T0,delete,,,M,,,,,ready,,,,02c1d5d58d9e2b552f759143cf4a21060158527603b4565cec2d2b3510450a40,,
ExtLibs/netDxf/Collections/TextStyles.cs,148,netDxf.Collections,ExtLibs/netDxf/netDxf.csproj,T0,delete,,,S,,,,,ready,,,,f58b7a94d1a61d5c4304d9109ddb11dd227796cc7dd57e2cfb6315b971dcfc92,,
ExtLibs/netDxf/Collections/UCSs.cs,149,netDxf.Collections,ExtLibs/netDxf/netDxf.csproj,T0,delete,,,S,,,,,ready,,,,c9655ddb54f93a158554857824fe7f8906ac74759e8fc551f2d5ce34c5c7e2e7,,
ExtLibs/netDxf/Collections/UnderlayDgnDefinitions.cs,149,netDxf.Collections,ExtLibs/netDxf/netDxf.csproj,T0,delete,,,S,,,,,ready,,,,044c18cd4b5a0f147139b26553e2c797c82f5bf49c69639ee1cf939c5fae12aa,,
ExtLibs/netDxf/Collections/UnderlayDwfDefinitions.cs,149,netDxf.Collections,ExtLibs/netDxf/netDxf.csproj,T0,delete,,,S,,,,,ready,,,,2ddf9ef038d49b9243004f8927768e2a6e92eeba9d425883686f88c4be056c18,,
ExtLibs/netDxf/Collections/UnderlayPdfDefinitions.cs,149,netDxf.Collections,ExtLibs/netDxf/netDxf.csproj,T0,delete,,,S,,,,,ready,,,,7fffe6a4b7bc161e863b680faabced0a41eae2d8732d9ef2fbf2e77cead6206e,,
ExtLibs/netDxf/Collections/VPorts.cs,138,netDxf.Collections,ExtLibs/netDxf/netDxf.csproj,T0,delete,,,S,,,,,ready,,,,9d8dde4d072c34ef795f8c38fc69f45cb90e0770bb14fbeec7c79e44da16530a,,
ExtLibs/netDxf/Collections/Views.cs,148,netDxf.Collections,ExtLibs/netDxf/netDxf.csproj,T0,delete,,,S,,,,,ready,,,,14138194d1fc7ce6e2329da6a938ec22ce7b22fcf7aacd3c65bb7bfb86dfd93e,,
ExtLibs/netDxf/Collections/XDataDictionary.cs,324,netDxf.Collections,ExtLibs/netDxf/netDxf.csproj,T0,delete,,,M,,,,,ready,,,,2e4cb0e3a9ee4eaef777993607630577328662f853df17e04dc48676d3eaba44,,
ExtLibs/netDxf/CoordinateSystem.cs,39,netDxf,ExtLibs/netDxf/netDxf.csproj,T0,delete,,,S,,,,,ready,,,,ac7ed0d38b444637d5e156b7bbea2369410fe934171d5762167c220b1c28a7f7,,
ExtLibs/netDxf/DxfDocument.cs,1944,netDxf,ExtLibs/netDxf/netDxf.csproj,T0,delete,,,XL,,,,,ready,,,,a850704c0fce17eb28d5ca8e4c1d9aaa1d7dd9fb29ecc08646bda718fc5b3cda,,
ExtLibs/netDxf/DxfObject.cs,119,netDxf,ExtLibs/netDxf/netDxf.csproj,T0,delete,,,S,,,,,ready,,,,50d0366b4418542d8084d95493d3d3678da2ffcf4f10e28df9dd8c1f9fdb31e7,,
ExtLibs/netDxf/DxfObjectCode.cs,484,netDxf,ExtLibs/netDxf/netDxf.csproj,T0,delete,,,M,,,,,ready,,,,625761508911073e6f4cba83116e03bcb4ee4185f83a600b992bcb23ea884634,,
ExtLibs/netDxf/Entities/AlignedDimension.cs,367,netDxf.Entities,ExtLibs/netDxf/netDxf.csproj,T0,delete,,,M,,,,,ready,,,,d28845bd6b092aea65127f3a61c9ee6a032363acb056a35f06b2ae2878467411,,
ExtLibs/netDxf/Entities/Angular2LineDimension.cs,499,netDxf.Entities,ExtLibs/netDxf/netDxf.csproj,T0,delete,,,M,,,,,ready,,,,1a0f83aa3dec5d08cdb538777b07e88ca8c2664645db05551b0c6c0f765f0b36,,
ExtLibs/netDxf/Entities/Angular3PointDimension.cs,381,netDxf.Entities,ExtLibs/netDxf/netDxf.csproj,T0,delete,,,M,,,,,ready,,,,b772ce3b89270c3bb72dcd55ed3387b29e2720d63e473964e559ca1ecf9a6f80,,
ExtLibs/netDxf/Entities/Arc.cs,236,netDxf.Entities,ExtLibs/netDxf/netDxf.csproj,T0,delete,,,M,,,,,ready,,,,3328fbd9b8efb3efdd8b6c40dea57827d3dfe151b19cda0da7d72f5ee3d12a49,,
ExtLibs/netDxf/Entities/Attribute.cs,436,netDxf.Entities,ExtLibs/netDxf/netDxf.csproj,T0,delete,,,M,,,,,ready,,,,b45439e67a9e61c97803b87d7b5ef6617cb68751535ec08e5d9a93b1ba330105,,
ExtLibs/netDxf/Entities/AttributeChangeEventArgs.cs,60,netDxf.Entities,ExtLibs/netDxf/netDxf.csproj,T0,delete,,,S,,,,,ready,,,,6c9ae6119790d661ff4dedb17df88b079019399e1977d3c7cdd7192c677db9b7,,
ExtLibs/netDxf/Entities/AttributeDefinition.cs,498,netDxf.Entities,ExtLibs/netDxf/netDxf.csproj,T0,delete,,,M,,,,,ready,,,,536294101f266e6ebd0cd3c9847a00cbfd8d39dc43d4c4147da2db62c27c093d,,
ExtLibs/netDxf/Entities/AttributeFlags.cs,55,netDxf.Entities,ExtLibs/netDxf/netDxf.csproj,T0,delete,,,S,,,,,ready,,,,33cd5d89573560e38b48d75ca5cc2b93a2657495133a2294daef9b54b10abea0,,
ExtLibs/netDxf/Entities/Circle.cs,206,netDxf.Entities,ExtLibs/netDxf/netDxf.csproj,T0,delete,,,M,,,,,ready,,,,33d3d666de6042a62c63b866888be8a60c9085de9bad5593e1f81e23728a61b1,,
ExtLibs/netDxf/Entities/DatumReferenceValue.cs,102,netDxf.Entities,ExtLibs/netDxf/netDxf.csproj,T0,delete,,,S,,,,,ready,,,,dba129c518a0b6aad09eed30aa6eb7e11674de6d92d390a7b7e12eb6c573925d,,
ExtLibs/netDxf/Entities/DiametricDimension.cs,333,netDxf.Entities,ExtLibs/netDxf/netDxf.csproj,T0,delete,,,M,,,,,ready,,,,345f5751bec05085dc15fe2fc41bbcba3eab469d621ef85f32382bddedf2ba05,,
ExtLibs/netDxf/Entities/Dimension.cs,373,netDxf.Entities,ExtLibs/netDxf/netDxf.csproj,T0,delete,,,M,,,,,ready,,,,8043424edde734092213d8d8bc333d26948ae3ebd171b2c6963dccbb65ad6902,,
ExtLibs/netDxf/Entities/DimensionArrowhead.cs,698,netDxf.Entities,ExtLibs/netDxf/netDxf.csproj,T0,delete,,,L,,,,,ready,,,,42c78e8e932fa15439ecc3ca8e124ec1d0372da77d9358a2140ec8677a2bdcdd,,
ExtLibs/netDxf/Entities/DimensionBlock.cs,1353,netDxf.Entities,ExtLibs/netDxf/netDxf.csproj,T0,delete,,,L,,,,,ready,,,,aeb69fe6dc80bb49fa12071b6bd0c8878b87ed3fdfb1c764a6542d05175698f7,,
ExtLibs/netDxf/Entities/DimensionType.cs,64,netDxf.Entities,ExtLibs/netDxf/netDxf.csproj,T0,delete,,,S,,,,,ready,,,,ce31dff5d3b0d1703b5d322929db836471f081fe4a0a617f10347ea2d07300fc,,
ExtLibs/netDxf/Entities/DimensionTypeFlags.cs,82,netDxf.Entities,ExtLibs/netDxf/netDxf.csproj,T0,delete,,,S,,,,,ready,,,,c0961154325b0416de0b813f18378f8462db2d41ff5bcfa9723a22e761b75578,,
ExtLibs/netDxf/Entities/Ellipse.cs,318,netDxf.Entities,ExtLibs/netDxf/netDxf.csproj,T0,delete,,,M,,,,,ready,,,,29ae56414baf08ebd763013db00e4d1c2b06d63a8e03e776fa37c39c5767116f,,
ExtLibs/netDxf/Entities/EndSequence.cs,38,netDxf.Entities,ExtLibs/netDxf/netDxf.csproj,T0,delete,,,S,,,,,ready,,,,4267dad034605935a7e900e387be9098fdcf6e70b0cce2fe8433272d6c0668b3,,
ExtLibs/netDxf/Entities/EntityObject.cs,314,netDxf.Entities,ExtLibs/netDxf/netDxf.csproj,T0,delete,,,M,,,,,ready,,,,dcc32f6580a8a8a51404cbc84639f0258b132f619a8878d432b65b9fb70ca847,,
ExtLibs/netDxf/Entities/EntityType.cs,169,netDxf.Entities,ExtLibs/netDxf/netDxf.csproj,T0,delete,,,S,,,,,ready,,,,ed062c076cc22cdaa005b0ddd0aab9695287d5192be8d8639931985f2b734ac0,,
ExtLibs/netDxf/Entities/Face3d.cs,195,netDxf.Entities,ExtLibs/netDxf/netDxf.csproj,T0,delete,,,S,,,,,ready,,,,1cfe2e25e7579e441ac9eb2a67e2e5d949b914625a41356fff1cc333a78d31a8,,
ExtLibs/netDxf/Entities/Face3dEdgeFlags.cs,57,netDxf.Entities,ExtLibs/netDxf/netDxf.csproj,T0,delete,,,S,,,,,ready,,,,58151f0048658df97c803bf22f28b3654e3a1823c3625b0279886ac578182296,,
ExtLibs/netDxf/Entities/Hatch.cs,395,netDxf.Entities,ExtLibs/netDxf/netDxf.csproj,T0,delete,,,M,,,,,ready,,,,507c281756b55d1c9d1cf350403ebda61690f20da7122b75a6d41adfd5d9d4b2,,
ExtLibs/netDxf/Entities/HatchBoundaryPath.cs,622,netDxf.Entities,ExtLibs/netDxf/netDxf.csproj,T0,delete,,,L,,,,,ready,,,,d8cdb4681aac59c3cfefd8b1782920f11cc158769e4266192173db5efb918bb8,,
ExtLibs/netDxf/Entities/HatchBoundaryPathTypeFlags.cs,63,netDxf.Entities,ExtLibs/netDxf/netDxf.csproj,T0,delete,,,S,,,,,ready,,,,c8c4514a102400f7e740bf166f7949f21354c8d822121f78a3eeda5bb88f0934,,
ExtLibs/netDxf/Entities/HatchFillType.cs,39,netDxf.Entities,ExtLibs/netDxf/netDxf.csproj,T0,delete,,,S,,,,,ready,,,,d4c56889513f4f812a84824c8dc7ddc8980028e56a989de2f030383b7c1f945d,,
ExtLibs/netDxf/Entities/HatchGradientPattern.cs,262,netDxf.Entities,ExtLibs/netDxf/netDxf.csproj,T0,delete,,,M,,,,,ready,,,,3b519afc4a52983cd967e520bbde1bd8df2fc7de8037b3ac34ade98740856d94,,
ExtLibs/netDxf/Entities/HatchGradientPatternType.cs,74,netDxf.Entities,ExtLibs/netDxf/netDxf.csproj,T0,delete,,,S,,,,,ready,,,,d6beeff37ab67559efb1cc0fe2df184938b1979f62cbe19cf91d8ee688a3ec10,,
ExtLibs/netDxf/Entities/HatchPattern.cs,386,netDxf.Entities,ExtLibs/netDxf/netDxf.csproj,T0,delete,,,M,,,,,ready,,,,1f114623e3f4f6791033cf7a527d1733805e2cf368a7c61cb2bccea8f0014a71,,
ExtLibs/netDxf/Entities/HatchPatternLineDefinition.cs,127,netDxf.Entities,ExtLibs/netDxf/netDxf.csproj,T0,delete,,,S,,,,,ready,,,,4fd876b28e6d98a0f7fbce37f2679a6cde9fabee6da165bb65850f3b023a40e9,,
ExtLibs/netDxf/Entities/HatchStyle.cs,44,netDxf.Entities,ExtLibs/netDxf/netDxf.csproj,T0,delete,,,S,,,,,ready,,,,332a1d60a7a989c12d8a2802e096a3075be2cb548969aa3956cd0deb126c9791,,
ExtLibs/netDxf/Entities/HatchType.cs,44,netDxf.Entities,ExtLibs/netDxf/netDxf.csproj,T0,delete,,,S,,,,,ready,,,,284867d85f6113461208b71ecff5a4987c1411e9f32f23588e613902fb2b0f21,,
ExtLibs/netDxf/Entities/Image.cs,296,netDxf.Entities,ExtLibs/netDxf/netDxf.csproj,T0,delete,,,M,,,,,ready,,,,44c88c01c4d78f64438433f09288a28fb011d7d8df62f254a7d109b279dd7dfa,,
ExtLibs/netDxf/Entities/ImageDisplayFlags.cs,52,netDxf.Entities,ExtLibs/netDxf/netDxf.csproj,T0,delete,,,S,,,,,ready,,,,52bd4516fb0bc32177de181172adbdefbb16054276bad0fff6dc25910f4e4dad,,
ExtLibs/netDxf/Entities/Insert.cs,568,netDxf.Entities,ExtLibs/netDxf/netDxf.csproj,T0,delete,,,M,,,,,ready,,,,6c107538302e8eee44c23256c86f4d8c6c48d91c21ccb50e3ee34ffcd4c92647,,
ExtLibs/netDxf/Entities/Leader.cs,889,netDxf.Entities,ExtLibs/netDxf/netDxf.csproj,T0,delete,,,L,,,,,ready,,,,b0b146ca3483052f1bca891ab1a07c0950eff1f9cd2d4ad6fe0a6f190f87fda3,,
ExtLibs/netDxf/Entities/LeaderPathType.cs,39,netDxf.Entities,ExtLibs/netDxf/netDxf.csproj,T0,delete,,,S,,,,,ready,,,,84513d72a61cb8821aeec453ca017e82992c414d693785ef63b4c4306943dac5,,
ExtLibs/netDxf/Entities/Line.cs,161,netDxf.Entities,ExtLibs/netDxf/netDxf.csproj,T0,delete,,,S,,,,,ready,,,,588f6a21e9ee6726a40a2d03bd170e09ea644c905624d134c9522ba758f9ae45,,
ExtLibs/netDxf/Entities/LinearDimension.cs,414,netDxf.Entities,ExtLibs/netDxf/netDxf.csproj,T0,delete,,,M,,,,,ready,,,,c5abfebe090d4fd33145c401fe0b72ce4aecd6cb65f0efb48371f340e4f89560,,
ExtLibs/netDxf/Entities/LwPolyline.cs,440,netDxf.Entities,ExtLibs/netDxf/netDxf.csproj,T0,delete,,,M,,,,,ready,,,,b7f0507e28455a82b65c8853fab0a0b21075c4f0cdd189b999310c80584db1ab,,
ExtLibs/netDxf/Entities/LwPolylineVertex.cs,181,netDxf.Entities,ExtLibs/netDxf/netDxf.csproj,T0,delete,,,S,,,,,ready,,,,9d0084beaab2903b4b1232b10c95d1e45d288eaa75d1f1c48dae57d59e66483c,,
ExtLibs/netDxf/Entities/MLine.cs,427,netDxf.Entities,ExtLibs/netDxf/netDxf.csproj,T0,delete,,,M,,,,,ready,,,,a8d1f0fd800489a7d6be99417f1d9d73bde74e02dd76bc8257da56a47a572c25,,
ExtLibs/netDxf/Entities/MLineFlags.cs,52,netDxf.Entities,ExtLibs/netDxf/netDxf.csproj,T0,delete,,,S,,,,,ready,,,,ce786af83428be5ccdc8f4ccc410a0c2d84cf023a0798d984499f9a2d6c11d21,,
ExtLibs/netDxf/Entities/MLineJustification.cs,44,netDxf.Entities,ExtLibs/netDxf/netDxf.csproj,T0,delete,,,S,,,,,ready,,,,ded536e4014f8025c94fe8ae12f0bc123ffafe5b17982d4feb77b515a236cd2b,,
ExtLibs/netDxf/Entities/MLineVertex.cs,133,netDxf.Entities,ExtLibs/netDxf/netDxf.csproj,T0,delete,,,S,,,,,ready,,,,4ea82c8d0c29f41d924ddcb7fe0cde66a3315d1f3cf4def1eadbfa9f78172dd3,,
ExtLibs/netDxf/Entities/MText.cs,532,netDxf.Entities,ExtLibs/netDxf/netDxf.csproj,T0,delete,,,M,,,,,ready,,,,4d30c6f9745232d1c1951ba54ff24cc0436c2c7700c1d3db5d45e45eb0c4c1f9,,
ExtLibs/netDxf/Entities/MTextAttachmentPoint.cs,74,netDxf.Entities,ExtLibs/netDxf/netDxf.csproj,T0,delete,,,S,,,,,ready,,,,c2ad4d149544792a4cfbde1503c775fa82a0f78084c3b0042463722594beee88,,
ExtLibs/netDxf/Entities/MTextDrawingDirection.cs,44,netDxf.Entities,ExtLibs/netDxf/netDxf.csproj,T0,delete,,,S,,,,,ready,,,,71179aeaa51797ddbb530f6ee792edde4e0aa7e146e88ae3893cee1c39d614c9,,
ExtLibs/netDxf/Entities/MTextFormattingOptions.cs,303,netDxf.Entities,ExtLibs/netDxf/netDxf.csproj,T0,delete,,,M,,,,,ready,,,,72785419b6c69fffa9d9703684e41266f8ab620dd75fb929a0610a4187f26f65,,
ExtLibs/netDxf/Entities/MTextLineSpacingStyle.cs,39,netDxf.Entities,ExtLibs/netDxf/netDxf.csproj,T0,delete,,,S,,,,,ready,,,,e6dcda89bc4eefc9475feeab522e1854dc1bf2581d9177fdfcad9de48b4480f7,,
ExtLibs/netDxf/Entities/Mesh.cs,174,netDxf.Entities,ExtLibs/netDxf/netDxf.csproj,T0,delete,,,S,,,,,ready,,,,4d82a8fc203810fc326d0eff882b67c9408d9da3990ba69cbc45f046e2c78e09,,
ExtLibs/netDxf/Entities/MeshEdge.cs,153,netDxf.Entities,ExtLibs/netDxf/netDxf.csproj,T0,delete,,,S,,,,,ready,,,,84f9332da81f363e7689763b4b5fb55b10add4468a1e54c6796a2d93729cbc66,,
ExtLibs/netDxf/Entities/OrdinateDimension.cs,338,netDxf.Entities,ExtLibs/netDxf/netDxf.csproj,T0,delete,,,M,,,,,ready,,,,d10cb2dbccb1bd0930c9ccac4015ad786c5cd2a1e842a29599c43d1cdad26957,,
ExtLibs/netDxf/Entities/OrdinateDimensionAxis.cs,39,netDxf.Entities,ExtLibs/netDxf/netDxf.csproj,T0,delete,,,S,,,,,ready,,,,346d129fffc5b042049e35c55316b36882823872b155f143d97183aab023ab1c,,
ExtLibs/netDxf/Entities/Point.cs,148,netDxf.Entities,ExtLibs/netDxf/netDxf.csproj,T0,delete,,,S,,,,,ready,,,,643f7375b53bd8576c3e15757f15ae6f44b970c09aa3d1f26c8070539ddc21a8,,
ExtLibs/netDxf/Entities/PolyfaceMesh.cs,274,netDxf.Entities,ExtLibs/netDxf/netDxf.csproj,T0,delete,,,M,,,,,ready,,,,852beaaa197c41a3cb318b62c662ee336e1bc7678f0bf79d82407f7061139f8c,,
ExtLibs/netDxf/Entities/PolyfaceMeshFace.cs,125,netDxf.Entities,ExtLibs/netDxf/netDxf.csproj,T0,delete,,,S,,,,,ready,,,,1a24e01d8ed00e5ce1bd3f7274c47fe0642929e3a0ae77f3c903d4cdacd7da3e,,
ExtLibs/netDxf/Entities/PolyfaceMeshVertex.cs,116,netDxf.Entities,ExtLibs/netDxf/netDxf.csproj,T0,delete,,,S,,,,,ready,,,,d03da86c498ade0d715f2a9072f2bad5ab7e827e855aebac52385908be8985ac,,
ExtLibs/netDxf/Entities/Polyline.cs,343,netDxf.Entities,ExtLibs/netDxf/netDxf.csproj,T0,delete,,,M,,,,,ready,,,,bc80e603dd14be83e47c64be8eade615c511da9c465c37165836486b8a8a5585,,
ExtLibs/netDxf/Entities/PolylineSmoothType.cs,49,netDxf.Entities,ExtLibs/netDxf/netDxf.csproj,T0,delete,,,S,,,,,ready,,,,4851e13751ff59a50f093ba0e58bf3049c3c64b996cd4e3b43294dd3f1a30aef,,
ExtLibs/netDxf/Entities/PolylineTypeFlags.cs,78,netDxf.Entities,ExtLibs/netDxf/netDxf.csproj,T0,delete,,,S,,,,,ready,,,,d54a9614840c68707a9754c81ec786ae8c5d76322fd39f962381702054a453b4,,
ExtLibs/netDxf/Entities/PolylineVertex.cs,117,netDxf.Entities,ExtLibs/netDxf/netDxf.csproj,T0,delete,,,S,,,,,ready,,,,cadac47ea1f587e02c54e2623d359fc58dc4aecc36a44c23cbfbd780f321071a,,
ExtLibs/netDxf/Entities/RadialDimension.cs,321,netDxf.Entities,ExtLibs/netDxf/netDxf.csproj,T0,delete,,,M,,,,,ready,,,,37d2330e1b6564b795f613863828cc345537cfa8667134f5145cbdd2af050f23,,
ExtLibs/netDxf/Entities/Ray.cs,137,netDxf.Entities,ExtLibs/netDxf/netDxf.csproj,T0,delete,,,S,,,,,ready,,,,8b1fc833e3ff6eb37f2ab5fb62620dfa1e120f086dcd8b0c05f1916f4b6ff930,,
ExtLibs/netDxf/Entities/Shape.cs,212,netDxf.Entities,ExtLibs/netDxf/netDxf.csproj,T0,delete,,,M,,,,,ready,,,,04893c5da76cd482debf0da1bfd9b469799804444d6a85aa7eb174a47dda13bd,,
ExtLibs/netDxf/Entities/Solid.cs,181,netDxf.Entities,ExtLibs/netDxf/netDxf.csproj,T0,delete,,,S,,,,,ready,,,,3bb89ead0b8e04598c1ab541580c1b0be28c6f53b86a4581f4a5a3245dfff9d7,,
ExtLibs/netDxf/Entities/Spline.cs,595,netDxf.Entities,ExtLibs/netDxf/netDxf.csproj,T0,delete,,,M,,,,,ready,,,,f3eecd72fce3bdd21b3703076cfe09afa4e1c219faa45169cb170b5d4ba86ee7,,
ExtLibs/netDxf/Entities/SplineCreationMethod.cs,39,netDxf.Entities,ExtLibs/netDxf/netDxf.csproj,T0,delete,,,S,,,,,ready,,,,7a7ff09ef8bb49123fb2b3c12f7562492fcdd81d204642c8e84ec1c9cc0414db,,
ExtLibs/netDxf/Entities/SplineKnotParameterization.cs,60,netDxf.Entities,ExtLibs/netDxf/netDxf.csproj,T0,delete,,,S,,,,,ready,,,,f4c7613f044e404fa7bb1f300c5402406069c058db65fb3cf735a4c9e089f274,,
ExtLibs/netDxf/Entities/SplineTypeFlags.cs,79,netDxf.Entities,ExtLibs/netDxf/netDxf.csproj,T0,delete,,,S,,,,,ready,,,,6ba2e09d612eed903ed488c6ffe0a80bbbfb809130f8a898c73f80b76b3e801b,,
ExtLibs/netDxf/Entities/SplineVertex.cs,166,netDxf.Entities,ExtLibs/netDxf/netDxf.csproj,T0,delete,,,S,,,,,ready,,,,6e83d70e7114568c27583e7538aab9c43b3d3598c1616f7b49caaa0c36cfe1c2,,
ExtLibs/netDxf/Entities/Text.cs,275,netDxf.Entities,ExtLibs/netDxf/netDxf.csproj,T0,delete,,,M,,,,,ready,,,,7741f4680325efd379ccb45814c39a3b98c6da6f7b934662384d6c6d9cbde199,,
ExtLibs/netDxf/Entities/TextAligment.cs,104,netDxf.Entities,ExtLibs/netDxf/netDxf.csproj,T0,delete,,,S,,,,,ready,,,,d197001b33c12b80e4e96fde9268f571377fcd320f2d5c8c5062fadb2583a760,,
ExtLibs/netDxf/Entities/Tolerance.cs,740,netDxf.Entities,ExtLibs/netDxf/netDxf.csproj,T0,delete,,,L,,,,,ready,,,,f8bb77f7ff1ede289dd9d5781d0b039fba722657307a5619b2e9703fd339c26b,,
ExtLibs/netDxf/Entities/ToleranceEntry.cs,142,netDxf.Entities,ExtLibs/netDxf/netDxf.csproj,T0,delete,,,S,,,,,ready,,,,de91d3945a18e58185e7f77f2848faf442c99b2f8724594779d2f669e38d647a,,
ExtLibs/netDxf/Entities/ToleranceGeometricSymbol.cs,104,netDxf.Entities,ExtLibs/netDxf/netDxf.csproj,T0,delete,,,S,,,,,ready,,,,f374f50c3665ee13996133c3757cfc77e27c0247724394ee29ae8d1b5fc620dc,,
ExtLibs/netDxf/Entities/ToleranceMaterialCondition.cs,49,netDxf.Entities,ExtLibs/netDxf/netDxf.csproj,T0,delete,,,S,,,,,ready,,,,a1e182dd166cfbdd4cad91f3618b3fb76c2a4f53523ab7ff985361c638ab94e6,,
ExtLibs/netDxf/Entities/ToleranceValue.cs,116,netDxf.Entities,ExtLibs/netDxf/netDxf.csproj,T0,delete,,,S,,,,,ready,,,,5b32092df91c479271fa56ce13d32ca7ab67ba6ca3dc2f1b524f116ae26389d7,,
ExtLibs/netDxf/Entities/Trace.cs,185,netDxf.Entities,ExtLibs/netDxf/netDxf.csproj,T0,delete,,,S,,,,,ready,,,,c3652a103768c96909f5dafd9d76d72bb137b466a70872ddafabe67a55d82ff9,,
ExtLibs/netDxf/Entities/Underlay.cs,231,netDxf.Entities,ExtLibs/netDxf/netDxf.csproj,T0,delete,,,M,,,,,ready,,,,c9e091909483952ebdc9e4286f81d2b75c4a60bb64feb59cc34a7dab19d7028c,,
ExtLibs/netDxf/Entities/UnderlayDisplayFlags.cs,57,netDxf.Entities,ExtLibs/netDxf/netDxf.csproj,T0,delete,,,S,,,,,ready,,,,d641d61f0d5a628b6e78cafefccb09732c1d4d074ae2ced4fabe1e50d07f5ba4,,
ExtLibs/netDxf/Entities/Vertex.cs,235,netDxf.Entities,ExtLibs/netDxf/netDxf.csproj,T0,delete,,,M,,,,,ready,,,,19acc54d1d93a739daca28154f42bd6ef0b2bf75e150e89e1af6ec13e1f101ed,,
ExtLibs/netDxf/Entities/VertexTypeFlags.cs,78,netDxf.Entities,ExtLibs/netDxf/netDxf.csproj,T0,delete,,,S,,,,,ready,,,,1b0c8b6c23a15d41c5f4217b8f928b7614a110cc7d1822182124f2a8f699f86e,,
ExtLibs/netDxf/Entities/Viewport.cs,484,netDxf.Entities,ExtLibs/netDxf/netDxf.csproj,T0,delete,,,M,,,,,ready,,,,ad0dc7bbc3b7a5cec1aaf23a52515316ec79dbee2b440d03ba564f2523aea7ed,,
ExtLibs/netDxf/Entities/ViewportStatusFlags.cs,137,netDxf.Entities,ExtLibs/netDxf/netDxf.csproj,T0,delete,,,S,,,,,ready,,,,3389ed29b85489b747abdd92ad4fc7d7c6e9c63f7de897e3ac4407ce4c999789,,
ExtLibs/netDxf/Entities/Wipeout.cs,152,netDxf.Entities,ExtLibs/netDxf/netDxf.csproj,T0,delete,,,S,,,,,ready,,,,28eaf002cdc0dabf5a10aaf76d7da678b0116b89816feaed545f282f36c40a31,,
ExtLibs/netDxf/Entities/XLine.cs,136,netDxf.Entities,ExtLibs/netDxf/netDxf.csproj,T0,delete,,,S,,,,,ready,,,,3e8afcee1190a7b294c03793a3f664452bc94512015b7b2c94a8d7ab8ebd56df,,
ExtLibs/netDxf/Header/AttMode.cs,44,netDxf.Header,ExtLibs/netDxf/netDxf.csproj,T0,delete,,,S,,,,,ready,,,,95b50d6e87a5f7aa16ff78cf38a1e5c07dc6445d8c85fdd9baf84bebcd466e35,,
ExtLibs/netDxf/Header/DxfVersion.cs,95,netDxf.Header,ExtLibs/netDxf/netDxf.csproj,T0,delete,,,S,,,,,ready,,,,092587a4f3b6198c97b4866550424fc5dab99a745cb641c1a239b3df1259e96a,,
ExtLibs/netDxf/Header/HeaderVariable.cs,76,netDxf.Header,ExtLibs/netDxf/netDxf.csproj,T0,delete,,,S,,,,,ready,,,,633972ea097d6acdcc707f16689610adf328821750cf444128151a7131b47b25,,
ExtLibs/netDxf/Header/HeaderVariableCode.cs,267,netDxf.Header,ExtLibs/netDxf/netDxf.csproj,T0,delete,,,M,,,,,ready,,,,a162cc5309920c58831e2c08ca546a998bbf7c9afff679c5215c720afc5c8f9c,,
ExtLibs/netDxf/Header/HeaderVariables.cs,644,netDxf.Header,ExtLibs/netDxf/netDxf.csproj,T0,delete,,,L,,,,,ready,,,,f2353e40b7a2d3350ec2118bdc131234254fac5c5369869abb8c75e45511428e,,
ExtLibs/netDxf/Header/PointShape.cs,129,netDxf.Header,ExtLibs/netDxf/netDxf.csproj,T0,delete,,,S,,,,,ready,,,,8416dc6693ec72d69a56f1a943147158f47d2494b70f6127a436d53efa22271d,,
ExtLibs/netDxf/IHasXData.cs,43,netDxf,ExtLibs/netDxf/netDxf.csproj,T0,delete,,,S,,,,,ready,,,,b45bc969e19bb2b8665ba8cca9140b4b4462c28bbd95a789979e458b580e107e,,
ExtLibs/netDxf/IO/BinaryCodeValueReader.cs,254,netDxf.IO,ExtLibs/netDxf/netDxf.csproj,T0,delete,,,M,,,,,ready,,,,0787ba0a5e88941e337b7e288a03e30d7fdf968b5fa8ed5c843813b49b19f419,,
ExtLibs/netDxf/IO/BinaryCodeValueWriter.cs,356,netDxf.IO,ExtLibs/netDxf/netDxf.csproj,T0,delete,,,M,,,,,ready,,,,bf16d21d44a2c1527947dad3e3539570554aef7df558806e26bd18fd0e363df1,,
ExtLibs/netDxf/IO/DxfReader.cs,10142,netDxf.IO,ExtLibs/netDxf/netDxf.csproj,T0,delete,,,XL,,,,,ready,,,,71d1843f1ccd07cf89a5fcb3c9286cde104a36c516d1339d56490469d019c993,,
ExtLibs/netDxf/IO/DxfVersionNotSupportedException.cs,77,netDxf.IO,ExtLibs/netDxf/netDxf.csproj,T0,delete,,,S,,,,,ready,,,,c476f55cf567adbe8c385411c5611d216d1b1126e012132286121383d7fe79fc,,
ExtLibs/netDxf/IO/DxfWriter.cs,4879,netDxf.IO,ExtLibs/netDxf/netDxf.csproj,T0,delete,,,XL,,,,,ready,,,,dcbc2b9b1cfa7e54ac2a2a5ed234c3b66b1a0a04e390b177a60dbf639643e5a2,,
ExtLibs/netDxf/IO/EncodingType.cs,83,netDxf.IO,ExtLibs/netDxf/netDxf.csproj,T0,delete,,,S,,,,,ready,,,,dc3d8c23f1a231ff2c85035c62ad0e0ea2444c33aa15665c4428f78d7e0bb936,,
ExtLibs/netDxf/IO/ICodeValueReader.cs,52,netDxf.IO,ExtLibs/netDxf/netDxf.csproj,T0,delete,,,S,,,,,ready,,,,2cd65859c00b5f7a44942f01974359a09bdefe3f1a12a3f2071f8678e07403fb,,
ExtLibs/netDxf/IO/ICodeValueWriter.cs,52,netDxf.IO,ExtLibs/netDxf/netDxf.csproj,T0,delete,,,S,,,,,ready,,,,97d19a099411597c42b3a46ef67d45edaaf343e62c1e70f02342f4ec16296da3,,
ExtLibs/netDxf/IO/TextCodeValueReader.cs,169,netDxf.IO,ExtLibs/netDxf/netDxf.csproj,T0,delete,,,S,,,,,ready,,,,4ec62a65238e5290e594f8ad1129efe3d34e9bdc8a2fbcdc6233440d5f261b69,,
ExtLibs/netDxf/IO/TextCodeValueWriter.cs,357,netDxf.IO,ExtLibs/netDxf/netDxf.csproj,T0,delete,,,M,,,,,ready,,,,00e32a1ffadce1d1cbb2e52401139db0c928c33d15c1ec0c28fe906d324ed187,,
ExtLibs/netDxf/Lineweight.cs,165,netDxf,ExtLibs/netDxf/netDxf.csproj,T0,delete,,,S,,,,,ready,,,,09ec69c69e9803eec48e6fff0faaeb3d11a4756787db4e16dbc3e47b6233f7b4,,
ExtLibs/netDxf/MathHelper.cs,488,netDxf,ExtLibs/netDxf/netDxf.csproj,T0,delete,,,M,,,,,ready,,,,6c3fef5cbd09d39860c4e9757ae7769c75d942b7c49cf611122a59b3d3e41522,,
ExtLibs/netDxf/Matrix3.cs,590,netDxf,ExtLibs/netDxf/netDxf.csproj,T0,delete,,,M,,,,,ready,,,,669143a5562d5b4c0148539926fc0a656b1322df98bbd7046764a935c2f98710,,
ExtLibs/netDxf/Objects/DictionaryCloningFlags.cs,59,netDxf.Objects,ExtLibs/netDxf/netDxf.csproj,T0,delete,,,S,,,,,ready,,,,e4db4742a43467c2febd9d0be5b317e0020abfe9e5c5f7f48e838e446782cd26,,
ExtLibs/netDxf/Objects/DictionaryObject.cs,80,netDxf.Objects,ExtLibs/netDxf/netDxf.csproj,T0,delete,,,S,,,,,ready,,,,f30426e199c934c846e3e8030f2a66602f2af00c187b0b52a6be59a699ae85d0,,
ExtLibs/netDxf/Objects/Group.cs,281,netDxf.Objects,ExtLibs/netDxf/netDxf.csproj,T0,delete,,,M,,,,,ready,,,,c92f25bee2a963770b6fc3ede72ce64047b5fbb78afc449edba5e4486e8e20dd,,
ExtLibs/netDxf/Objects/GroupEntityChangeEventArgs.cs,61,netDxf.Objects,ExtLibs/netDxf/netDxf.csproj,T0,delete,,,S,,,,,ready,,,,9c8db202008c801718f89e15b03543070ed1fab28467256d326fc53378fe2999,,
ExtLibs/netDxf/Objects/ImageDefinition.cs,333,netDxf.Objects,ExtLibs/netDxf/netDxf.csproj,T0,delete,,,M,,,,,ready,,,,a9394eef690998b7000d486c1f8923aa893607f58a88da7255f092eb11bb340e,,
ExtLibs/netDxf/Objects/ImageDefinitionReactor.cs,52,netDxf.Objects,ExtLibs/netDxf/netDxf.csproj,T0,delete,,,S,,,,,ready,,,,4f18b6b292d41a7dbcad0645815804983310251a3b86982f0a00afc1ec37f688,,
ExtLibs/netDxf/Objects/ImageDisplayQuality.cs,39,netDxf.Objects,ExtLibs/netDxf/netDxf.csproj,T0,delete,,,S,,,,,ready,,,,15e15599971e999f7153a888ced5aaf17feda1ede9f1eb65eca596f71e850e2a,,
ExtLibs/netDxf/Objects/Layout.cs,356,netDxf.Objects,ExtLibs/netDxf/netDxf.csproj,T0,delete,,,M,,,,,ready,,,,7cca79b28ead204abf3a20b28c327cdc205ec34b9242d18a8f58c66edebf8e03,,
ExtLibs/netDxf/Objects/MLineStyle.cs,335,netDxf.Objects,ExtLibs/netDxf/netDxf.csproj,T0,delete,,,M,,,,,ready,,,,8b52d63fdfafb37152b0e90c5eb3a2020489e9efa80514e22e2113760e70949b,,
ExtLibs/netDxf/Objects/MLineStyleElement.cs,289,netDxf.Objects,ExtLibs/netDxf/netDxf.csproj,T0,delete,,,M,,,,,ready,,,,aee449814e5c80f2aa7c3e7d9f33826b156350174842b5461516711b9b8acde6,,
ExtLibs/netDxf/Objects/MLineStyleElementChangeEventArgs.cs,60,netDxf.Objects,ExtLibs/netDxf/netDxf.csproj,T0,delete,,,S,,,,,ready,,,,1eef93f3caf73e3ae7300da852674764d4bb3757db9187a7230de41c24c42efc,,
ExtLibs/netDxf/Objects/MLineStyleFlags.cs,77,netDxf.Objects,ExtLibs/netDxf/netDxf.csproj,T0,delete,,,S,,,,,ready,,,,155fee134bd5f9d0b34d28058b3f9688bc3459733d0cc42cd96414872b20103a,,
ExtLibs/netDxf/Objects/PaperMargin.cs,96,netDxf.Objects,ExtLibs/netDxf/netDxf.csproj,T0,delete,,,S,,,,,ready,,,,fcef6ef4ba5ae7d8f3b9daa6cd3e0938edf35bcf2e697af2af5f685377b2af42,,
ExtLibs/netDxf/Objects/PlotFlags.cs,103,netDxf.Objects,ExtLibs/netDxf/netDxf.csproj,T0,delete,,,S,,,,,ready,,,,d797adcee2e082d6c0af89633279f5347bcd9d4b2937eb64abb5cea4a757f789,,
ExtLibs/netDxf/Objects/PlotPaperUnits.cs,44,netDxf.Objects,ExtLibs/netDxf/netDxf.csproj,T0,delete,,,S,,,,,ready,,,,efbab265ef51e228001056395d4604d3056694324c378388bd759bd4942540db,,
ExtLibs/netDxf/Objects/PlotRotation.cs,49,netDxf.Objects,ExtLibs/netDxf/netDxf.csproj,T0,delete,,,S,,,,,ready,,,,ac7ba531bf753a60ff1c82074304662ad05b81a3626bbe487eef9fe2860283d8,,
ExtLibs/netDxf/Objects/PlotSettings.cs,361,netDxf.Objects,ExtLibs/netDxf/netDxf.csproj,T0,delete,,,M,,,,,ready,,,,98e169ea379979ff82663d631f8e05634fd9d8bcd2d87f1947f424115b30de9b,,
ExtLibs/netDxf/Objects/PlotType.cs,58,netDxf.Objects,ExtLibs/netDxf/netDxf.csproj,T0,delete,,,S,,,,,ready,,,,62fb8452b279e1457c6703ea4ea53fbc462fd8f1e10529164d0063c6f869a3c6,,
ExtLibs/netDxf/Objects/RasterVariables.cs,91,netDxf.Objects,ExtLibs/netDxf/netDxf.csproj,T0,delete,,,S,,,,,ready,,,,214a153a7ed3c8894fda4a8d87adc0dbece066d177cb2f19f59b8979fd01960d,,
ExtLibs/netDxf/Objects/ShadePlotMode.cs,49,netDxf.Objects,ExtLibs/netDxf/netDxf.csproj,T0,delete,,,S,,,,,ready,,,,2c05b98f00e361e81e44f09b0ed375ac22f61984ee96e683af789eb44b4b8c02,,
ExtLibs/netDxf/Objects/ShadePlotResolutionMode.cs,59,netDxf.Objects,ExtLibs/netDxf/netDxf.csproj,T0,delete,,,S,,,,,ready,,,,3a61694f5b46026605be56ab6a582d7ca17fbc87d2fb7459dd5e8b374389dd04,,
ExtLibs/netDxf/Objects/SupportedImageFormats.cs,52,netDxf.Objects,ExtLibs/netDxf/netDxf.csproj,T0,delete,,,S,,,,,ready,,,,4761bd8c4b6c656bb79f303e1c2f16f35e18b0db66ad89d62fd5c0afe0ba09bc,,
ExtLibs/netDxf/Objects/UnderlayDefinition.cs,88,netDxf.Objects,ExtLibs/netDxf/netDxf.csproj,T0,delete,,,S,,,,,ready,,,,11a172f8f35c5ad3eae83461efd833bd8486088426836ca1a8e1ebdd4115fee0,,
ExtLibs/netDxf/Objects/UnderlayDgnDefinition.cs,117,netDxf.Objects,ExtLibs/netDxf/netDxf.csproj,T0,delete,,,S,,,,,ready,,,,07c5398b7612a83d928d1fbfa46d7a91d124e98fd69a374781d39c4b7ff31a43,,
ExtLibs/netDxf/Objects/UnderlayDwfDefinition.cs,98,netDxf.Objects,ExtLibs/netDxf/netDxf.csproj,T0,delete,,,S,,,,,ready,,,,82be511ca3a10de76f6e645808d795b6794b073526d6bde8399c4f45aa57c954,,
ExtLibs/netDxf/Objects/UnderlayPdfDefinition.cs,117,netDxf.Objects,ExtLibs/netDxf/netDxf.csproj,T0,delete,,,S,,,,,ready,,,,eccb338b1b50f826db5ce8611255528cc93be5e49863616a04b9a468b3257b7c,,
ExtLibs/netDxf/Objects/UnderlayType.cs,44,netDxf.Objects,ExtLibs/netDxf/netDxf.csproj,T0,delete,,,S,,,,,ready,,,,cdd092bc53d46da2d2a180784c6de8573cf7addcb960d18499dded9f706626a4,,
ExtLibs/netDxf/StringEnum.cs,296,netDxf,ExtLibs/netDxf/netDxf.csproj,T0,delete,,,M,,,,,ready,,,,7f3f8d6c88d148df53bec0a18944bce40de39862766a5a79a5067ff44ffea345,,
ExtLibs/netDxf/SubclassMarker.cs,98,netDxf,ExtLibs/netDxf/netDxf.csproj,T0,delete,,,S,,,,,ready,,,,d2069128a7fba84527fa081db1450a2b3beed4ab9c5aa5fd142879c83b194c4a,,
ExtLibs/netDxf/Symbols.cs,47,netDxf,ExtLibs/netDxf/netDxf.csproj,T0,delete,,,S,,,,,ready,,,,d42fc832e2ef1cb5ca7f4a936c0bf1ec18d0e382dd574d801166d824f4fc397d,,
ExtLibs/netDxf/Tables/ApplicationRegistry.cs,117,netDxf.Tables,ExtLibs/netDxf/netDxf.csproj,T0,delete,,,S,,,,,ready,,,,fba058a9e7c78c50a69432040f221fff44bd501788e400009da37bed4c80f867,,
ExtLibs/netDxf/Tables/DimensionStyle.cs,1290,netDxf.Tables,ExtLibs/netDxf/netDxf.csproj,T0,delete,,,L,,,,,ready,,,,692658252a0c85d2aba12912781027bcc5f7e144f33e59b8e8db0f7a79adb67e,,
ExtLibs/netDxf/Tables/DimensionStyleAlternateUnits.cs,261,netDxf.Tables,ExtLibs/netDxf/netDxf.csproj,T0,delete,,,M,,,,,ready,,,,6ae5a027f3f41c26b4abdb0d2fa644ed8743790a3573e24fbf4ce150510be8cc,,
ExtLibs/netDxf/Tables/DimensionStyleFitOptions.cs,49,netDxf.Tables,ExtLibs/netDxf/netDxf.csproj,T0,delete,,,S,,,,,ready,,,,c0b00941289a395bb863bf2eb73561cb9080e34eb91e137f17c8aa4987c08f1b,,
ExtLibs/netDxf/Tables/DimensionStyleFitTextMove.cs,44,netDxf.Tables,ExtLibs/netDxf/netDxf.csproj,T0,delete,,,S,,,,,ready,,,,5741442f6b789e98b1fe27c92957d5bd8afe57fb8d51fd85ccf76303ac884c36,,
ExtLibs/netDxf/Tables/DimensionStyleOverride.cs,454,netDxf.Tables,ExtLibs/netDxf/netDxf.csproj,T0,delete,,,M,,,,,ready,,,,a90f7023523be68cb8cf9d0eacd1997f0b72890c9e3aebc682aa0260fc7e2ae6,,
ExtLibs/netDxf/Tables/DimensionStyleOverrideChangeEventArgs.cs,60,netDxf.Tables,ExtLibs/netDxf/netDxf.csproj,T0,delete,,,S,,,,,ready,,,,aa98a061060ae57b2a4e145c65b6e44e5a54205653ecfcd7b6a7628e4192fc30,,
ExtLibs/netDxf/Tables/DimensionStyleOverrideType.cs,438,netDxf.Tables,ExtLibs/netDxf/netDxf.csproj,T0,delete,,,M,,,,,ready,,,,3d8362ad192b15dd859fa3c249c5ff161e4094b17708af798062084ea4755f98,,
ExtLibs/netDxf/Tables/DimensionStyleTextDirection.cs,38,netDxf.Tables,ExtLibs/netDxf/netDxf.csproj,T0,delete,,,S,,,,,ready,,,,16f4a7d058792f6488a3b9157e3166e7b89f0d1c997a2e9d7951d1c0a974f908,,
ExtLibs/netDxf/Tables/DimensionStyleTextHorizontalPlacement.cs,54,netDxf.Tables,ExtLibs/netDxf/netDxf.csproj,T0,delete,,,S,,,,,ready,,,,65dedbb74e7cad22582c82d660fac16feae33c23dc4ea354b751c87b5958d4b1,,
ExtLibs/netDxf/Tables/DimensionStyleTextVerticalPlacement.cs,54,netDxf.Tables,ExtLibs/netDxf/netDxf.csproj,T0,delete,,,S,,,,,ready,,,,cefc0993a35fd62c3f003e28f4211e5a998a7d5a7cbcb16b6816daf8db83440d,,
ExtLibs/netDxf/Tables/DimensionStyleTolerances.cs,281,netDxf.Tables,ExtLibs/netDxf/netDxf.csproj,T0,delete,,,M,,,,,ready,,,,be3749080dd612564fd4e0d1d1dc8527667957fc3364ac2daf90298edd521e0e,,
ExtLibs/netDxf/Tables/DimensionStyleTolerancesDisplayMethod.cs,53,netDxf.Tables,ExtLibs/netDxf/netDxf.csproj,T0,delete,,,S,,,,,ready,,,,15eefea1967ef665f350730d4e44492e840ba6ba548608b26b0cf18ffdcdf02e,,
ExtLibs/netDxf/Tables/DimensionStyleTolerancesVerticalPlacement.cs,44,netDxf.Tables,ExtLibs/netDxf/netDxf.csproj,T0,delete,,,S,,,,,ready,,,,25882733c9f401e4ed658bd3a8ae09db11a7a7f3092c604acaa8c0b021d99658,,
ExtLibs/netDxf/Tables/FontStyle.cs,47,netDxf.Tables,ExtLibs/netDxf/netDxf.csproj,T0,delete,,,S,,,,,ready,,,,6099f6f5eae333b0308d0d468cbfcaad41c9a22e3967ea77e276607de7dd4864,,
ExtLibs/netDxf/Tables/Layer.cs,257,netDxf.Tables,ExtLibs/netDxf/netDxf.csproj,T0,delete,,,M,,,,,ready,,,,6003b5775c8c10de6658d82f932b5ac32fcbce381e51ac9a0e57841f84d619bc,,
ExtLibs/netDxf/Tables/LayerFlags.cs,69,netDxf.Tables,ExtLibs/netDxf/netDxf.csproj,T0,delete,,,S,,,,,ready,,,,44bb2840ca436e2e55c05b9f10a684550bfba5cab0776849444fb4d27fe20032,,
ExtLibs/netDxf/Tables/Linetype.cs,677,netDxf.Tables,ExtLibs/netDxf/netDxf.csproj,T0,delete,,,L,,,,,ready,,,,deba8c9a70cc2640fad5ad021f2bc46928c38eb0f9ec7eda6573d91ef2c1dc1b,,
ExtLibs/netDxf/Tables/LinetypeSegment.cs,91,netDxf.Tables,ExtLibs/netDxf/netDxf.csproj,T0,delete,,,S,,,,,ready,,,,c6120591a2570d00fef578081b9927ebe556b4b54d058813806758fc3a24e641,,
ExtLibs/netDxf/Tables/LinetypeSegmentChangeEventArgs.cs,60,netDxf.Tables,ExtLibs/netDxf/netDxf.csproj,T0,delete,,,S,,,,,ready,,,,6860e1e98e29055dfc3aa5346848af22e1817a71ef9a30fd8ac055c860fa5c46,,
ExtLibs/netDxf/Tables/LinetypeSegmentRotationType.cs,45,netDxf.Tables,ExtLibs/netDxf/netDxf.csproj,T0,delete,,,S,,,,,ready,,,,8c197922f6ae1034011b36ad97a910a35e6f57fc4303ba3025e1139ad15fe7c4,,
ExtLibs/netDxf/Tables/LinetypeSegmentType.cs,44,netDxf.Tables,ExtLibs/netDxf/netDxf.csproj,T0,delete,,,S,,,,,ready,,,,f5d6b70b6440d5d798aab774d995dd5bec57fea7525923aea99fbcff9534fd8f,,
ExtLibs/netDxf/Tables/LinetypeShapeSegment.cs,213,netDxf.Tables,ExtLibs/netDxf/netDxf.csproj,T0,delete,,,M,,,,,ready,,,,5b49a8c3259de3c355e64a33770ebe0eb38d8f3d0b50c3059cc2c514ca5312e0,,
ExtLibs/netDxf/Tables/LinetypeSimpleSegment.cs,70,netDxf.Tables,ExtLibs/netDxf/netDxf.csproj,T0,delete,,,S,,,,,ready,,,,ddaf96b620c7d024bc8db6e5b88feeaada55c33d5a37c12829b0d79774f262e2,,
ExtLibs/netDxf/Tables/LinetypeTextSegment.cs,199,netDxf.Tables,ExtLibs/netDxf/netDxf.csproj,T0,delete,,,S,,,,,ready,,,,a46968db78f0187b1a93abb7e74cb7899e5c8078c1070511bc8f6f9f9f4ed913,,
ExtLibs/netDxf/Tables/ShapeStyle.cs,291,netDxf.Tables,ExtLibs/netDxf/netDxf.csproj,T0,delete,,,M,,,,,ready,,,,59c7cdd28e4151f4e76c972c5615b935a3b90de421505bb3e9abb86751af4794,,
ExtLibs/netDxf/Tables/TableObject.cs,388,netDxf.Tables,ExtLibs/netDxf/netDxf.csproj,T0,delete,,,M,,,,,ready,,,,727fcb2147fc75c2d1f18789067f7c653a4f3ef12e63c1f39800464ac0555dd4,,
ExtLibs/netDxf/Tables/TableObjectChangedEventArgs.cs,76,netDxf.Tables,ExtLibs/netDxf/netDxf.csproj,T0,delete,,,S,,,,,ready,,,,699dfff13853dd6a156ba6f3297a028e2f5b6bd5afef4d5097897903c655459e,,
ExtLibs/netDxf/Tables/TextStyle.cs,436,netDxf.Tables,ExtLibs/netDxf/netDxf.csproj,T0,delete,,,M,,,,,ready,,,,c32dc55afb70b9102cbf3fa8cd66d39193c8432731bb9cde27c4e6f9685c1ca4,,
ExtLibs/netDxf/Tables/UCS.cs,250,netDxf.Tables,ExtLibs/netDxf/netDxf.csproj,T0,delete,,,M,,,,,ready,,,,e3111d9c24624c41e501e23d7514888c67c2b9739baa403f45f991d250d0aff2,,
ExtLibs/netDxf/Tables/VPort.cs,249,netDxf.Tables,ExtLibs/netDxf/netDxf.csproj,T0,delete,,,M,,,,,ready,,,,3dbd176a1648527602271a16b9abcad12854c27250f70f5cc7861f88fbe1e83d,,
ExtLibs/netDxf/Tables/View.cs,184,netDxf.Tables,ExtLibs/netDxf/netDxf.csproj,T0,delete,,,S,,,,,ready,,,,a84d5a01636ebf8d0cd6f3dff90d4d521b9662dfce87e8bf2efaf5267fb9afc2,,
ExtLibs/netDxf/Tables/ViewMode.cs,61,netDxf.Tables,ExtLibs/netDxf/netDxf.csproj,T0,delete,,,S,,,,,ready,,,,3a9bf7e54501c54099cb0cbe744f75c6fd2a3aba2705183f3a621ce685115063,,
ExtLibs/netDxf/Transparency.cs,222,netDxf,ExtLibs/netDxf/netDxf.csproj,T0,delete,,,M,,,,,ready,,,,0e3705e2d61cf53cafff26442e1fdf28be1102f95f38debe0f4f844d5f718327,,
ExtLibs/netDxf/Units/AngleDirection.cs,39,netDxf.Units,ExtLibs/netDxf/netDxf.csproj,T0,delete,,,S,,,,,ready,,,,91bcc7411dc87da79652543b197cb5132b6425f8f92208109df80b8fdfe7c93d,,
ExtLibs/netDxf/Units/AngleUnitFormat.cs,147,netDxf.Units,ExtLibs/netDxf/netDxf.csproj,T0,delete,,,S,,,,,ready,,,,ae6f2f220425c73ca3bb476e2538f50b88cdbc8f9f6c522a190ad3b4bac9357a,,
ExtLibs/netDxf/Units/AngleUnitType.cs,54,netDxf.Units,ExtLibs/netDxf/netDxf.csproj,T0,delete,,,S,,,,,ready,,,,28f4aac0a037221d78f4e690d38d8d8b2c0faad0f4228d3e10fdbd487a259c1e,,
ExtLibs/netDxf/Units/DrawingTime.cs,124,netDxf.Units,ExtLibs/netDxf/netDxf.csproj,T0,delete,,,S,,,,,ready,,,,78744d45fe5a468add66d995b29161648340dc59ca12216e51b38199fe71299d,,
ExtLibs/netDxf/Units/DrawingUnits.cs,134,netDxf.Units,ExtLibs/netDxf/netDxf.csproj,T0,delete,,,S,,,,,ready,,,,2f414b81debcf5240e4998ed66e59b4d21638027c52e5b8e840033d31e3666f2,,
ExtLibs/netDxf/Units/FractionFormatType.cs,44,netDxf.Units,ExtLibs/netDxf/netDxf.csproj,T0,delete,,,S,,,,,ready,,,,f11fa2d1702cfd07f8934f4af6c034483e8c200c4c6be7340d31067f680fea2b,,
ExtLibs/netDxf/Units/ImageResolutionUnits.cs,44,netDxf.Units,ExtLibs/netDxf/netDxf.csproj,T0,delete,,,S,,,,,ready,,,,5e5950841aeefd20af3746f2e2a983ab000d888ee3a45c233377b4ff9c6fdaf5,,
ExtLibs/netDxf/Units/ImageUnits.cs,75,netDxf.Units,ExtLibs/netDxf/netDxf.csproj,T0,delete,,,S,,,,,ready,,,,dee619c0bbef7ff32e23e010aad4dfa0e71fd987625ddba27488de5d6d6b8ca1,,
ExtLibs/netDxf/Units/LinearUnitFormat.cs,288,netDxf.Units,ExtLibs/netDxf/netDxf.csproj,T0,delete,,,M,,,,,ready,,,,c4650f5ef723e8019115a007afeb7747b93ae3943f2b30c35ef8110868b3a445,,
ExtLibs/netDxf/Units/LinearUnitType.cs,59,netDxf.Units,ExtLibs/netDxf/netDxf.csproj,T0,delete,,,S,,,,,ready,,,,a442c00330ade6f1e4352dab41a3bc222264937a8a13cdffa735a4fb01f67019,,
ExtLibs/netDxf/Units/UnitHelper.cs,178,netDxf.Units,ExtLibs/netDxf/netDxf.csproj,T0,delete,,,S,,,,,ready,,,,a1ad03eb63b7ff12830350d274a75d88223f2ae6e9ac1b36a4bcb6c400c3f462,,
ExtLibs/netDxf/Units/UnitStyleFormat.cs,283,netDxf.Units,ExtLibs/netDxf/netDxf.csproj,T0,delete,,,M,,,,,ready,,,,a04aea44ff3d4fb30e587e33b70ce74ae9c7d3a0d3855f5828518b10bd216137,,
ExtLibs/netDxf/Vector2.cs,772,netDxf,ExtLibs/netDxf/netDxf.csproj,T0,delete,,,L,,,,,ready,,,,a330c87e77b144c92e61c9040365f86ebc64a542118ea1b0a1a7ff0eabef11eb,,
ExtLibs/netDxf/Vector3.cs,754,netDxf,ExtLibs/netDxf/netDxf.csproj,T0,delete,,,L,,,,,ready,,,,1fd3587848ad91ae27765c7d71b54bdc25459f1f58a277b574520e70e2cf4aa5,,
ExtLibs/netDxf/XData.cs,116,netDxf,ExtLibs/netDxf/netDxf.csproj,T0,delete,,,S,,,,,ready,,,,14e9a0a9cae56cb1a0786f5d7339448a9627b9b4a813c47529255d5960df579d,,
ExtLibs/netDxf/XDataCode.cs,161,netDxf,ExtLibs/netDxf/netDxf.csproj,T0,delete,,,S,,,,,ready,,,,f808d05208f9fa8ab1c7b3d0c701bf7638f9ecb9f2b0259079c9ecedca1d17ba,,
ExtLibs/netDxf/XDataRecord.cs,170,netDxf,ExtLibs/netDxf/netDxf.csproj,T0,delete,,,S,,,,,ready,,,,30636486f144a8d9f65caa2e516ffbdbe84130405c10c7f911a4399fbb809388,,
ExtLibs/pinvokegen/Program.cs,21,pinvokegen,ExtLibs/pinvokegen/pinvokegen.csproj,T3,hand-port,,,S,,,,,dropped,,,,25e91c99c0d2e5a1d0dd2bd75c15fb68948fdbdb49e3b56bb14dce6475461b0e,,no callers in the C# tree as of efb0801 (D16): its project ExtLibs/pinvokegen/pinvokegen.csproj is in no build (neither MissionPlanner.sln nor MissionPlannerLib.sln reaches it); declares Program
ExtLibs/px4uploader/FastJSON/Formatter.cs,73,fastJSON,ExtLibs/px4uploader/px4uploader.csproj,T3,hand-port,,,S,,,,,ready,,,,a422be907e8aee8ec52695b402a9db54bfbe9f34f89563cc7409aec3696d4fb7,,
ExtLibs/px4uploader/FastJSON/Getters.cs,11,fastJSON,ExtLibs/px4uploader/px4uploader.csproj,T3,hand-port,,,S,,,,,ready,,,,8e155f12b1914b63b451c13afcb1d312416ace52151ddac445cbd6f4a3a8c9da,,
ExtLibs/px4uploader/FastJSON/JSON.cs,961,fastJSON,ExtLibs/px4uploader/px4uploader.csproj,T3,hand-port,,,L,,,,,ready,,,,9e19bce203aa5120845bab0e3ef8a2a3860c1157a834fefe87d8d6d7fcb86e48,,
ExtLibs/px4uploader/FastJSON/JsonParser.cs,438,fastJSON,ExtLibs/px4uploader/px4uploader.csproj,T3,hand-port,,,M,,,,,ready,,,,86f99ffe24cb0396a5f718c327cf6c9c632f0627850139e5f3f272606f413000,,
ExtLibs/px4uploader/FastJSON/JsonSerializer.cs,506,fastJSON,ExtLibs/px4uploader/px4uploader.csproj,T3,hand-port,,,M,,,,,ready,,,,4f4c944669150f67e805621853375718034fd836ec93f2829154692dd7965387,,
ExtLibs/px4uploader/FastJSON/Reflection.cs,310,fastJSON,ExtLibs/px4uploader/px4uploader.csproj,T3,hand-port,,,M,,,,,ready,,,,8c27b85c5842cacb40d664f18f2b43c34e7e4f7a3d8645982addf17eedc7fccd,,
ExtLibs/px4uploader/FastJSON/SafeDictionary.cs,52,fastJSON,ExtLibs/px4uploader/px4uploader.csproj,T3,hand-port,,,S,,,,,ready,,,,2cace1b8a80a3746ac1a10d8a6226f90954ad295ae99af15289a23a4c0956125,,
ExtLibs/px4uploader/FastJSON/dynamic.cs,45,fastJSON,ExtLibs/px4uploader/px4uploader.csproj,T3,hand-port,,,S,,,,,ready,,,,0090df337a71fcd1144152081ef7f92e0f1894b761ff0208170b03fcbfc829fc,,
ExtLibs/px4uploader/Firmware.cs,185,px4uploader,ExtLibs/px4uploader/px4uploader.csproj,T3,hand-port,mp-firmware,,S,bit-exact,,golden,,tested,,,crates/mp-firmware/src/firmware.rs;crates/mp-firmware/tests/firmware_upload.rs;testdata/firmware,a765a115dfa32f1971db9903c7d965157b1239db13b61b8ede666ea1f8cd05fd,none beyond the .apj container,the .apj container as the C# reads it
ExtLibs/px4uploader/Program.cs,443,px4uploader,ExtLibs/px4uploader/px4uploader.csproj,T3,hand-port,,,M,,,,,ready,,,,30a632a192d01c020201608606cf12046b91215ce63739b2cb2061ab5930f57b,,
ExtLibs/px4uploader/Properties/AssemblyInfo.cs,36,,ExtLibs/px4uploader/px4uploader.csproj,T3,hand-port,,,S,,,,,dropped,,,,e8f49fb0314d1e24f844cfe18ae27a7713e2545934b5b0a3f52f5ce89ed5eb66,,"no callers in the C# tree as of efb0801 (D16): compiled by no project (ExtLibs/px4uploader/px4uploader.csproj has Compile Remove=""Properties\AssemblyInfo.cs""); declares nothing"
ExtLibs/px4uploader/Uploader.cs,1022,px4uploader,ExtLibs/px4uploader/px4uploader.csproj,T3,hand-port,mp-firmware,,L,bit-exact,,golden,,tested,,,crates/mp-firmware/src/uploader.rs;crates/mp-firmware/src/protocol.rs;crates/mp-firmware/tests/firmware_upload.rs,f7dffe577194b146f74a88c71958a12bde002c5bfeac2a3024e77650effcc33d,no board has been flashed and nothing writes to one until the owner asks; identify skips the rev>=5 chip/serial/external-flash reads,a complete upload against a strict in-process mock that asserts every byte
ExtLibs/solo/Program.cs,58,solo,ExtLibs/solo/solo.csproj,T3,hand-port,,,S,,,,,ready,,,,fafb7ff94a496e75fdf45c657bd88aa8c319f8deb077eb54462ac892d880e077,,
ExtLibs/solo/Solo.cs,348,solo,ExtLibs/solo/solo.csproj,T3,hand-port,,,M,,,,,ready,,,,880ae4798543145592e964144e0bc2e414f35661d9687d458b2bcb024deb3255,,
ExtLibs/tlogThumbnailHandler/GMapImage.cs,144,GMap.NET.WindowsForms,ExtLibs/tlogThumbnailHandler/tlogThumbnailHandler.csproj,T3,hand-port,,,S,,,,,dropped,,,,40d6ab19ad2e45afdfebe9d5261ad34e643178793fada21b751996d6eef3662e,,"no callers in the C# tree as of efb0801 (D16): compiled by no project (ExtLibs/tlogThumbnailHandler/tlogThumbnailHandler.csproj has Compile Remove=""GMapImage.cs""); declares GMapImage, GMapImageProxy"
ExtLibs/tlogThumbnailHandler/IEIFLAG.cs,15,tlogThumbnailHandler,ExtLibs/tlogThumbnailHandler/tlogThumbnailHandler.csproj,T3,hand-port,,,S,,,,,ready,,,,d5d89c8e7ef33ed9890d8dc02be425d350620a1a7e8e0b17582fe087d8025640,,
ExtLibs/tlogThumbnailHandler/IExtractImage.cs,17,tlogThumbnailHandler,ExtLibs/tlogThumbnailHandler/tlogThumbnailHandler.csproj,T3,hand-port,,,S,,,,,ready,,,,655b9e8ab07aa8a6a6171d757dc7c8d6b1af56ebd961e560f915579c96e6d4c1,,
ExtLibs/tlogThumbnailHandler/IExtractImage2.cs,11,tlogThumbnailHandler,ExtLibs/tlogThumbnailHandler/tlogThumbnailHandler.csproj,T3,hand-port,,,S,,,,,ready,,,,e2b2c80c32f585cd06a10f7fe28dbd78ba2ef0ddfea3a3308ed50f3b5bd49206,,
ExtLibs/tlogThumbnailHandler/IInitializeWithStream.cs,19,tlogThumbnailHandler,ExtLibs/tlogThumbnailHandler/tlogThumbnailHandler.csproj,T3,hand-port,,,S,,,,,ready,,,,97b1f16113e6cf02286e138c363006a7807166e6f9aa5bfc00e9885167a78c24,,
ExtLibs/tlogThumbnailHandler/IThumbnailProvider.cs,14,tlogThumbnailHandler,ExtLibs/tlogThumbnailHandler/tlogThumbnailHandler.csproj,T3,hand-port,,,S,,,,,ready,,,,e0a66c9dc9c1e6e13d04b217f4f91945f3ce020d70f29f44239db424d09d8ccd,,
ExtLibs/tlogThumbnailHandler/SIZE.cs,16,tlogThumbnailHandler,ExtLibs/tlogThumbnailHandler/tlogThumbnailHandler.csproj,T3,hand-port,,,S,,,,,ready,,,,a1166578d83ead5a39981aa00c45a3ce030a5da9d2f20462382404c97ae4c542,,
ExtLibs/tlogThumbnailHandler/WTS_ALPHATYPE.cs,20,tlogThumbnailHandler,ExtLibs/tlogThumbnailHandler/tlogThumbnailHandler.csproj,T3,hand-port,,,S,,,,,ready,,,,93934c4a8f5487c5eea3051a4a2a22402dc599f1793e7199a297215359aab506,,
ExtLibs/tlogThumbnailHandler/tlogThumbnailHandler.cs,337,MissionPlanner.Log,ExtLibs/tlogThumbnailHandler/tlogThumbnailHandler.csproj,T3,hand-port,,,M,,,,,ready,,,,1e430005b4982512d5d19f62aef52f3f15efcd5b7c7f0c4f908f699343a376a8,,
ExtLibs/uno/UnoUI/UnoUI.Droid/Main.cs,43,UnoUI.Droid,ExtLibs/uno/UnoUI/UnoUI.Droid/UnoUI.Droid.csproj,T4,drop-pending-owner,,,S,,,,,dropped,,,,db3426e08bf026f9c1eaaf9ea15e7a466521b66db09b886d4ba79a819dc34a71,,no callers in the C# tree as of efb0801 (D16): its project ExtLibs/uno/UnoUI/UnoUI.Droid/UnoUI.Droid.csproj is in no build (neither MissionPlanner.sln nor MissionPlannerLib.sln reaches it); declares Application
ExtLibs/uno/UnoUI/UnoUI.Droid/MainActivity.cs,18,UnoUI.Droid,ExtLibs/uno/UnoUI/UnoUI.Droid/UnoUI.Droid.csproj,T4,drop-pending-owner,,,S,,,,,dropped,,,,ada61d496668a70475be22fd62ad3e8daf90837570665635d927625842336024,,no callers in the C# tree as of efb0801 (D16): its project ExtLibs/uno/UnoUI/UnoUI.Droid/UnoUI.Droid.csproj is in no build (neither MissionPlanner.sln nor MissionPlannerLib.sln reaches it); declares MainActivity
ExtLibs/uno/UnoUI/UnoUI.Droid/Properties/AssemblyInfo.cs,30,,ExtLibs/uno/UnoUI/UnoUI.Droid/UnoUI.Droid.csproj,T4,drop-pending-owner,,,S,,,,,dropped,,,,889c9827c7bf2627a28e579a28f68ab27cb416140b96d72dc5bc8063a91bb138,,no callers in the C# tree as of efb0801 (D16): its project ExtLibs/uno/UnoUI/UnoUI.Droid/UnoUI.Droid.csproj is in no build (neither MissionPlanner.sln nor MissionPlannerLib.sln reaches it); declares nothing
ExtLibs/uno/UnoUI/UnoUI.Shared/App.xaml.cs,151,UnoUI,MissionPlanner.csproj,T4,drop-pending-owner,,,S,,,,,dropped,,,,80f90a446b990f1e771f4219d97aa46d3a37a37b211d2a31c17e01edf0223884,,no callers in the C# tree as of efb0801 (D16): its project ExtLibs/uno/UnoUI/UnoUI.Shared/UnoUI.Shared.projitems is in no build (neither MissionPlanner.sln nor MissionPlannerLib.sln reaches it); declares App
ExtLibs/uno/UnoUI/UnoUI.Shared/MainPage.xaml.cs,30,UnoUI,MissionPlanner.csproj,T4,drop-pending-owner,,,S,,,,,dropped,,,,e849c7634c12e2b711e8288205527eeddd5190795a7d65f1f25be223d253d59c,,no callers in the C# tree as of efb0801 (D16): its project ExtLibs/uno/UnoUI/UnoUI.Shared/UnoUI.Shared.projitems is in no build (neither MissionPlanner.sln nor MissionPlannerLib.sln reaches it); declares MainPage
ExtLibs/uno/UnoUI/UnoUI.Shared/test/AGaugeApp.AGauge.xaml.cs,0,AGaugeApp,MissionPlanner.csproj,T4,drop-pending-owner,,,S,,,,,dropped,,,,10e4befc593b3a5cd20af21830cb8d12d55985ca7fc907b7fd31f89b977a0b5a,,no callers in the C# tree as of efb0801 (D16): its project ExtLibs/uno/UnoUI/UnoUI.Shared/UnoUI.Shared.projitems is in no build (neither MissionPlanner.sln nor MissionPlannerLib.sln reaches it); declares AGauge
ExtLibs/uno/UnoUI/UnoUI.Shared/test/Class1.cs,19,MissionPlanner.Wizard,MissionPlanner.csproj,T4,drop-pending-owner,,,S,,,,,dropped,,,,6ab05fe4d26122c25655d178d6b415100f4867ed481cd8c0da2c2a9cf48bf2ec,,"no callers in the C# tree as of efb0801 (D16): its project ExtLibs/uno/UnoUI/UnoUI.Shared/UnoUI.Shared.projitems is in no build (neither MissionPlanner.sln nor MissionPlannerLib.sln reaches it); declares Class1, Class2, Class3"
ExtLibs/uno/UnoUI/UnoUI.Shared/test/DecimalUpDown.xaml.cs,9,Custom,MissionPlanner.csproj,T4,drop-pending-owner,,,S,,,,,dropped,,,,cd12f635e866068fa09f8e0f1d95a44b8afc50b1e9e71c127b9cda8f4127cd4f,,no callers in the C# tree as of efb0801 (D16): its project ExtLibs/uno/UnoUI/UnoUI.Shared/UnoUI.Shared.projitems is in no build (neither MissionPlanner.sln nor MissionPlannerLib.sln reaches it); declares DecimalUpDown
ExtLibs/uno/UnoUI/UnoUI.Shared/test/MissionPlanner.Antenna.Tracker.xaml.cs,0,MissionPlanner.Antenna,MissionPlanner.csproj,T4,drop-pending-owner,,,S,,,,,dropped,,,,6ee21591bd940c4a6361ec7d8bb5e7186ad1b65ce8bb839b82e0c4eb78ccade5,,no callers in the C# tree as of efb0801 (D16): its project ExtLibs/uno/UnoUI/UnoUI.Shared/UnoUI.Shared.projitems is in no build (neither MissionPlanner.sln nor MissionPlannerLib.sln reaches it); declares Tracker
ExtLibs/uno/UnoUI/UnoUI.Shared/test/MissionPlanner.ConnectionOptions.xaml.cs,0,MissionPlanner,MissionPlanner.csproj,T4,drop-pending-owner,,,S,,,,,dropped,,,,f3d81a3ad8f1a3b9d08f008d11fa62d54b4784043cc49a53e01bf49ec12199be,,no callers in the C# tree as of efb0801 (D16): its project ExtLibs/uno/UnoUI/UnoUI.Shared/UnoUI.Shared.projitems is in no build (neither MissionPlanner.sln nor MissionPlannerLib.sln reaches it); declares ConnectionOptions
ExtLibs/uno/UnoUI/UnoUI.Shared/test/MissionPlanner.Controls.AuthKeys.xaml.cs,0,MissionPlanner.Controls,MissionPlanner.csproj,T4,drop-pending-owner,,,S,,,,,dropped,,,,5b34108fb85e8ea6a60ceaa657dcc1dbd1c4ed9626194e0ca3b4348ec68c833e,,no callers in the C# tree as of efb0801 (D16): its project ExtLibs/uno/UnoUI/UnoUI.Shared/UnoUI.Shared.projitems is in no build (neither MissionPlanner.sln nor MissionPlannerLib.sln reaches it); declares AuthKeys
ExtLibs/uno/UnoUI/UnoUI.Shared/test/MissionPlanner.Controls.BackstageView.BackStageViewMenuPanel.xaml.cs,0,MissionPlanner.Controls.BackstageView,MissionPlanner.csproj,T4,drop-pending-owner,,,S,,,,,dropped,,,,c2d65399841002346f5d46fa99e086223440afecd3b309d3886706e9b8e31e43,,no callers in the C# tree as of efb0801 (D16): its project ExtLibs/uno/UnoUI/UnoUI.Shared/UnoUI.Shared.projitems is in no build (neither MissionPlanner.sln nor MissionPlannerLib.sln reaches it); declares BackStageViewMenuPanel
ExtLibs/uno/UnoUI/UnoUI.Shared/test/MissionPlanner.Controls.BackstageView.BackstageView.xaml.cs,0,MissionPlanner.Controls.BackstageView,MissionPlanner.csproj,T4,drop-pending-owner,,,S,,,,,dropped,,,,6db7fe43400f42e79449b0f755da825de92e445969371afbfe1273fbdb907232,,no callers in the C# tree as of efb0801 (D16): its project ExtLibs/uno/UnoUI/UnoUI.Shared/UnoUI.Shared.projitems is in no build (neither MissionPlanner.sln nor MissionPlannerLib.sln reaches it); declares BackstageView
ExtLibs/uno/UnoUI/UnoUI.Shared/test/MissionPlanner.Controls.BackstageView.BackstageViewButton.xaml.cs,0,MissionPlanner.Controls.BackstageView,MissionPlanner.csproj,T4,drop-pending-owner,,,S,,,,,dropped,,,,5655822d041f0954850d17cdc201f58e0b243cfbbe18c413aa84041dde25ddec,,no callers in the C# tree as of efb0801 (D16): its project ExtLibs/uno/UnoUI/UnoUI.Shared/UnoUI.Shared.projitems is in no build (neither MissionPlanner.sln nor MissionPlannerLib.sln reaches it); declares BackstageViewButton
ExtLibs/uno/UnoUI/UnoUI.Shared/test/MissionPlanner.Controls.ConnectionControl.xaml.cs,0,MissionPlanner.Controls,MissionPlanner.csproj,T4,drop-pending-owner,,,S,,,,,dropped,,,,6d350aa354772086e5406d186cf36c25b5623e66f1f4517c537c7b90cd5fecad,,no callers in the C# tree as of efb0801 (D16): its project ExtLibs/uno/UnoUI/UnoUI.Shared/UnoUI.Shared.projitems is in no build (neither MissionPlanner.sln nor MissionPlannerLib.sln reaches it); declares ConnectionControl
ExtLibs/uno/UnoUI/UnoUI.Shared/test/MissionPlanner.Controls.ConnectionStats.xaml.cs,0,MissionPlanner.Controls,MissionPlanner.csproj,T4,drop-pending-owner,,,S,,,,,dropped,,,,425fa5c2b1050585d2e2734af38573ca513520cb8bde13904ba5525d4d42d301,,no callers in the C# tree as of efb0801 (D16): its project ExtLibs/uno/UnoUI/UnoUI.Shared/UnoUI.Shared.projitems is in no build (neither MissionPlanner.sln nor MissionPlannerLib.sln reaches it); declares ConnectionStats
ExtLibs/uno/UnoUI/UnoUI.Shared/test/MissionPlanner.Controls.Coords.xaml.cs,0,MissionPlanner.Controls,MissionPlanner.csproj,T4,drop-pending-owner,,,S,,,,,dropped,,,,4c5b97f960bc8645a7cc963209ab4a5cf7d6193a189409f5a15d0ab1c5406f8c,,no callers in the C# tree as of efb0801 (D16): its project ExtLibs/uno/UnoUI/UnoUI.Shared/UnoUI.Shared.projitems is in no build (neither MissionPlanner.sln nor MissionPlannerLib.sln reaches it); declares Coords
ExtLibs/uno/UnoUI/UnoUI.Shared/test/MissionPlanner.Controls.DefaultSettings.xaml.cs,0,MissionPlanner.Controls,MissionPlanner.csproj,T4,drop-pending-owner,,,S,,,,,dropped,,,,418310118c8e3673a702674bd6b9852a37e296f3396112d56c30600295eeae5d,,no callers in the C# tree as of efb0801 (D16): its project ExtLibs/uno/UnoUI/UnoUI.Shared/UnoUI.Shared.projitems is in no build (neither MissionPlanner.sln nor MissionPlannerLib.sln reaches it); declares DefaultSettings
ExtLibs/uno/UnoUI/UnoUI.Shared/test/MissionPlanner.Controls.DigitalSkyUI.xaml.cs,0,MissionPlanner.Controls,MissionPlanner.csproj,T4,drop-pending-owner,,,S,,,,,dropped,,,,063b87a0bee9cb33d5ef87dc323b154bc265205adeab06a379fc1e4b8ca03822,,no callers in the C# tree as of efb0801 (D16): its project ExtLibs/uno/UnoUI/UnoUI.Shared/UnoUI.Shared.projitems is in no build (neither MissionPlanner.sln nor MissionPlannerLib.sln reaches it); declares DigitalSkyUI
ExtLibs/uno/UnoUI/UnoUI.Shared/test/MissionPlanner.Controls.DistanceBar.xaml.cs,0,MissionPlanner.Controls,MissionPlanner.csproj,T4,drop-pending-owner,,,S,,,,,dropped,,,,4d306fd4ffd48428b672e69919d19e9cb28dc5c5cfd918f68f3c9630d393a81a,,no callers in the C# tree as of efb0801 (D16): its project ExtLibs/uno/UnoUI/UnoUI.Shared/UnoUI.Shared.projitems is in no build (neither MissionPlanner.sln nor MissionPlannerLib.sln reaches it); declares DistanceBar
ExtLibs/uno/UnoUI/UnoUI.Shared/test/MissionPlanner.Controls.EKFStatus.xaml.cs,0,MissionPlanner.Controls,MissionPlanner.csproj,T4,drop-pending-owner,,,S,,,,,dropped,,,,53df5d43819cd5cf9eaa5d07a0c5fc5f864458e8af5871e0df641973409e0632,,no callers in the C# tree as of efb0801 (D16): its project ExtLibs/uno/UnoUI/UnoUI.Shared/UnoUI.Shared.projitems is in no build (neither MissionPlanner.sln nor MissionPlannerLib.sln reaches it); declares EKFStatus
ExtLibs/uno/UnoUI/UnoUI.Shared/test/MissionPlanner.Controls.FileBrowse.xaml.cs,0,MissionPlanner.Controls,MissionPlanner.csproj,T4,drop-pending-owner,,,S,,,,,dropped,,,,d08b7f2515e29ee166ae45539736c9b90b6ebec865e81f7b8a35730243289065,,no callers in the C# tree as of efb0801 (D16): its project ExtLibs/uno/UnoUI/UnoUI.Shared/UnoUI.Shared.projitems is in no build (neither MissionPlanner.sln nor MissionPlannerLib.sln reaches it); declares FileBrowse
ExtLibs/uno/UnoUI/UnoUI.Shared/test/MissionPlanner.Controls.FlashMessage.xaml.cs,0,MissionPlanner.Controls,MissionPlanner.csproj,T4,drop-pending-owner,,,S,,,,,dropped,,,,692c4de5672440016bf7f45114f70cd109ae46443d809fb072d687e4b9c1b916,,no callers in the C# tree as of efb0801 (D16): its project ExtLibs/uno/UnoUI/UnoUI.Shared/UnoUI.Shared.projitems is in no build (neither MissionPlanner.sln nor MissionPlannerLib.sln reaches it); declares FlashMessage
ExtLibs/uno/UnoUI/UnoUI.Shared/test/MissionPlanner.Controls.GradientBG.xaml.cs,0,MissionPlanner.Controls,MissionPlanner.csproj,T4,drop-pending-owner,,,S,,,,,dropped,,,,ec2c0ed403f2b2b74c8ed2c08c748a6bbeb953c2bd4c285ebb4fa07282eb3f0d,,no callers in the C# tree as of efb0801 (D16): its project ExtLibs/uno/UnoUI/UnoUI.Shared/UnoUI.Shared.projitems is in no build (neither MissionPlanner.sln nor MissionPlannerLib.sln reaches it); declares GradientBG
ExtLibs/uno/UnoUI/UnoUI.Shared/test/MissionPlanner.Controls.HSI.xaml.cs,0,MissionPlanner.Controls,MissionPlanner.csproj,T4,drop-pending-owner,,,S,,,,,dropped,,,,1a9ee7eb2f1fb08a6b8431e24effb4df4aad4f0e203501b51749c50aee73a64c,,no callers in the C# tree as of efb0801 (D16): its project ExtLibs/uno/UnoUI/UnoUI.Shared/UnoUI.Shared.projitems is in no build (neither MissionPlanner.sln nor MissionPlannerLib.sln reaches it); declares HSI
ExtLibs/uno/UnoUI/UnoUI.Shared/test/MissionPlanner.Controls.HUD.xaml.cs,0,MissionPlanner.Controls,MissionPlanner.csproj,T4,drop-pending-owner,,,S,,,,,dropped,,,,e5a43a3af42d274d8273bfcde3a8e153fb52bb850ab8bf27dde27f97808b11f0,,no callers in the C# tree as of efb0801 (D16): its project ExtLibs/uno/UnoUI/UnoUI.Shared/UnoUI.Shared.projitems is in no build (neither MissionPlanner.sln nor MissionPlannerLib.sln reaches it); declares HUD
ExtLibs/uno/UnoUI/UnoUI.Shared/test/MissionPlanner.Controls.HorizontalProgressBar.xaml.cs,0,MissionPlanner.Controls,MissionPlanner.csproj,T4,drop-pending-owner,,,S,,,,,dropped,,,,1149c75867ee5dc06527403d51350be73e81afacb90a536378cf3e96317f754a,,no callers in the C# tree as of efb0801 (D16): its project ExtLibs/uno/UnoUI/UnoUI.Shared/UnoUI.Shared.projitems is in no build (neither MissionPlanner.sln nor MissionPlannerLib.sln reaches it); declares HorizontalProgressBar
ExtLibs/uno/UnoUI/UnoUI.Shared/test/MissionPlanner.Controls.HorizontalProgressBar2+proxyvpb.xaml.cs,0,MissionPlanner.Controls,MissionPlanner.csproj,T4,drop-pending-owner,,,S,,,,,dropped,,,,a1bc206cf5f6903b1cbe8baad1580a32c364a54168d97b793253aa9e2aee5592,,"no callers in the C# tree as of efb0801 (D16): compiled by no project (MissionPlannerLib.csproj has Compile Remove=""ExtLibs\uno\**""); declares proxyvpb"
ExtLibs/uno/UnoUI/UnoUI.Shared/test/MissionPlanner.Controls.HorizontalProgressBar2.xaml.cs,0,MissionPlanner.Controls,MissionPlanner.csproj,T4,drop-pending-owner,,,S,,,,,dropped,,,,403cb821e89b4207ca58fbba14d3f15e9fca29673c2f3d383f220c6b122a11cd,,no callers in the C# tree as of efb0801 (D16): its project ExtLibs/uno/UnoUI/UnoUI.Shared/UnoUI.Shared.projitems is in no build (neither MissionPlanner.sln nor MissionPlannerLib.sln reaches it); declares HorizontalProgressBar2
ExtLibs/uno/UnoUI/UnoUI.Shared/test/MissionPlanner.Controls.ImageLabel.xaml.cs,0,MissionPlanner.Controls,MissionPlanner.csproj,T4,drop-pending-owner,,,S,,,,,dropped,,,,8584c37e8f2bdab09aea5a4a79e484b3ab9c01a61884a3330c6a48a052cc1033,,no callers in the C# tree as of efb0801 (D16): its project ExtLibs/uno/UnoUI/UnoUI.Shared/UnoUI.Shared.projitems is in no build (neither MissionPlanner.sln nor MissionPlannerLib.sln reaches it); declares ImageLabel
ExtLibs/uno/UnoUI/UnoUI.Shared/test/MissionPlanner.Controls.LabelWithPseudoOpacity.xaml.cs,0,MissionPlanner.Controls,MissionPlanner.csproj,T4,drop-pending-owner,,,S,,,,,dropped,,,,dd553e709c0e178649573177be598897aa387a065ea8ce76fcf3dd2b71dff1b9,,no callers in the C# tree as of efb0801 (D16): its project ExtLibs/uno/UnoUI/UnoUI.Shared/UnoUI.Shared.projitems is in no build (neither MissionPlanner.sln nor MissionPlannerLib.sln reaches it); declares LabelWithPseudoOpacity
ExtLibs/uno/UnoUI/UnoUI.Shared/test/MissionPlanner.Controls.LineSeparator.xaml.cs,0,MissionPlanner.Controls,MissionPlanner.csproj,T4,drop-pending-owner,,,S,,,,,dropped,,,,69f49f7ea4b651081165e30fa60140bc2ceaf757d891628e41958db96d9690fa,,no callers in the C# tree as of efb0801 (D16): its project ExtLibs/uno/UnoUI/UnoUI.Shared/UnoUI.Shared.projitems is in no build (neither MissionPlanner.sln nor MissionPlannerLib.sln reaches it); declares LineSeparator
ExtLibs/uno/UnoUI/UnoUI.Shared/test/MissionPlanner.Controls.Loading.xaml.cs,0,MissionPlanner.Controls,MissionPlanner.csproj,T4,drop-pending-owner,,,S,,,,,dropped,,,,f176c1d0b74e2ca6f3c03e0151f0c6755df0fb2398d083c09e3530246b6354b1,,no callers in the C# tree as of efb0801 (D16): its project ExtLibs/uno/UnoUI/UnoUI.Shared/UnoUI.Shared.projitems is in no build (neither MissionPlanner.sln nor MissionPlannerLib.sln reaches it); declares Loading
ExtLibs/uno/UnoUI/UnoUI.Shared/test/MissionPlanner.Controls.MAVLinkInspector+MyTreeView.xaml.cs,0,MissionPlanner.Controls,MissionPlanner.csproj,T4,drop-pending-owner,,,S,,,,,dropped,,,,dafeafba05ef536e67db29f3d9a503a29d68c05440feb5f87221aa28078558ae,,"no callers in the C# tree as of efb0801 (D16): compiled by no project (MissionPlannerLib.csproj has Compile Remove=""ExtLibs\uno\**""); declares MyTreeView"
ExtLibs/uno/UnoUI/UnoUI.Shared/test/MissionPlanner.Controls.MavlinkCheckBox.xaml.cs,0,MissionPlanner.Controls,MissionPlanner.csproj,T4,drop-pending-owner,,,S,,,,,dropped,,,,df332698876c6e4895da739bb9e94ab8d03af5c8f1692eeb0d277080f3b7b300,,no callers in the C# tree as of efb0801 (D16): its project ExtLibs/uno/UnoUI/UnoUI.Shared/UnoUI.Shared.projitems is in no build (neither MissionPlanner.sln nor MissionPlannerLib.sln reaches it); declares MavlinkCheckBox
ExtLibs/uno/UnoUI/UnoUI.Shared/test/MissionPlanner.Controls.MavlinkCheckBoxBitMask.xaml.cs,0,MissionPlanner.Controls,MissionPlanner.csproj,T4,drop-pending-owner,,,S,,,,,dropped,,,,712ddd85a374b9a5b2de178b22e87ccd49f25949e84c19170a265ffc6f36d349,,no callers in the C# tree as of efb0801 (D16): its project ExtLibs/uno/UnoUI/UnoUI.Shared/UnoUI.Shared.projitems is in no build (neither MissionPlanner.sln nor MissionPlannerLib.sln reaches it); declares MavlinkCheckBoxBitMask
ExtLibs/uno/UnoUI/UnoUI.Shared/test/MissionPlanner.Controls.MavlinkComboBox.xaml.cs,0,MissionPlanner.Controls,MissionPlanner.csproj,T4,drop-pending-owner,,,S,,,,,dropped,,,,c8aa97315e5fdf46c98b28054ded05d862ff5b5f601f685320254ca574724673,,no callers in the C# tree as of efb0801 (D16): its project ExtLibs/uno/UnoUI/UnoUI.Shared/UnoUI.Shared.projitems is in no build (neither MissionPlanner.sln nor MissionPlannerLib.sln reaches it); declares MavlinkComboBox
ExtLibs/uno/UnoUI/UnoUI.Shared/test/MissionPlanner.Controls.MavlinkNumericUpDown.xaml.cs,0,MissionPlanner.Controls,MissionPlanner.csproj,T4,drop-pending-owner,,,S,,,,,dropped,,,,523e3c24ed513ed14ba1133dbc3e914a1f25cb67e965faeb69c5135fd200ac46,,no callers in the C# tree as of efb0801 (D16): its project ExtLibs/uno/UnoUI/UnoUI.Shared/UnoUI.Shared.projitems is in no build (neither MissionPlanner.sln nor MissionPlannerLib.sln reaches it); declares MavlinkNumericUpDown
ExtLibs/uno/UnoUI/UnoUI.Shared/test/MissionPlanner.Controls.ModifyandSet.xaml.cs,0,MissionPlanner.Controls,MissionPlanner.csproj,T4,drop-pending-owner,,,S,,,,,dropped,,,,6aae723a23708a6ddc1f65f057336c01ada37d1690ed6f893374dbf8b8428f19,,no callers in the C# tree as of efb0801 (D16): its project ExtLibs/uno/UnoUI/UnoUI.Shared/UnoUI.Shared.projitems is in no build (neither MissionPlanner.sln nor MissionPlannerLib.sln reaches it); declares ModifyandSet
ExtLibs/uno/UnoUI/UnoUI.Shared/test/MissionPlanner.Controls.MyButton.xaml.cs,0,MissionPlanner.Controls,MissionPlanner.csproj,T4,drop-pending-owner,,,S,,,,,dropped,,,,2aeda7b0ab4905a04988a8bf8107aa62bc6ec2d2b7b288671648ebd9a79d4bee,,no callers in the C# tree as of efb0801 (D16): its project ExtLibs/uno/UnoUI/UnoUI.Shared/UnoUI.Shared.projitems is in no build (neither MissionPlanner.sln nor MissionPlannerLib.sln reaches it); declares MyButton
ExtLibs/uno/UnoUI/UnoUI.Shared/test/MissionPlanner.Controls.MyDataGridView.xaml.cs,0,MissionPlanner.Controls,MissionPlanner.csproj,T4,drop-pending-owner,,,S,,,,,dropped,,,,48f87d9543abf4a6887fec8a5540e031cd129bc022f23e1ec8bc48992502a464,,no callers in the C# tree as of efb0801 (D16): its project ExtLibs/uno/UnoUI/UnoUI.Shared/UnoUI.Shared.projitems is in no build (neither MissionPlanner.sln nor MissionPlannerLib.sln reaches it); declares MyDataGridView
ExtLibs/uno/UnoUI/UnoUI.Shared/test/MissionPlanner.Controls.MyLabel.xaml.cs,0,MissionPlanner.Controls,MissionPlanner.csproj,T4,drop-pending-owner,,,S,,,,,dropped,,,,b18396bc3a884038cfa88bbe49e1b04639d851fe4bc0eb7f14fdab8fee9aafa3,,no callers in the C# tree as of efb0801 (D16): its project ExtLibs/uno/UnoUI/UnoUI.Shared/UnoUI.Shared.projitems is in no build (neither MissionPlanner.sln nor MissionPlannerLib.sln reaches it); declares MyLabel
ExtLibs/uno/UnoUI/UnoUI.Shared/test/MissionPlanner.Controls.MyProgressBar.xaml.cs,0,MissionPlanner.Controls,MissionPlanner.csproj,T4,drop-pending-owner,,,S,,,,,dropped,,,,41099c083e81b4415417a62b8035c3dfbf6df9c74c09ffea4ee23876a935f16a,,no callers in the C# tree as of efb0801 (D16): its project ExtLibs/uno/UnoUI/UnoUI.Shared/UnoUI.Shared.projitems is in no build (neither MissionPlanner.sln nor MissionPlannerLib.sln reaches it); declares MyProgressBar
ExtLibs/uno/UnoUI/UnoUI.Shared/test/MissionPlanner.Controls.MyTrackBar.xaml.cs,0,MissionPlanner.Controls,MissionPlanner.csproj,T4,drop-pending-owner,,,S,,,,,dropped,,,,7f4401058e54d0856081b5f5918b56045c4d6897cc04cd121766226adbfba238,,no callers in the C# tree as of efb0801 (D16): its project ExtLibs/uno/UnoUI/UnoUI.Shared/UnoUI.Shared.projitems is in no build (neither MissionPlanner.sln nor MissionPlannerLib.sln reaches it); declares MyTrackBar
ExtLibs/uno/UnoUI/UnoUI.Shared/test/MissionPlanner.Controls.OpenGLtest.xaml.cs,0,MissionPlanner.Controls,MissionPlanner.csproj,T4,drop-pending-owner,,,S,,,,,dropped,,,,cd6629ab3cd880bc890408c7ba8a84e966a2d3f6dfbff8ac81acb7532932e3f4,,no callers in the C# tree as of efb0801 (D16): its project ExtLibs/uno/UnoUI/UnoUI.Shared/UnoUI.Shared.projitems is in no build (neither MissionPlanner.sln nor MissionPlannerLib.sln reaches it); declares OpenGLtest
ExtLibs/uno/UnoUI/UnoUI.Shared/test/MissionPlanner.Controls.OpenGLtest2.xaml.cs,0,MissionPlanner.Controls,MissionPlanner.csproj,T4,drop-pending-owner,,,S,,,,,dropped,,,,fc1e523e92037beea9df740364be172f727c4d3f49b6293aabd6f75987813fe7,,no callers in the C# tree as of efb0801 (D16): its project ExtLibs/uno/UnoUI/UnoUI.Shared/UnoUI.Shared.projitems is in no build (neither MissionPlanner.sln nor MissionPlannerLib.sln reaches it); declares OpenGLtest2
ExtLibs/uno/UnoUI/UnoUI.Shared/test/MissionPlanner.Controls.OptionForm.xaml.cs,0,MissionPlanner.Controls,MissionPlanner.csproj,T4,drop-pending-owner,,,S,,,,,dropped,,,,0c086a8719e59edeed38eb475ac0fe798a71ac3e64ec1edc4f8fce3e20c735a1,,no callers in the C# tree as of efb0801 (D16): its project ExtLibs/uno/UnoUI/UnoUI.Shared/UnoUI.Shared.projitems is in no build (neither MissionPlanner.sln nor MissionPlannerLib.sln reaches it); declares OptionForm
ExtLibs/uno/UnoUI/UnoUI.Shared/test/MissionPlanner.Controls.PictureBoxMouseOver.xaml.cs,0,MissionPlanner.Controls,MissionPlanner.csproj,T4,drop-pending-owner,,,S,,,,,dropped,,,,8ceb7eb4003ea90aa95a22002b49f2dd0803214f1c33d23867ec1132778f833d,,no callers in the C# tree as of efb0801 (D16): its project ExtLibs/uno/UnoUI/UnoUI.Shared/UnoUI.Shared.projitems is in no build (neither MissionPlanner.sln nor MissionPlannerLib.sln reaches it); declares PictureBoxMouseOver
ExtLibs/uno/UnoUI/UnoUI.Shared/test/MissionPlanner.Controls.PictureBoxWithPseudoOpacity.xaml.cs,0,MissionPlanner.Controls,MissionPlanner.csproj,T4,drop-pending-owner,,,S,,,,,dropped,,,,f1ef8c78df73ff1fbedc62b0083693931952c850a59e3ce2bbb118b87cb8bfac,,no callers in the C# tree as of efb0801 (D16): its project ExtLibs/uno/UnoUI/UnoUI.Shared/UnoUI.Shared.projitems is in no build (neither MissionPlanner.sln nor MissionPlannerLib.sln reaches it); declares PictureBoxWithPseudoOpacity
ExtLibs/uno/UnoUI/UnoUI.Shared/test/MissionPlanner.Controls.PreFlight.CheckListControl.xaml.cs,0,MissionPlanner.Controls.PreFlight,MissionPlanner.csproj,T4,drop-pending-owner,,,S,,,,,dropped,,,,cd34f523314d6cf8f3a0861053f2a47b231af29159355b084edc42d8d756838a,,no callers in the C# tree as of efb0801 (D16): its project ExtLibs/uno/UnoUI/UnoUI.Shared/UnoUI.Shared.projitems is in no build (neither MissionPlanner.sln nor MissionPlannerLib.sln reaches it); declares CheckListControl
ExtLibs/uno/UnoUI/UnoUI.Shared/test/MissionPlanner.Controls.ProgressReporterDialogue.xaml.cs,0,MissionPlanner.Controls,MissionPlanner.csproj,T4,drop-pending-owner,,,S,,,,,dropped,,,,565c399e16a66066bb177db6a5bf92bb9610186a1d1e6258682a5d8ff28c1b6d,,no callers in the C# tree as of efb0801 (D16): its project ExtLibs/uno/UnoUI/UnoUI.Shared/UnoUI.Shared.projitems is in no build (neither MissionPlanner.sln nor MissionPlannerLib.sln reaches it); declares ProgressReporterDialogue
ExtLibs/uno/UnoUI/UnoUI.Shared/test/MissionPlanner.Controls.ProgressReporterSphere.xaml.cs,0,MissionPlanner.Controls,MissionPlanner.csproj,T4,drop-pending-owner,,,S,,,,,dropped,,,,37d0b9f8f2a15b3c21c8e12112b6187caec037e4d9e17874dc52e0a06c964f40,,no callers in the C# tree as of efb0801 (D16): its project ExtLibs/uno/UnoUI/UnoUI.Shared/UnoUI.Shared.projitems is in no build (neither MissionPlanner.sln nor MissionPlannerLib.sln reaches it); declares ProgressReporterSphere
ExtLibs/uno/UnoUI/UnoUI.Shared/test/MissionPlanner.Controls.ProgressStep.xaml.cs,0,MissionPlanner.Controls,MissionPlanner.csproj,T4,drop-pending-owner,,,S,,,,,dropped,,,,a1855fd886cb0318d8229820eee46e30ea8e45a7938420ad8208624697f1fdf5,,no callers in the C# tree as of efb0801 (D16): its project ExtLibs/uno/UnoUI/UnoUI.Shared/UnoUI.Shared.projitems is in no build (neither MissionPlanner.sln nor MissionPlannerLib.sln reaches it); declares ProgressStep
ExtLibs/uno/UnoUI/UnoUI.Shared/test/MissionPlanner.Controls.PropagationSettings.xaml.cs,0,MissionPlanner.Controls,MissionPlanner.csproj,T4,drop-pending-owner,,,S,,,,,dropped,,,,da7e62ae15486d64541883b0942a75a67bf4fdf1fc5883fbc8e1c60f602fff71,,no callers in the C# tree as of efb0801 (D16): its project ExtLibs/uno/UnoUI/UnoUI.Shared/UnoUI.Shared.projitems is in no build (neither MissionPlanner.sln nor MissionPlannerLib.sln reaches it); declares PropagationSettings
ExtLibs/uno/UnoUI/UnoUI.Shared/test/MissionPlanner.Controls.QuickView.xaml.cs,0,MissionPlanner.Controls,MissionPlanner.csproj,T4,drop-pending-owner,,,S,,,,,dropped,,,,b71fe87c66090f7d0932b8d2b9f4e9f970f1335f86b55f9247018315d46c3666,,no callers in the C# tree as of efb0801 (D16): its project ExtLibs/uno/UnoUI/UnoUI.Shared/UnoUI.Shared.projitems is in no build (neither MissionPlanner.sln nor MissionPlannerLib.sln reaches it); declares QuickView
ExtLibs/uno/UnoUI/UnoUI.Shared/test/MissionPlanner.Controls.RAW_Sensor.xaml.cs,0,MissionPlanner.Controls,MissionPlanner.csproj,T4,drop-pending-owner,,,S,,,,,dropped,,,,f1e1852996103eefd5f6928b545b9a61d48b76fbb328b290e272f0cc9f4bf806,,"no callers in the C# tree as of efb0801 (D16): compiled by no project (MissionPlannerLib.csproj has Compile Remove=""ExtLibs\uno\**""); declares RAW_Sensor"
ExtLibs/uno/UnoUI/UnoUI.Shared/test/MissionPlanner.Controls.RadialGradientBG.xaml.cs,0,MissionPlanner.Controls,MissionPlanner.csproj,T4,drop-pending-owner,,,S,,,,,dropped,,,,6c29a13306eb7308f64c3d9fbfbb3f35f539185c78d9581523de319ffb3e2946,,no callers in the C# tree as of efb0801 (D16): its project ExtLibs/uno/UnoUI/UnoUI.Shared/UnoUI.Shared.projitems is in no build (neither MissionPlanner.sln nor MissionPlannerLib.sln reaches it); declares RadialGradientBG
ExtLibs/uno/UnoUI/UnoUI.Shared/test/MissionPlanner.Controls.RangeControl.xaml.cs,0,MissionPlanner.Controls,MissionPlanner.csproj,T4,drop-pending-owner,,,S,,,,,dropped,,,,69bf379aac7c93a2cb20e51a64efa76384be4d64cc0accf6ffa3778256eddfc5,,no callers in the C# tree as of efb0801 (D16): its project ExtLibs/uno/UnoUI/UnoUI.Shared/UnoUI.Shared.projitems is in no build (neither MissionPlanner.sln nor MissionPlannerLib.sln reaches it); declares RangeControl
ExtLibs/uno/UnoUI/UnoUI.Shared/test/MissionPlanner.Controls.RelayOptions.xaml.cs,0,MissionPlanner.Controls,MissionPlanner.csproj,T4,drop-pending-owner,,,S,,,,,dropped,,,,c33492c87ecd6019293dbf6cb133546bc20f6fb89f3270938f6a71ad72bf2c94,,no callers in the C# tree as of efb0801 (D16): its project ExtLibs/uno/UnoUI/UnoUI.Shared/UnoUI.Shared.projitems is in no build (neither MissionPlanner.sln nor MissionPlannerLib.sln reaches it); declares RelayOptions
ExtLibs/uno/UnoUI/UnoUI.Shared/test/MissionPlanner.Controls.ScriptConsole.xaml.cs,0,MissionPlanner.Controls,MissionPlanner.csproj,T4,drop-pending-owner,,,S,,,,,dropped,,,,f4b9d11e6a469c8a97d50cf57ec0546277442b6db2f7177af004a319d9d19347,,no callers in the C# tree as of efb0801 (D16): its project ExtLibs/uno/UnoUI/UnoUI.Shared/UnoUI.Shared.projitems is in no build (neither MissionPlanner.sln nor MissionPlannerLib.sln reaches it); declares ScriptConsole
ExtLibs/uno/UnoUI/UnoUI.Shared/test/MissionPlanner.Controls.SerialOutputMD.xaml.cs,0,MissionPlanner.Controls,MissionPlanner.csproj,T4,drop-pending-owner,,,S,,,,,dropped,,,,dad827b8ca95c1f46ff4b36960f8bbcbf30bc796bd5617c6696efa0f99c925bd,,no callers in the C# tree as of efb0801 (D16): its project ExtLibs/uno/UnoUI/UnoUI.Shared/UnoUI.Shared.projitems is in no build (neither MissionPlanner.sln nor MissionPlannerLib.sln reaches it); declares SerialOutputMD
ExtLibs/uno/UnoUI/UnoUI.Shared/test/MissionPlanner.Controls.SerialOutputNMEA.xaml.cs,0,MissionPlanner.Controls,MissionPlanner.csproj,T4,drop-pending-owner,,,S,,,,,dropped,,,,783b369a713a401df63398df38d771b1f0a0942db829974cff4a27c440e4dc32,,no callers in the C# tree as of efb0801 (D16): its project ExtLibs/uno/UnoUI/UnoUI.Shared/UnoUI.Shared.projitems is in no build (neither MissionPlanner.sln nor MissionPlannerLib.sln reaches it); declares SerialOutputNMEA
ExtLibs/uno/UnoUI/UnoUI.Shared/test/MissionPlanner.Controls.SerialOutputPass.xaml.cs,0,MissionPlanner.Controls,MissionPlanner.csproj,T4,drop-pending-owner,,,S,,,,,dropped,,,,eeb77432dc9a67d940a0287f4a1bc440658f41b78a47590857b9476f7eb3be89,,no callers in the C# tree as of efb0801 (D16): its project ExtLibs/uno/UnoUI/UnoUI.Shared/UnoUI.Shared.projitems is in no build (neither MissionPlanner.sln nor MissionPlannerLib.sln reaches it); declares SerialOutputPass
ExtLibs/uno/UnoUI/UnoUI.Shared/test/MissionPlanner.Controls.ServoOptions.xaml.cs,0,MissionPlanner.Controls,MissionPlanner.csproj,T4,drop-pending-owner,,,S,,,,,dropped,,,,9a71760ca9434e38db903b47834f72aaeb4cdd5b5f666c012b8bea671cf7e365,,no callers in the C# tree as of efb0801 (D16): its project ExtLibs/uno/UnoUI/UnoUI.Shared/UnoUI.Shared.projitems is in no build (neither MissionPlanner.sln nor MissionPlannerLib.sln reaches it); declares ServoOptions
ExtLibs/uno/UnoUI/UnoUI.Shared/test/MissionPlanner.Controls.Sphere.xaml.cs,0,MissionPlanner.Controls,MissionPlanner.csproj,T4,drop-pending-owner,,,S,,,,,dropped,,,,3e173ce5b8e1cae0380a32769980651043f01c1782bf2b6c469b04044b0ec678,,no callers in the C# tree as of efb0801 (D16): its project ExtLibs/uno/UnoUI/UnoUI.Shared/UnoUI.Shared.projitems is in no build (neither MissionPlanner.sln nor MissionPlannerLib.sln reaches it); declares Sphere
ExtLibs/uno/UnoUI/UnoUI.Shared/test/MissionPlanner.Controls.ThemeColors.xaml.cs,0,MissionPlanner.Controls,MissionPlanner.csproj,T4,drop-pending-owner,,,S,,,,,dropped,,,,82edaa0d6f449bcd7d0d23088d98fcdad81e7faba34264a78ec3feaa7eae2c35,,no callers in the C# tree as of efb0801 (D16): its project ExtLibs/uno/UnoUI/UnoUI.Shared/UnoUI.Shared.projitems is in no build (neither MissionPlanner.sln nor MissionPlannerLib.sln reaches it); declares ThemeColors
ExtLibs/uno/UnoUI/UnoUI.Shared/test/MissionPlanner.Controls.UAVCANInspector+MyTreeView.xaml.cs,0,MissionPlanner.Controls,MissionPlanner.csproj,T4,drop-pending-owner,,,S,,,,,dropped,,,,dafeafba05ef536e67db29f3d9a503a29d68c05440feb5f87221aa28078558ae,,"no callers in the C# tree as of efb0801 (D16): compiled by no project (MissionPlannerLib.csproj has Compile Remove=""ExtLibs\uno\**""); declares MyTreeView"
ExtLibs/uno/UnoUI/UnoUI.Shared/test/MissionPlanner.Controls.ValuesControl.xaml.cs,0,MissionPlanner.Controls,MissionPlanner.csproj,T4,drop-pending-owner,,,S,,,,,dropped,,,,05bc42319c3d6ef283ed394d8428fdd0bc85cceabf55fee4cee588d911da3365,,no callers in the C# tree as of efb0801 (D16): its project ExtLibs/uno/UnoUI/UnoUI.Shared/UnoUI.Shared.projitems is in no build (neither MissionPlanner.sln nor MissionPlannerLib.sln reaches it); declares ValuesControl
ExtLibs/uno/UnoUI/UnoUI.Shared/test/MissionPlanner.Controls.VerticalProgressBar.xaml.cs,0,MissionPlanner.Controls,MissionPlanner.csproj,T4,drop-pending-owner,,,S,,,,,dropped,,,,3fb87916496bc25e8cb0cd3a60ca7ce8c71f9bb77ddd5539bed62c1bc117be8a,,no callers in the C# tree as of efb0801 (D16): its project ExtLibs/uno/UnoUI/UnoUI.Shared/UnoUI.Shared.projitems is in no build (neither MissionPlanner.sln nor MissionPlannerLib.sln reaches it); declares VerticalProgressBar
ExtLibs/uno/UnoUI/UnoUI.Shared/test/MissionPlanner.Controls.VerticalProgressBar2.xaml.cs,0,MissionPlanner.Controls,MissionPlanner.csproj,T4,drop-pending-owner,,,S,,,,,dropped,,,,b66cae47e81c25ef67865abc3b0d85d35ff6f7381fbab20f68d3ecd6444d63bc,,no callers in the C# tree as of efb0801 (D16): its project ExtLibs/uno/UnoUI/UnoUI.Shared/UnoUI.Shared.projitems is in no build (neither MissionPlanner.sln nor MissionPlannerLib.sln reaches it); declares VerticalProgressBar2
ExtLibs/uno/UnoUI/UnoUI.Shared/test/MissionPlanner.Controls.Vibration.xaml.cs,0,MissionPlanner.Controls,MissionPlanner.csproj,T4,drop-pending-owner,,,S,,,,,dropped,,,,6ae36976992fa2599f426f6c72d2e57ade62dcc1d59fcfd68747231a2edf7e7c,,no callers in the C# tree as of efb0801 (D16): its project ExtLibs/uno/UnoUI/UnoUI.Shared/UnoUI.Shared.projitems is in no build (neither MissionPlanner.sln nor MissionPlannerLib.sln reaches it); declares Vibration
ExtLibs/uno/UnoUI/UnoUI.Shared/test/MissionPlanner.Controls.Video.xaml.cs,0,MissionPlanner.Controls,MissionPlanner.csproj,T4,drop-pending-owner,,,S,,,,,dropped,,,,d5e8c1c46477644510c1c6d622ac50ce9d85827d8406f2743b0c45a8d4efb5f6,,no callers in the C# tree as of efb0801 (D16): its project ExtLibs/uno/UnoUI/UnoUI.Shared/UnoUI.Shared.projitems is in no build (neither MissionPlanner.sln nor MissionPlannerLib.sln reaches it); declares Video
ExtLibs/uno/UnoUI/UnoUI.Shared/test/MissionPlanner.Controls.WindDir.xaml.cs,0,MissionPlanner.Controls,MissionPlanner.csproj,T4,drop-pending-owner,,,S,,,,,dropped,,,,99b0b00a03133e6072b85085c02084e55e9f576861d75e576b94f9ed6d455b7a,,no callers in the C# tree as of efb0801 (D16): its project ExtLibs/uno/UnoUI/UnoUI.Shared/UnoUI.Shared.projitems is in no build (neither MissionPlanner.sln nor MissionPlannerLib.sln reaches it); declares WindDir
ExtLibs/uno/UnoUI/UnoUI.Shared/test/MissionPlanner.Controls.fftui.xaml.cs,0,MissionPlanner.Controls,MissionPlanner.csproj,T4,drop-pending-owner,,,S,,,,,dropped,,,,e2dc7f3e21437ab851b48e921a962530de263785a876fed14abfa05f06d31145,,no callers in the C# tree as of efb0801 (D16): its project ExtLibs/uno/UnoUI/UnoUI.Shared/UnoUI.Shared.projitems is in no build (neither MissionPlanner.sln nor MissionPlannerLib.sln reaches it); declares fftui
ExtLibs/uno/UnoUI/UnoUI.Shared/test/MissionPlanner.Controls.myGMAP.xaml.cs,0,MissionPlanner.Controls,MissionPlanner.csproj,T4,drop-pending-owner,,,S,,,,,dropped,,,,cbdb4948cffba4be8f723718117c104697a17532d7fb8cd368403a3f014d8227,,no callers in the C# tree as of efb0801 (D16): its project ExtLibs/uno/UnoUI/UnoUI.Shared/UnoUI.Shared.projitems is in no build (neither MissionPlanner.sln nor MissionPlannerLib.sln reaches it); declares myGMAP
ExtLibs/uno/UnoUI/UnoUI.Shared/test/MissionPlanner.FollowMe.xaml.cs,0,MissionPlanner,MissionPlanner.csproj,T4,drop-pending-owner,,,S,,,,,dropped,,,,9250fbdd3a4e19a9cfa4c1c40615441519763ac220db1d92cd1f746c54d77bcd,,no callers in the C# tree as of efb0801 (D16): its project ExtLibs/uno/UnoUI/UnoUI.Shared/UnoUI.Shared.projitems is in no build (neither MissionPlanner.sln nor MissionPlannerLib.sln reaches it); declares FollowMe
ExtLibs/uno/UnoUI/UnoUI.Shared/test/MissionPlanner.GCSViews.ConfigurationView.ConfigAC_Fence.xaml.cs,0,MissionPlanner.GCSViews.ConfigurationView,MissionPlanner.csproj,T4,drop-pending-owner,,,S,,,,,dropped,,,,f37c2dcb47bc4a23c6d074a76277f305ca2f6cfb2dee644324404140205d867e,,no callers in the C# tree as of efb0801 (D16): its project ExtLibs/uno/UnoUI/UnoUI.Shared/UnoUI.Shared.projitems is in no build (neither MissionPlanner.sln nor MissionPlannerLib.sln reaches it); declares ConfigAC_Fence
ExtLibs/uno/UnoUI/UnoUI.Shared/test/MissionPlanner.GCSViews.ConfigurationView.ConfigADSB.xaml.cs,0,MissionPlanner.GCSViews.ConfigurationView,MissionPlanner.csproj,T4,drop-pending-owner,,,S,,,,,dropped,,,,dbda3f8d87f016e99dcd76e61d6a4a3bc29b3e0164f1a1169e2c8af8af3abd42,,no callers in the C# tree as of efb0801 (D16): its project ExtLibs/uno/UnoUI/UnoUI.Shared/UnoUI.Shared.projitems is in no build (neither MissionPlanner.sln nor MissionPlannerLib.sln reaches it); declares ConfigADSB
ExtLibs/uno/UnoUI/UnoUI.Shared/test/MissionPlanner.GCSViews.ConfigurationView.ConfigAccelerometerCalibration.xaml.cs,0,MissionPlanner.GCSViews.ConfigurationView,MissionPlanner.csproj,T4,drop-pending-owner,,,S,,,,,dropped,,,,176f57c4291109d2d3da395af117408c12bc09dc4bf10968a0b76f1cb4cf1608,,no callers in the C# tree as of efb0801 (D16): its project ExtLibs/uno/UnoUI/UnoUI.Shared/UnoUI.Shared.projitems is in no build (neither MissionPlanner.sln nor MissionPlannerLib.sln reaches it); declares ConfigAccelerometerCalibration
ExtLibs/uno/UnoUI/UnoUI.Shared/test/MissionPlanner.GCSViews.ConfigurationView.ConfigAntennaTracker.xaml.cs,0,MissionPlanner.GCSViews.ConfigurationView,MissionPlanner.csproj,T4,drop-pending-owner,,,S,,,,,dropped,,,,caf1653012b66ad3624a4a4a7226041fa1d6db1c2c3ddbf3a74c7ab4fc88b3d3,,no callers in the C# tree as of efb0801 (D16): its project ExtLibs/uno/UnoUI/UnoUI.Shared/UnoUI.Shared.projitems is in no build (neither MissionPlanner.sln nor MissionPlannerLib.sln reaches it); declares ConfigAntennaTracker
ExtLibs/uno/UnoUI/UnoUI.Shared/test/MissionPlanner.GCSViews.ConfigurationView.ConfigArducopter.xaml.cs,0,MissionPlanner.GCSViews.ConfigurationView,MissionPlanner.csproj,T4,drop-pending-owner,,,S,,,,,dropped,,,,db70024c96b027d931bf584c8e84efbe888a4fdbddee4dc3b0a268e7aeabf4a4,,no callers in the C# tree as of efb0801 (D16): its project ExtLibs/uno/UnoUI/UnoUI.Shared/UnoUI.Shared.projitems is in no build (neither MissionPlanner.sln nor MissionPlannerLib.sln reaches it); declares ConfigArducopter
ExtLibs/uno/UnoUI/UnoUI.Shared/test/MissionPlanner.GCSViews.ConfigurationView.ConfigArduplane.xaml.cs,0,MissionPlanner.GCSViews.ConfigurationView,MissionPlanner.csproj,T4,drop-pending-owner,,,S,,,,,dropped,,,,bef0f6c67d618642041dfb23ef7cf16fe072264a6e698f366fb985b63ac40e66,,no callers in the C# tree as of efb0801 (D16): its project ExtLibs/uno/UnoUI/UnoUI.Shared/UnoUI.Shared.projitems is in no build (neither MissionPlanner.sln nor MissionPlannerLib.sln reaches it); declares ConfigArduplane
ExtLibs/uno/UnoUI/UnoUI.Shared/test/MissionPlanner.GCSViews.ConfigurationView.ConfigArdurover.xaml.cs,0,MissionPlanner.GCSViews.ConfigurationView,MissionPlanner.csproj,T4,drop-pending-owner,,,S,,,,,dropped,,,,7d2dd310dbda1abb5f7fc8aec490f5edecaff7f0d3b89e4bac45a7de65cd83b7,,no callers in the C# tree as of efb0801 (D16): its project ExtLibs/uno/UnoUI/UnoUI.Shared/UnoUI.Shared.projitems is in no build (neither MissionPlanner.sln nor MissionPlannerLib.sln reaches it); declares ConfigArdurover
ExtLibs/uno/UnoUI/UnoUI.Shared/test/MissionPlanner.GCSViews.ConfigurationView.ConfigAteryx.xaml.cs,0,MissionPlanner.GCSViews.ConfigurationView,MissionPlanner.csproj,T4,drop-pending-owner,,,S,,,,,dropped,,,,c10e1299a5a4b762cf17b09d0ab23a4f28220cceea0f7d713b41eb4d4a796481,,no callers in the C# tree as of efb0801 (D16): its project ExtLibs/uno/UnoUI/UnoUI.Shared/UnoUI.Shared.projitems is in no build (neither MissionPlanner.sln nor MissionPlannerLib.sln reaches it); declares ConfigAteryx
ExtLibs/uno/UnoUI/UnoUI.Shared/test/MissionPlanner.GCSViews.ConfigurationView.ConfigAteryxSensors.xaml.cs,0,MissionPlanner.GCSViews.ConfigurationView,MissionPlanner.csproj,T4,drop-pending-owner,,,S,,,,,dropped,,,,b38ab5ad292fe3f4e91fb263ce75cefb3d5a8f30b9f7cd87543a354e67abafae,,no callers in the C# tree as of efb0801 (D16): its project ExtLibs/uno/UnoUI/UnoUI.Shared/UnoUI.Shared.projitems is in no build (neither MissionPlanner.sln nor MissionPlannerLib.sln reaches it); declares ConfigAteryxSensors
ExtLibs/uno/UnoUI/UnoUI.Shared/test/MissionPlanner.GCSViews.ConfigurationView.ConfigBatteryMonitoring.xaml.cs,0,MissionPlanner.GCSViews.ConfigurationView,MissionPlanner.csproj,T4,drop-pending-owner,,,S,,,,,dropped,,,,1efe04a10c0f537e10993c81690480526cd4bd499a2caad5af03fb28dcaa0e4b,,no callers in the C# tree as of efb0801 (D16): its project ExtLibs/uno/UnoUI/UnoUI.Shared/UnoUI.Shared.projitems is in no build (neither MissionPlanner.sln nor MissionPlannerLib.sln reaches it); declares ConfigBatteryMonitoring
ExtLibs/uno/UnoUI/UnoUI.Shared/test/MissionPlanner.GCSViews.ConfigurationView.ConfigBatteryMonitoring2.xaml.cs,0,MissionPlanner.GCSViews.ConfigurationView,MissionPlanner.csproj,T4,drop-pending-owner,,,S,,,,,dropped,,,,52667d5b8ea05aca6e821598f5c3f7eecaf7112ea96b1f09ea7ae33dd00d6995,,no callers in the C# tree as of efb0801 (D16): its project ExtLibs/uno/UnoUI/UnoUI.Shared/UnoUI.Shared.projitems is in no build (neither MissionPlanner.sln nor MissionPlannerLib.sln reaches it); declares ConfigBatteryMonitoring2
ExtLibs/uno/UnoUI/UnoUI.Shared/test/MissionPlanner.GCSViews.ConfigurationView.ConfigCompassMot.xaml.cs,0,MissionPlanner.GCSViews.ConfigurationView,MissionPlanner.csproj,T4,drop-pending-owner,,,S,,,,,dropped,,,,5836228d055390a07e64086cd45739742e99eac0a40eeb03a60538dbcc61c041,,no callers in the C# tree as of efb0801 (D16): its project ExtLibs/uno/UnoUI/UnoUI.Shared/UnoUI.Shared.projitems is in no build (neither MissionPlanner.sln nor MissionPlannerLib.sln reaches it); declares ConfigCompassMot
ExtLibs/uno/UnoUI/UnoUI.Shared/test/MissionPlanner.GCSViews.ConfigurationView.ConfigESCCalibration.xaml.cs,0,MissionPlanner.GCSViews.ConfigurationView,MissionPlanner.csproj,T4,drop-pending-owner,,,S,,,,,dropped,,,,3ffe1cbd266b8c83adcce0c52d939b87a46252369512ddd4017e19953a5617dc,,no callers in the C# tree as of efb0801 (D16): its project ExtLibs/uno/UnoUI/UnoUI.Shared/UnoUI.Shared.projitems is in no build (neither MissionPlanner.sln nor MissionPlannerLib.sln reaches it); declares ConfigESCCalibration
ExtLibs/uno/UnoUI/UnoUI.Shared/test/MissionPlanner.GCSViews.ConfigurationView.ConfigFFT.xaml.cs,0,MissionPlanner.GCSViews.ConfigurationView,MissionPlanner.csproj,T4,drop-pending-owner,,,S,,,,,dropped,,,,1b6f6597cd1d6961e9c4c8e5fddf833917879be4e07e61295d1e0d9a960f0de0,,"no callers in the C# tree as of efb0801 (D16): compiled by no project (MissionPlannerLib.csproj has Compile Remove=""ExtLibs\uno\**""); declares ConfigFFT"
ExtLibs/uno/UnoUI/UnoUI.Shared/test/MissionPlanner.GCSViews.ConfigurationView.ConfigFailSafe.xaml.cs,0,MissionPlanner.GCSViews.ConfigurationView,MissionPlanner.csproj,T4,drop-pending-owner,,,S,,,,,dropped,,,,615409a97ef0b66e810979b958f76d6c02b1c4f8687b8c60632b04ddac1d4d0e,,no callers in the C# tree as of efb0801 (D16): its project ExtLibs/uno/UnoUI/UnoUI.Shared/UnoUI.Shared.projitems is in no build (neither MissionPlanner.sln nor MissionPlannerLib.sln reaches it); declares ConfigFailSafe
ExtLibs/uno/UnoUI/UnoUI.Shared/test/MissionPlanner.GCSViews.ConfigurationView.ConfigFirmware.xaml.cs,0,MissionPlanner.GCSViews.ConfigurationView,MissionPlanner.csproj,T4,drop-pending-owner,,,S,,,,,dropped,,,,a92280b127d3962d5b11c1c6f8331b80c3afb9dc7ef10cf4f05cfe81eeea7669,,no callers in the C# tree as of efb0801 (D16): its project ExtLibs/uno/UnoUI/UnoUI.Shared/UnoUI.Shared.projitems is in no build (neither MissionPlanner.sln nor MissionPlannerLib.sln reaches it); declares ConfigFirmware
ExtLibs/uno/UnoUI/UnoUI.Shared/test/MissionPlanner.GCSViews.ConfigurationView.ConfigFirmwareDisabled.xaml.cs,0,MissionPlanner.GCSViews.ConfigurationView,MissionPlanner.csproj,T4,drop-pending-owner,,,S,,,,,dropped,,,,d9e17b7108c962d63aad14491e7dc4f5531b515b4fec536db06cc9279d09399e,,no callers in the C# tree as of efb0801 (D16): its project ExtLibs/uno/UnoUI/UnoUI.Shared/UnoUI.Shared.projitems is in no build (neither MissionPlanner.sln nor MissionPlannerLib.sln reaches it); declares ConfigFirmwareDisabled
ExtLibs/uno/UnoUI/UnoUI.Shared/test/MissionPlanner.GCSViews.ConfigurationView.ConfigFirmwareManifest.xaml.cs,0,MissionPlanner.GCSViews.ConfigurationView,MissionPlanner.csproj,T4,drop-pending-owner,,,S,,,,,dropped,,,,fbd172ac7186b8957e23f89353ec21ddc9ec9407f9086c80374942539f2cb560,,no callers in the C# tree as of efb0801 (D16): its project ExtLibs/uno/UnoUI/UnoUI.Shared/UnoUI.Shared.projitems is in no build (neither MissionPlanner.sln nor MissionPlannerLib.sln reaches it); declares ConfigFirmwareManifest
ExtLibs/uno/UnoUI/UnoUI.Shared/test/MissionPlanner.GCSViews.ConfigurationView.ConfigFlightModes.xaml.cs,0,MissionPlanner.GCSViews.ConfigurationView,MissionPlanner.csproj,T4,drop-pending-owner,,,S,,,,,dropped,,,,d3812919ab2b2a11584e810cb79df8de607ab6ceba3ef71bd01f5491fab8ce90,,no callers in the C# tree as of efb0801 (D16): its project ExtLibs/uno/UnoUI/UnoUI.Shared/UnoUI.Shared.projitems is in no build (neither MissionPlanner.sln nor MissionPlannerLib.sln reaches it); declares ConfigFlightModes
ExtLibs/uno/UnoUI/UnoUI.Shared/test/MissionPlanner.GCSViews.ConfigurationView.ConfigFrameClassType.xaml.cs,0,MissionPlanner.GCSViews.ConfigurationView,MissionPlanner.csproj,T4,drop-pending-owner,,,S,,,,,dropped,,,,e0fd6f156ae86e6b34997c8d92669ada09514c257d4715a4e694322eb0a1fc38,,no callers in the C# tree as of efb0801 (D16): its project ExtLibs/uno/UnoUI/UnoUI.Shared/UnoUI.Shared.projitems is in no build (neither MissionPlanner.sln nor MissionPlannerLib.sln reaches it); declares ConfigFrameClassType
ExtLibs/uno/UnoUI/UnoUI.Shared/test/MissionPlanner.GCSViews.ConfigurationView.ConfigFrameType.xaml.cs,0,MissionPlanner.GCSViews.ConfigurationView,MissionPlanner.csproj,T4,drop-pending-owner,,,S,,,,,dropped,,,,602970e34aab731cf56c30ad40e9531f94605cf49792ba5c5b2d53264ca2cf4c,,no callers in the C# tree as of efb0801 (D16): its project ExtLibs/uno/UnoUI/UnoUI.Shared/UnoUI.Shared.projitems is in no build (neither MissionPlanner.sln nor MissionPlannerLib.sln reaches it); declares ConfigFrameType
ExtLibs/uno/UnoUI/UnoUI.Shared/test/MissionPlanner.GCSViews.ConfigurationView.ConfigFriendlyParams.xaml.cs,0,MissionPlanner.GCSViews.ConfigurationView,MissionPlanner.csproj,T4,drop-pending-owner,,,S,,,,,dropped,,,,c832fa6033472214104f498170ea191364e6237dd9f8b1861eab82628b209f82,,no callers in the C# tree as of efb0801 (D16): its project ExtLibs/uno/UnoUI/UnoUI.Shared/UnoUI.Shared.projitems is in no build (neither MissionPlanner.sln nor MissionPlannerLib.sln reaches it); declares ConfigFriendlyParams
ExtLibs/uno/UnoUI/UnoUI.Shared/test/MissionPlanner.GCSViews.ConfigurationView.ConfigFriendlyParamsAdv.xaml.cs,0,MissionPlanner.GCSViews.ConfigurationView,MissionPlanner.csproj,T4,drop-pending-owner,,,S,,,,,dropped,,,,488c196ae86a007619d677b4fea46e180c1b0b14a6c5bcd43fe200c84e07e7e4,,no callers in the C# tree as of efb0801 (D16): its project ExtLibs/uno/UnoUI/UnoUI.Shared/UnoUI.Shared.projitems is in no build (neither MissionPlanner.sln nor MissionPlannerLib.sln reaches it); declares ConfigFriendlyParamsAdv
ExtLibs/uno/UnoUI/UnoUI.Shared/test/MissionPlanner.GCSViews.ConfigurationView.ConfigHWAirspeed.xaml.cs,0,MissionPlanner.GCSViews.ConfigurationView,MissionPlanner.csproj,T4,drop-pending-owner,,,S,,,,,dropped,,,,2a73b7b5d805fb23e5ccaae82b50b43f21bfba2940c9939a7640cbe7651df771,,no callers in the C# tree as of efb0801 (D16): its project ExtLibs/uno/UnoUI/UnoUI.Shared/UnoUI.Shared.projitems is in no build (neither MissionPlanner.sln nor MissionPlannerLib.sln reaches it); declares ConfigHWAirspeed
ExtLibs/uno/UnoUI/UnoUI.Shared/test/MissionPlanner.GCSViews.ConfigurationView.ConfigHWBT.xaml.cs,0,MissionPlanner.GCSViews.ConfigurationView,MissionPlanner.csproj,T4,drop-pending-owner,,,S,,,,,dropped,,,,2ef2d8432db9d62f938e62dd7078eb7d77aaca4701316fdf1be452940f0b02c0,,no callers in the C# tree as of efb0801 (D16): its project ExtLibs/uno/UnoUI/UnoUI.Shared/UnoUI.Shared.projitems is in no build (neither MissionPlanner.sln nor MissionPlannerLib.sln reaches it); declares ConfigHWBT
ExtLibs/uno/UnoUI/UnoUI.Shared/test/MissionPlanner.GCSViews.ConfigurationView.ConfigHWCAN.xaml.cs,0,MissionPlanner.GCSViews.ConfigurationView,MissionPlanner.csproj,T4,drop-pending-owner,,,S,,,,,dropped,,,,f4b97926bc9ccd0c1feb9e9e7ee5b7ef9a9b064c14e96d2d5a1f147fb81f335c,,no callers in the C# tree as of efb0801 (D16): its project ExtLibs/uno/UnoUI/UnoUI.Shared/UnoUI.Shared.projitems is in no build (neither MissionPlanner.sln nor MissionPlannerLib.sln reaches it); declares ConfigHWCAN
ExtLibs/uno/UnoUI/UnoUI.Shared/test/MissionPlanner.GCSViews.ConfigurationView.ConfigHWCompass.xaml.cs,0,MissionPlanner.GCSViews.ConfigurationView,MissionPlanner.csproj,T4,drop-pending-owner,,,S,,,,,dropped,,,,daad5fcf390d3f12299589a181bfb4e02d0a0355b4238e1677f48a002ebd0ff2,,no callers in the C# tree as of efb0801 (D16): its project ExtLibs/uno/UnoUI/UnoUI.Shared/UnoUI.Shared.projitems is in no build (neither MissionPlanner.sln nor MissionPlannerLib.sln reaches it); declares ConfigHWCompass
ExtLibs/uno/UnoUI/UnoUI.Shared/test/MissionPlanner.GCSViews.ConfigurationView.ConfigHWESP8266.xaml.cs,0,MissionPlanner.GCSViews.ConfigurationView,MissionPlanner.csproj,T4,drop-pending-owner,,,S,,,,,dropped,,,,616f275e8d47b3b449669d504b4b10af1c5e782ec7fb8ad8514b15376fc92498,,no callers in the C# tree as of efb0801 (D16): its project ExtLibs/uno/UnoUI/UnoUI.Shared/UnoUI.Shared.projitems is in no build (neither MissionPlanner.sln nor MissionPlannerLib.sln reaches it); declares ConfigHWESP8266
ExtLibs/uno/UnoUI/UnoUI.Shared/test/MissionPlanner.GCSViews.ConfigurationView.ConfigHWIDs.xaml.cs,0,MissionPlanner.GCSViews.ConfigurationView,MissionPlanner.csproj,T4,drop-pending-owner,,,S,,,,,dropped,,,,57ba495c177d7036a04299e208dd6ea852c56d9f263603b3d8970c9c169481eb,,no callers in the C# tree as of efb0801 (D16): its project ExtLibs/uno/UnoUI/UnoUI.Shared/UnoUI.Shared.projitems is in no build (neither MissionPlanner.sln nor MissionPlannerLib.sln reaches it); declares ConfigHWIDs
ExtLibs/uno/UnoUI/UnoUI.Shared/test/MissionPlanner.GCSViews.ConfigurationView.ConfigHWOSD.xaml.cs,0,MissionPlanner.GCSViews.ConfigurationView,MissionPlanner.csproj,T4,drop-pending-owner,,,S,,,,,dropped,,,,4214d2327ebd68aa6b17d9f4e0a27070676f56755e7de0926d4731f21de513ef,,no callers in the C# tree as of efb0801 (D16): its project ExtLibs/uno/UnoUI/UnoUI.Shared/UnoUI.Shared.projitems is in no build (neither MissionPlanner.sln nor MissionPlannerLib.sln reaches it); declares ConfigHWOSD
ExtLibs/uno/UnoUI/UnoUI.Shared/test/MissionPlanner.GCSViews.ConfigurationView.ConfigHWOptFlow.xaml.cs,0,MissionPlanner.GCSViews.ConfigurationView,MissionPlanner.csproj,T4,drop-pending-owner,,,S,,,,,dropped,,,,c666c8f68c26f5e93052516398b4f0519af3eb12f33ff9049036679eb8147f4b,,no callers in the C# tree as of efb0801 (D16): its project ExtLibs/uno/UnoUI/UnoUI.Shared/UnoUI.Shared.projitems is in no build (neither MissionPlanner.sln nor MissionPlannerLib.sln reaches it); declares ConfigHWOptFlow
ExtLibs/uno/UnoUI/UnoUI.Shared/test/MissionPlanner.GCSViews.ConfigurationView.ConfigHWPX4Flow.xaml.cs,0,MissionPlanner.GCSViews.ConfigurationView,MissionPlanner.csproj,T4,drop-pending-owner,,,S,,,,,dropped,,,,fb9ee8de1a71d207c9cc05974911992db2b29bb6876ef8341947fda7fa9457e2,,no callers in the C# tree as of efb0801 (D16): its project ExtLibs/uno/UnoUI/UnoUI.Shared/UnoUI.Shared.projitems is in no build (neither MissionPlanner.sln nor MissionPlannerLib.sln reaches it); declares ConfigHWPX4Flow
ExtLibs/uno/UnoUI/UnoUI.Shared/test/MissionPlanner.GCSViews.ConfigurationView.ConfigHWParachute.xaml.cs,0,MissionPlanner.GCSViews.ConfigurationView,MissionPlanner.csproj,T4,drop-pending-owner,,,S,,,,,dropped,,,,9bf995af294ea21bd492f64f040ca8d555a70d5c81244b2ddf54469c13be8ead,,no callers in the C# tree as of efb0801 (D16): its project ExtLibs/uno/UnoUI/UnoUI.Shared/UnoUI.Shared.projitems is in no build (neither MissionPlanner.sln nor MissionPlannerLib.sln reaches it); declares ConfigHWParachute
ExtLibs/uno/UnoUI/UnoUI.Shared/test/MissionPlanner.GCSViews.ConfigurationView.ConfigHWRangeFinder.xaml.cs,0,MissionPlanner.GCSViews.ConfigurationView,MissionPlanner.csproj,T4,drop-pending-owner,,,S,,,,,dropped,,,,5221863397f8330b92eeacd35f7a23c2062f8a5a978c175f7351974122560a77,,no callers in the C# tree as of efb0801 (D16): its project ExtLibs/uno/UnoUI/UnoUI.Shared/UnoUI.Shared.projitems is in no build (neither MissionPlanner.sln nor MissionPlannerLib.sln reaches it); declares ConfigHWRangeFinder
ExtLibs/uno/UnoUI/UnoUI.Shared/test/MissionPlanner.GCSViews.ConfigurationView.ConfigMandatory.xaml.cs,0,MissionPlanner.GCSViews.ConfigurationView,MissionPlanner.csproj,T4,drop-pending-owner,,,S,,,,,dropped,,,,f1c1e92feae7bc3535ca87a9989279d1107da251f0c0d196ac1e43751db8a86c,,no callers in the C# tree as of efb0801 (D16): its project ExtLibs/uno/UnoUI/UnoUI.Shared/UnoUI.Shared.projitems is in no build (neither MissionPlanner.sln nor MissionPlannerLib.sln reaches it); declares ConfigMandatory
ExtLibs/uno/UnoUI/UnoUI.Shared/test/MissionPlanner.GCSViews.ConfigurationView.ConfigMotorTest.xaml.cs,0,MissionPlanner.GCSViews.ConfigurationView,MissionPlanner.csproj,T4,drop-pending-owner,,,S,,,,,dropped,,,,366966fcc84cb5e783c8b6c54982abc222f117b4fd46c595db070d86340835f2,,no callers in the C# tree as of efb0801 (D16): its project ExtLibs/uno/UnoUI/UnoUI.Shared/UnoUI.Shared.projitems is in no build (neither MissionPlanner.sln nor MissionPlannerLib.sln reaches it); declares ConfigMotorTest
ExtLibs/uno/UnoUI/UnoUI.Shared/test/MissionPlanner.GCSViews.ConfigurationView.ConfigMount.xaml.cs,0,MissionPlanner.GCSViews.ConfigurationView,MissionPlanner.csproj,T4,drop-pending-owner,,,S,,,,,dropped,,,,7e61a4048562a47dc0cf9118e5f1b4c6ebaefdbff89c4383df5b42acafeb3712,,no callers in the C# tree as of efb0801 (D16): its project ExtLibs/uno/UnoUI/UnoUI.Shared/UnoUI.Shared.projitems is in no build (neither MissionPlanner.sln nor MissionPlannerLib.sln reaches it); declares ConfigMount
ExtLibs/uno/UnoUI/UnoUI.Shared/test/MissionPlanner.GCSViews.ConfigurationView.ConfigOSD.xaml.cs,0,MissionPlanner.GCSViews.ConfigurationView,MissionPlanner.csproj,T4,drop-pending-owner,,,S,,,,,dropped,,,,a25992bb47d609bc8a27245f6005acf00e3e1a39b08e6702b09308a12649fcd9,,no callers in the C# tree as of efb0801 (D16): its project ExtLibs/uno/UnoUI/UnoUI.Shared/UnoUI.Shared.projitems is in no build (neither MissionPlanner.sln nor MissionPlannerLib.sln reaches it); declares ConfigOSD
ExtLibs/uno/UnoUI/UnoUI.Shared/test/MissionPlanner.GCSViews.ConfigurationView.ConfigOptional.xaml.cs,0,MissionPlanner.GCSViews.ConfigurationView,MissionPlanner.csproj,T4,drop-pending-owner,,,S,,,,,dropped,,,,e00678ff7b02c2babc93a5bc98799d9e06fc447d6b5c4a7ae56db44bcf351516,,no callers in the C# tree as of efb0801 (D16): its project ExtLibs/uno/UnoUI/UnoUI.Shared/UnoUI.Shared.projitems is in no build (neither MissionPlanner.sln nor MissionPlannerLib.sln reaches it); declares ConfigOptional
ExtLibs/uno/UnoUI/UnoUI.Shared/test/MissionPlanner.GCSViews.ConfigurationView.ConfigPlanner.xaml.cs,0,MissionPlanner.GCSViews.ConfigurationView,MissionPlanner.csproj,T4,drop-pending-owner,,,S,,,,,dropped,,,,452a09a158db3c5a3232819fea57dc23ceb52c1a46605156e2a18e2e1a23e355,,no callers in the C# tree as of efb0801 (D16): its project ExtLibs/uno/UnoUI/UnoUI.Shared/UnoUI.Shared.projitems is in no build (neither MissionPlanner.sln nor MissionPlannerLib.sln reaches it); declares ConfigPlanner
ExtLibs/uno/UnoUI/UnoUI.Shared/test/MissionPlanner.GCSViews.ConfigurationView.ConfigPlannerAdv.xaml.cs,0,MissionPlanner.GCSViews.ConfigurationView,MissionPlanner.csproj,T4,drop-pending-owner,,,S,,,,,dropped,,,,f84e3a62b3e1ce8e7ee78d1a07f85135dbc2c93302ba747ad6ec4f5c651f4f26,,no callers in the C# tree as of efb0801 (D16): its project ExtLibs/uno/UnoUI/UnoUI.Shared/UnoUI.Shared.projitems is in no build (neither MissionPlanner.sln nor MissionPlannerLib.sln reaches it); declares ConfigPlannerAdv
ExtLibs/uno/UnoUI/UnoUI.Shared/test/MissionPlanner.GCSViews.ConfigurationView.ConfigRadioInput.xaml.cs,0,MissionPlanner.GCSViews.ConfigurationView,MissionPlanner.csproj,T4,drop-pending-owner,,,S,,,,,dropped,,,,87fa4291f314d63ce6966668f438930d2bd521dd96d2590cd6dd644b66599b11,,no callers in the C# tree as of efb0801 (D16): its project ExtLibs/uno/UnoUI/UnoUI.Shared/UnoUI.Shared.projitems is in no build (neither MissionPlanner.sln nor MissionPlannerLib.sln reaches it); declares ConfigRadioInput
ExtLibs/uno/UnoUI/UnoUI.Shared/test/MissionPlanner.GCSViews.ConfigurationView.ConfigRadioOutput.xaml.cs,0,MissionPlanner.GCSViews.ConfigurationView,MissionPlanner.csproj,T4,drop-pending-owner,,,S,,,,,dropped,,,,8476e72b23098770799e9a8d9beee7ab1f07bb60f77615219b5e9930a4bd9238,,no callers in the C# tree as of efb0801 (D16): its project ExtLibs/uno/UnoUI/UnoUI.Shared/UnoUI.Shared.projitems is in no build (neither MissionPlanner.sln nor MissionPlannerLib.sln reaches it); declares ConfigRadioOutput
ExtLibs/uno/UnoUI/UnoUI.Shared/test/MissionPlanner.GCSViews.ConfigurationView.ConfigRawParams.xaml.cs,0,MissionPlanner.GCSViews.ConfigurationView,MissionPlanner.csproj,T4,drop-pending-owner,,,S,,,,,dropped,,,,41dca6950b94dc94d6a16076dc078a736c10925e036bb46b9bb9e6fb540fab44,,no callers in the C# tree as of efb0801 (D16): its project ExtLibs/uno/UnoUI/UnoUI.Shared/UnoUI.Shared.projitems is in no build (neither MissionPlanner.sln nor MissionPlannerLib.sln reaches it); declares ConfigRawParams
ExtLibs/uno/UnoUI/UnoUI.Shared/test/MissionPlanner.GCSViews.ConfigurationView.ConfigRawParamsTree.xaml.cs,0,MissionPlanner.GCSViews.ConfigurationView,MissionPlanner.csproj,T4,drop-pending-owner,,,S,,,,,dropped,,,,784b3256858a87d7df30153529c9c508c4448c8a05ba65d2ad7267d543e8c00a,,no callers in the C# tree as of efb0801 (D16): its project ExtLibs/uno/UnoUI/UnoUI.Shared/UnoUI.Shared.projitems is in no build (neither MissionPlanner.sln nor MissionPlannerLib.sln reaches it); declares ConfigRawParamsTree
ExtLibs/uno/UnoUI/UnoUI.Shared/test/MissionPlanner.GCSViews.ConfigurationView.ConfigSerialInjectGPS.xaml.cs,0,MissionPlanner.GCSViews.ConfigurationView,MissionPlanner.csproj,T4,drop-pending-owner,,,S,,,,,dropped,,,,bba70105cbee4797bdeb8abda6a4dbf4317d10a49f21a4539bcf8378a3fccc05,,no callers in the C# tree as of efb0801 (D16): its project ExtLibs/uno/UnoUI/UnoUI.Shared/UnoUI.Shared.projitems is in no build (neither MissionPlanner.sln nor MissionPlannerLib.sln reaches it); declares ConfigSerialInjectGPS
ExtLibs/uno/UnoUI/UnoUI.Shared/test/MissionPlanner.GCSViews.ConfigurationView.ConfigSimplePids.xaml.cs,0,MissionPlanner.GCSViews.ConfigurationView,MissionPlanner.csproj,T4,drop-pending-owner,,,S,,,,,dropped,,,,5ec47252ee3b2815f321fac7713dfb8c2922c2982c2f22069deddffedc7e7b27,,no callers in the C# tree as of efb0801 (D16): its project ExtLibs/uno/UnoUI/UnoUI.Shared/UnoUI.Shared.projitems is in no build (neither MissionPlanner.sln nor MissionPlannerLib.sln reaches it); declares ConfigSimplePids
ExtLibs/uno/UnoUI/UnoUI.Shared/test/MissionPlanner.GCSViews.ConfigurationView.ConfigTradHeli.xaml.cs,0,MissionPlanner.GCSViews.ConfigurationView,MissionPlanner.csproj,T4,drop-pending-owner,,,S,,,,,dropped,,,,84a5710210f9cc5002244df93291eeec0ef086d5571c6e083f31fdeb17446ba3,,no callers in the C# tree as of efb0801 (D16): its project ExtLibs/uno/UnoUI/UnoUI.Shared/UnoUI.Shared.projitems is in no build (neither MissionPlanner.sln nor MissionPlannerLib.sln reaches it); declares ConfigTradHeli
ExtLibs/uno/UnoUI/UnoUI.Shared/test/MissionPlanner.GCSViews.ConfigurationView.ConfigUAVCAN.xaml.cs,0,MissionPlanner.GCSViews.ConfigurationView,MissionPlanner.csproj,T4,drop-pending-owner,,,S,,,,,dropped,,,,55c5178fa7a4d03372494f1c57875af24e04de2a726d1198cee0cace9cc24ce6,,no callers in the C# tree as of efb0801 (D16): its project ExtLibs/uno/UnoUI/UnoUI.Shared/UnoUI.Shared.projitems is in no build (neither MissionPlanner.sln nor MissionPlannerLib.sln reaches it); declares ConfigUAVCAN
ExtLibs/uno/UnoUI/UnoUI.Shared/test/MissionPlanner.GCSViews.ConfigurationView.ConfigUserDefined.xaml.cs,0,MissionPlanner.GCSViews.ConfigurationView,MissionPlanner.csproj,T4,drop-pending-owner,,,S,,,,,dropped,,,,07471fc81fd158c90ad75f075f09456a13e5fa5dc91e13b1465139b8a8fb7f90,,no callers in the C# tree as of efb0801 (D16): its project ExtLibs/uno/UnoUI/UnoUI.Shared/UnoUI.Shared.projitems is in no build (neither MissionPlanner.sln nor MissionPlannerLib.sln reaches it); declares ConfigUserDefined
ExtLibs/uno/UnoUI/UnoUI.Shared/test/MissionPlanner.GCSViews.FlightData.xaml.cs,0,MissionPlanner.GCSViews,MissionPlanner.csproj,T4,drop-pending-owner,,,S,,,,,dropped,,,,daf7551998eefa7bda0073e0cb36dcd34005cc6ee786cbfe0a1a7fc9808412da,,no callers in the C# tree as of efb0801 (D16): its project ExtLibs/uno/UnoUI/UnoUI.Shared/UnoUI.Shared.projitems is in no build (neither MissionPlanner.sln nor MissionPlannerLib.sln reaches it); declares FlightData
ExtLibs/uno/UnoUI/UnoUI.Shared/test/MissionPlanner.GCSViews.FlightPlanner.xaml.cs,0,MissionPlanner.GCSViews,MissionPlanner.csproj,T4,drop-pending-owner,,,S,,,,,dropped,,,,4d8e66ec2721cb2559c284aaa9cb4dcfdfd9f3fd6ee0c229ce6dab5f76bcf327,,no callers in the C# tree as of efb0801 (D16): its project ExtLibs/uno/UnoUI/UnoUI.Shared/UnoUI.Shared.projitems is in no build (neither MissionPlanner.sln nor MissionPlannerLib.sln reaches it); declares FlightPlanner
ExtLibs/uno/UnoUI/UnoUI.Shared/test/MissionPlanner.GCSViews.Help.xaml.cs,0,MissionPlanner.GCSViews,MissionPlanner.csproj,T4,drop-pending-owner,,,S,,,,,dropped,,,,634a1d0fb8006f921f8c39519a931bebb21f89068c03c6596fb91754ea10a70a,,no callers in the C# tree as of efb0801 (D16): its project ExtLibs/uno/UnoUI/UnoUI.Shared/UnoUI.Shared.projitems is in no build (neither MissionPlanner.sln nor MissionPlannerLib.sln reaches it); declares Help
ExtLibs/uno/UnoUI/UnoUI.Shared/test/MissionPlanner.GCSViews.InitialSetup.xaml.cs,0,MissionPlanner.GCSViews,MissionPlanner.csproj,T4,drop-pending-owner,,,S,,,,,dropped,,,,9e2d472674b294736e49a49f1eeb858a38e109920cc9de7deb6a3853400a8e9b,,no callers in the C# tree as of efb0801 (D16): its project ExtLibs/uno/UnoUI/UnoUI.Shared/UnoUI.Shared.projitems is in no build (neither MissionPlanner.sln nor MissionPlannerLib.sln reaches it); declares InitialSetup
ExtLibs/uno/UnoUI/UnoUI.Shared/test/MissionPlanner.GCSViews.SITL.xaml.cs,0,MissionPlanner.GCSViews,MissionPlanner.csproj,T4,drop-pending-owner,,,S,,,,,dropped,,,,62932bd9d144961f2aa69695eb422f6718873025d92f8a93a55d6bc63e772fbe,,no callers in the C# tree as of efb0801 (D16): its project ExtLibs/uno/UnoUI/UnoUI.Shared/UnoUI.Shared.projitems is in no build (neither MissionPlanner.sln nor MissionPlannerLib.sln reaches it); declares SITL
ExtLibs/uno/UnoUI/UnoUI.Shared/test/MissionPlanner.GCSViews.SoftwareConfig.xaml.cs,0,MissionPlanner.GCSViews,MissionPlanner.csproj,T4,drop-pending-owner,,,S,,,,,dropped,,,,b3072ed7a8adfbbf7ffd3fb7b3490fa138d9e16b76c8d1e278f7243e63b4f694,,no callers in the C# tree as of efb0801 (D16): its project ExtLibs/uno/UnoUI/UnoUI.Shared/UnoUI.Shared.projitems is in no build (neither MissionPlanner.sln nor MissionPlannerLib.sln reaches it); declares SoftwareConfig
ExtLibs/uno/UnoUI/UnoUI.Shared/test/MissionPlanner.GCSViews.Terminal.xaml.cs,0,MissionPlanner.GCSViews,MissionPlanner.csproj,T4,drop-pending-owner,,,S,,,,,dropped,,,,53802082f2d3cbb270d87c83e0224f21757dd1d26fb17601d3fcb2e9ab8e7320,,no callers in the C# tree as of efb0801 (D16): its project ExtLibs/uno/UnoUI/UnoUI.Shared/UnoUI.Shared.projitems is in no build (neither MissionPlanner.sln nor MissionPlannerLib.sln reaches it); declares Terminal
ExtLibs/uno/UnoUI/UnoUI.Shared/test/MissionPlanner.GeoRef.Georefimage.xaml.cs,0,MissionPlanner.GeoRef,MissionPlanner.csproj,T4,drop-pending-owner,,,S,,,,,dropped,,,,92d1a4f794daa851290be5a103e9f189c5f920ac63d0a6d1808224412d65c056,,no callers in the C# tree as of efb0801 (D16): its project ExtLibs/uno/UnoUI/UnoUI.Shared/UnoUI.Shared.projitems is in no build (neither MissionPlanner.sln nor MissionPlannerLib.sln reaches it); declares Georefimage
ExtLibs/uno/UnoUI/UnoUI.Shared/test/MissionPlanner.Joystick.JoystickAxis.xaml.cs,0,MissionPlanner.Joystick,MissionPlanner.csproj,T4,drop-pending-owner,,,S,,,,,dropped,,,,1555ff214d246f8308a9ed466579be63dbc8c3d5ebaba62017022ad4c3c4208e,,no callers in the C# tree as of efb0801 (D16): its project ExtLibs/uno/UnoUI/UnoUI.Shared/UnoUI.Shared.projitems is in no build (neither MissionPlanner.sln nor MissionPlannerLib.sln reaches it); declares JoystickAxis
ExtLibs/uno/UnoUI/UnoUI.Shared/test/MissionPlanner.Joystick.JoystickSetup.xaml.cs,0,MissionPlanner.Joystick,MissionPlanner.csproj,T4,drop-pending-owner,,,S,,,,,dropped,,,,d1b3d4de4a44944f7306bee588a52035a7d31027f5be275c2de8402a52c0fc95,,no callers in the C# tree as of efb0801 (D16): its project ExtLibs/uno/UnoUI/UnoUI.Shared/UnoUI.Shared.projitems is in no build (neither MissionPlanner.sln nor MissionPlannerLib.sln reaches it); declares JoystickSetup
ExtLibs/uno/UnoUI/UnoUI.Shared/test/MissionPlanner.Log.LogBrowse.xaml.cs,0,MissionPlanner.Log,MissionPlanner.csproj,T4,drop-pending-owner,,,S,,,,,dropped,,,,ff9886a0de97a1cb8fc1f53ae9f46a7130b7af99ec22d4f7e4fa2b64548e0c0d,,no callers in the C# tree as of efb0801 (D16): its project ExtLibs/uno/UnoUI/UnoUI.Shared/UnoUI.Shared.projitems is in no build (neither MissionPlanner.sln nor MissionPlannerLib.sln reaches it); declares LogBrowse
ExtLibs/uno/UnoUI/UnoUI.Shared/test/MissionPlanner.Log.LogDownload.xaml.cs,0,MissionPlanner.Log,MissionPlanner.csproj,T4,drop-pending-owner,,,S,,,,,dropped,,,,e9b75749b959806606010073448447a96314cf429f2bae57f9586b1995ad811d,,no callers in the C# tree as of efb0801 (D16): its project ExtLibs/uno/UnoUI/UnoUI.Shared/UnoUI.Shared.projitems is in no build (neither MissionPlanner.sln nor MissionPlannerLib.sln reaches it); declares LogDownload
ExtLibs/uno/UnoUI/UnoUI.Shared/test/MissionPlanner.Log.LogDownloadMavLink.xaml.cs,0,MissionPlanner.Log,MissionPlanner.csproj,T4,drop-pending-owner,,,S,,,,,dropped,,,,6769e18548d106f24a7dec840007bf5e9ec9e76a9517393ca53e519c7adf4c05,,no callers in the C# tree as of efb0801 (D16): its project ExtLibs/uno/UnoUI/UnoUI.Shared/UnoUI.Shared.projitems is in no build (neither MissionPlanner.sln nor MissionPlannerLib.sln reaches it); declares LogDownloadMavLink
ExtLibs/uno/UnoUI/UnoUI.Shared/test/MissionPlanner.Log.LogDownloadscp.xaml.cs,0,MissionPlanner.Log,MissionPlanner.csproj,T4,drop-pending-owner,,,S,,,,,dropped,,,,00b828b96c9be9f195bb274109d3f10008f37c87cb29c2d3d1ec4d0f24f52416,,no callers in the C# tree as of efb0801 (D16): its project ExtLibs/uno/UnoUI/UnoUI.Shared/UnoUI.Shared.projitems is in no build (neither MissionPlanner.sln nor MissionPlannerLib.sln reaches it); declares LogDownloadscp
ExtLibs/uno/UnoUI/UnoUI.Shared/test/MissionPlanner.Log.LogIndex.xaml.cs,0,MissionPlanner.Log,MissionPlanner.csproj,T4,drop-pending-owner,,,S,,,,,dropped,,,,6e0d86736b1c9e68af98a4001a8303b5ed65f354b116972e1c0dc66852965c12,,no callers in the C# tree as of efb0801 (D16): its project ExtLibs/uno/UnoUI/UnoUI.Shared/UnoUI.Shared.projitems is in no build (neither MissionPlanner.sln nor MissionPlannerLib.sln reaches it); declares LogIndex
ExtLibs/uno/UnoUI/UnoUI.Shared/test/MissionPlanner.Log.MavlinkLog.xaml.cs,0,MissionPlanner.Log,MissionPlanner.csproj,T4,drop-pending-owner,,,S,,,,,dropped,,,,caa684c178bca0fa34a8ff97a6daba1b79bdb4bf3a633c048833ac1c50b6f52e,,no callers in the C# tree as of efb0801 (D16): its project ExtLibs/uno/UnoUI/UnoUI.Shared/UnoUI.Shared.projitems is in no build (neither MissionPlanner.sln nor MissionPlannerLib.sln reaches it); declares MavlinkLog
ExtLibs/uno/UnoUI/UnoUI.Shared/test/MissionPlanner.MainV2.xaml.cs,0,MissionPlanner,MissionPlanner.csproj,T4,drop-pending-owner,,,S,,,,,dropped,,,,979523e4c2c1a1557c4f59111927163e4e1e67ffb55c361d2d2adb41dc2e9986,,no callers in the C# tree as of efb0801 (D16): its project ExtLibs/uno/UnoUI/UnoUI.Shared/UnoUI.Shared.projitems is in no build (neither MissionPlanner.sln nor MissionPlannerLib.sln reaches it); declares MainV2
ExtLibs/uno/UnoUI/UnoUI.Shared/test/MissionPlanner.MovingBase.xaml.cs,0,MissionPlanner,MissionPlanner.csproj,T4,drop-pending-owner,,,S,,,,,dropped,,,,727dc52f9fae94f369afdc0fd2b588b74dd81586f36393c79a10e318b645aa85,,no callers in the C# tree as of efb0801 (D16): its project ExtLibs/uno/UnoUI/UnoUI.Shared/UnoUI.Shared.projitems is in no build (neither MissionPlanner.sln nor MissionPlannerLib.sln reaches it); declares MovingBase
ExtLibs/uno/UnoUI/UnoUI.Shared/test/MissionPlanner.OSDVideo.xaml.cs,0,MissionPlanner,MissionPlanner.csproj,T4,drop-pending-owner,,,S,,,,,dropped,,,,05b63989d477761d28708c4ae219ff294e9e710d569ac1fe4e59aa22f8881352,,no callers in the C# tree as of efb0801 (D16): its project ExtLibs/uno/UnoUI/UnoUI.Shared/UnoUI.Shared.projitems is in no build (neither MissionPlanner.sln nor MissionPlannerLib.sln reaches it); declares OSDVideo
ExtLibs/uno/UnoUI/UnoUI.Shared/test/MissionPlanner.Plugin.PluginUI.xaml.cs,0,MissionPlanner.Plugin,MissionPlanner.csproj,T4,drop-pending-owner,,,S,,,,,dropped,,,,c2baf4c2035b325c1fa75e7d315db88d1ff046b36308982f5b3fdd845bdbef1a,,no callers in the C# tree as of efb0801 (D16): its project ExtLibs/uno/UnoUI/UnoUI.Shared/UnoUI.Shared.projitems is in no build (neither MissionPlanner.sln nor MissionPlannerLib.sln reaches it); declares PluginUI
ExtLibs/uno/UnoUI/UnoUI.Shared/test/MissionPlanner.Radio.Sikradio.xaml.cs,0,MissionPlanner.Radio,MissionPlanner.csproj,T4,drop-pending-owner,,,S,,,,,dropped,,,,33024f3fa1559f887e37803e7e88f3754d7d092d42362bf9c7f40487667aa7f7,,no callers in the C# tree as of efb0801 (D16): its project ExtLibs/uno/UnoUI/UnoUI.Shared/UnoUI.Shared.projitems is in no build (neither MissionPlanner.sln nor MissionPlannerLib.sln reaches it); declares Sikradio
ExtLibs/uno/UnoUI/UnoUI.Shared/test/MissionPlanner.Splash.xaml.cs,0,MissionPlanner,MissionPlanner.csproj,T4,drop-pending-owner,,,S,,,,,dropped,,,,806dd44a2a47149305216fd8cab86625ab90839eff5ea1b7058c6c1a38a780cb,,no callers in the C# tree as of efb0801 (D16): its project ExtLibs/uno/UnoUI/UnoUI.Shared/UnoUI.Shared.projitems is in no build (neither MissionPlanner.sln nor MissionPlannerLib.sln reaches it); declares Splash
ExtLibs/uno/UnoUI/UnoUI.Shared/test/MissionPlanner.Swarm.FollowLeader.Control.xaml.cs,0,MissionPlanner.Swarm.FollowLeader,MissionPlanner.csproj,T4,drop-pending-owner,,,S,,,,,dropped,,,,3afbe8ffcaa47299835da8c9637413f31e42c04a5fca9e70f04e44d846771651,,no callers in the C# tree as of efb0801 (D16): its project ExtLibs/uno/UnoUI/UnoUI.Shared/UnoUI.Shared.projitems is in no build (neither MissionPlanner.sln nor MissionPlannerLib.sln reaches it); declares Control
ExtLibs/uno/UnoUI/UnoUI.Shared/test/MissionPlanner.Swarm.FollowPathControl.xaml.cs,0,MissionPlanner.Swarm,MissionPlanner.csproj,T4,drop-pending-owner,,,S,,,,,dropped,,,,04de76f4f92217eb1a4e55c832ed2b9e486e763f650b9a2b6e4869bdfc5b3822,,no callers in the C# tree as of efb0801 (D16): its project ExtLibs/uno/UnoUI/UnoUI.Shared/UnoUI.Shared.projitems is in no build (neither MissionPlanner.sln nor MissionPlannerLib.sln reaches it); declares FollowPathControl
ExtLibs/uno/UnoUI/UnoUI.Shared/test/MissionPlanner.Swarm.FormationControl.xaml.cs,0,MissionPlanner.Swarm,MissionPlanner.csproj,T4,drop-pending-owner,,,S,,,,,dropped,,,,bf4859d7dc7d1e64d434f96aedbb21a55b0baa540a470626d0150b391b71e1f4,,no callers in the C# tree as of efb0801 (D16): its project ExtLibs/uno/UnoUI/UnoUI.Shared/UnoUI.Shared.projitems is in no build (neither MissionPlanner.sln nor MissionPlannerLib.sln reaches it); declares FormationControl
ExtLibs/uno/UnoUI/UnoUI.Shared/test/MissionPlanner.Swarm.Grid.xaml.cs,0,MissionPlanner.Swarm,MissionPlanner.csproj,T4,drop-pending-owner,,,S,,,,,dropped,,,,f41c79df63d84b7d9e3a08c6dd907d12992ab5a4e1adc21789ad687e23b6125b,,no callers in the C# tree as of efb0801 (D16): its project ExtLibs/uno/UnoUI/UnoUI.Shared/UnoUI.Shared.projitems is in no build (neither MissionPlanner.sln nor MissionPlannerLib.sln reaches it); declares Grid
ExtLibs/uno/UnoUI/UnoUI.Shared/test/MissionPlanner.Swarm.SRB.Control.xaml.cs,0,MissionPlanner.Swarm.SRB,MissionPlanner.csproj,T4,drop-pending-owner,,,S,,,,,dropped,,,,9c7d1de0474d9999850786efe33b668affd217904c8ca4ea69eb36e43165408c,,no callers in the C# tree as of efb0801 (D16): its project ExtLibs/uno/UnoUI/UnoUI.Shared/UnoUI.Shared.projitems is in no build (neither MissionPlanner.sln nor MissionPlannerLib.sln reaches it); declares Control
ExtLibs/uno/UnoUI/UnoUI.Shared/test/MissionPlanner.Swarm.Sequence.LayoutEditor.xaml.cs,0,MissionPlanner.Swarm.Sequence,MissionPlanner.csproj,T4,drop-pending-owner,,,S,,,,,dropped,,,,10458788723677848456e572ba1123ef7f4ed06255fbd45d3b1fe817d47feaa7,,no callers in the C# tree as of efb0801 (D16): its project ExtLibs/uno/UnoUI/UnoUI.Shared/UnoUI.Shared.projitems is in no build (neither MissionPlanner.sln nor MissionPlannerLib.sln reaches it); declares LayoutEditor
ExtLibs/uno/UnoUI/UnoUI.Shared/test/MissionPlanner.Swarm.Status.xaml.cs,0,MissionPlanner.Swarm,MissionPlanner.csproj,T4,drop-pending-owner,,,S,,,,,dropped,,,,a2bdd4e52e4fa73f74d020a585ab832766c6dcd77ec2e42f76576156eb618898,,no callers in the C# tree as of efb0801 (D16): its project ExtLibs/uno/UnoUI/UnoUI.Shared/UnoUI.Shared.projitems is in no build (neither MissionPlanner.sln nor MissionPlannerLib.sln reaches it); declares Status
ExtLibs/uno/UnoUI/UnoUI.Shared/test/MissionPlanner.Swarm.WaypointLeader.WPControl.xaml.cs,0,MissionPlanner.Swarm.WaypointLeader,MissionPlanner.csproj,T4,drop-pending-owner,,,S,,,,,dropped,,,,8f050ca8812191184580c2d164546702e5d75aeb791a0eb799bf764ec91ae553,,"no callers in the C# tree as of efb0801 (D16): compiled by no project (MissionPlannerLib.csproj has Compile Remove=""ExtLibs\uno\**""); declares WPControl"
ExtLibs/uno/UnoUI/UnoUI.Shared/test/MissionPlanner.Warnings.WarningControl.xaml.cs,0,MissionPlanner.Warnings,MissionPlanner.csproj,T4,drop-pending-owner,,,S,,,,,dropped,,,,22aec5ad6521476c5161ad217fd7530c38bbc37bd6236390a56a5e3f13c043a7,,no callers in the C# tree as of efb0801 (D16): its project ExtLibs/uno/UnoUI/UnoUI.Shared/UnoUI.Shared.projitems is in no build (neither MissionPlanner.sln nor MissionPlannerLib.sln reaches it); declares WarningControl
ExtLibs/uno/UnoUI/UnoUI.Shared/test/MissionPlanner.Warnings.WarningsManager.xaml.cs,0,MissionPlanner.Warnings,MissionPlanner.csproj,T4,drop-pending-owner,,,S,,,,,dropped,,,,a5372cea542bc3ab1b5500d89c101924977d12f61012233b1895ba155599c93e,,no callers in the C# tree as of efb0801 (D16): its project ExtLibs/uno/UnoUI/UnoUI.Shared/UnoUI.Shared.projitems is in no build (neither MissionPlanner.sln nor MissionPlannerLib.sln reaches it); declares WarningsManager
ExtLibs/uno/UnoUI/UnoUI.Shared/test/MissionPlanner.temp.xaml.cs,0,MissionPlanner,MissionPlanner.csproj,T4,drop-pending-owner,,,S,,,,,dropped,,,,f079db320a14df89d1eb061ade596c126f0826c2163059346d8e766c568b5e5b,,no callers in the C# tree as of efb0801 (D16): its project ExtLibs/uno/UnoUI/UnoUI.Shared/UnoUI.Shared.projitems is in no build (neither MissionPlanner.sln nor MissionPlannerLib.sln reaches it); declares temp
ExtLibs/uno/UnoUI/UnoUI.Shared/test/System.Windows.Forms.MyUserControl.xaml.cs,0,System.Windows.Forms,MissionPlanner.csproj,T4,drop-pending-owner,,,S,,,,,dropped,,,,efb3a1939599b920bee85f1f14b99146e4cfa0e5ad4c0f8dfd5deaa72d797f60,,"no callers in the C# tree as of efb0801 (D16): compiled by no project (MissionPlannerLib.csproj has Compile Remove=""ExtLibs\uno\**""); declares MyUserControl"
ExtLibs/uno/UnoUI/UnoUI.Shared/test/resedit.Form1.xaml.cs,0,resedit,MissionPlanner.csproj,T4,drop-pending-owner,,,S,,,,,dropped,,,,d03fed651efabda5ab79067a9540a50f82eff8f02bb42f729a579bd24a6b4756,,no callers in the C# tree as of efb0801 (D16): its project ExtLibs/uno/UnoUI/UnoUI.Shared/UnoUI.Shared.projitems is in no build (neither MissionPlanner.sln nor MissionPlannerLib.sln reaches it); declares Form1
ExtLibs/uno/UnoUI/UnoUI.UWP/Properties/AssemblyInfo.cs,29,,ExtLibs/uno/UnoUI/UnoUI.UWP/UnoUI.UWP.csproj,T4,drop-pending-owner,,,S,,,,,dropped,,,,338ec2dcb600c5775a67684ca893d0481e32c2366607d79783d0282cfa0c9380,,no callers in the C# tree as of efb0801 (D16): its project ExtLibs/uno/UnoUI/UnoUI.UWP/UnoUI.UWP.csproj is in no build (neither MissionPlanner.sln nor MissionPlannerLib.sln reaches it); declares nothing
ExtLibs/uno/UnoUI/UnoUI.Wasm/Program.cs,17,UnoUI.Wasm,ExtLibs/uno/UnoUI/UnoUI.Wasm/UnoUI.Wasm.csproj,T4,drop-pending-owner,,,S,,,,,dropped,,,,cf2159a1a649c5199b75ed3c56843e6f6faff3f2c26a5b1dbc47bedd29dec73a,,no callers in the C# tree as of efb0801 (D16): its project ExtLibs/uno/UnoUI/UnoUI.Wasm/UnoUI.Wasm.csproj is in no build (neither MissionPlanner.sln nor MissionPlannerLib.sln reaches it); declares Program
ExtLibs/uno/UnoUI/UnoUI.iOS/Main.cs,14,UnoUI.iOS,ExtLibs/uno/UnoUI/UnoUI.iOS/UnoUI.iOS.csproj,T4,drop-pending-owner,,,S,,,,,dropped,,,,49e9d86f41eb5355b6d20bf0a541343710c279b053d7bbb3adeaaabe68bc08a9,,no callers in the C# tree as of efb0801 (D16): its project ExtLibs/uno/UnoUI/UnoUI.iOS/UnoUI.iOS.csproj is in no build (neither MissionPlanner.sln nor MissionPlannerLib.sln reaches it); declares Application
ExtLibs/uno/UnoUI/UnoUI.iOS/Properties/AssemblyInfo.cs,36,,ExtLibs/uno/UnoUI/UnoUI.iOS/UnoUI.iOS.csproj,T4,drop-pending-owner,,,S,,,,,dropped,,,,659e81854dd4b31cc569952db6faab6f2b6b56a9ca9a09e32a4b769dbaa5bed4,,no callers in the C# tree as of efb0801 (D16): its project ExtLibs/uno/UnoUI/UnoUI.iOS/UnoUI.iOS.csproj is in no build (neither MissionPlanner.sln nor MissionPlannerLib.sln reaches it); declares nothing
ExtLibs/wasm/Controls/Control.cs,90,MissionPlanner.Controls,ExtLibs/wasm/wasm.csproj,T4,drop-pending-owner,,,S,,,,,ready,,,,efc3b13c0bd7218c08be4ffc0d309007ac437595ba1a41f4442650d5c7c728e4,,
ExtLibs/wasm/Controls/GraphicsWeb.cs,1393,MissionPlanner.Controls,ExtLibs/wasm/wasm.csproj,T4,drop-pending-owner,,,L,,,,,ready,,,,ddb39fd8f9cd2fa2198e6529973ed51e9bdd4fdbdaf15403f9aa90dd5dd04f28,,
ExtLibs/wasm/Controls/HUD.cs,2172,MissionPlanner.Controls,ExtLibs/wasm/wasm.csproj,T4,drop-pending-owner,,,XL,,,,,ready,,,,fe22d360754a802fb60edc185c5218d74d5817cca990f206d59ea5143deb6b38,,
ExtLibs/wasm/Controls/HUDT.Designer.cs,271,wasm.Controls,ExtLibs/wasm/wasm.csproj,T1,regenerate,,,M,,,,,ready,,,,1063b304d8e5554b05e72940160a3590147d88bb9e5b66da4e4f6aca3587630c,,
ExtLibs/wasm/Controls/PaintEventArgs.cs,21,MissionPlanner.Controls,ExtLibs/wasm/wasm.csproj,T4,drop-pending-owner,,,S,,,,,ready,,,,42dce0c3d15496f5cd5f9012498c671df4c073bc706d7e85c50e88c7dd9404f8,,
ExtLibs/wasm/Program.cs,202,wasm,ExtLibs/wasm/wasm.csproj,T4,drop-pending-owner,,,M,,,,,ready,,,,9765542a545a5b33316e653b823cea6b223bc3cbd757676d4acda2c6d130b7a7,,
ExtLibs/wasm/Startup.cs,86,wasm,ExtLibs/wasm/wasm.csproj,T4,drop-pending-owner,,,S,,,,,ready,,,,20b0d73a322fa1ab695eed1691d4b9f8c194deaa744a1eed25f8adb6f6166d93,,
ExtLibs/wasm/plotly.cs,105,wasm,ExtLibs/wasm/wasm.csproj,T4,drop-pending-owner,,,S,,,,,ready,,,,98da0f1ff0e0d1e5c03196f7c51622dff141c4f82a0ac7c0977aef770ef4018e,,
ExtLibs/zlib.net/Adler32.cs,107,ComponentAce.Compression.Libs.zlib,ExtLibs/zlib.net/zlib.net.csproj,T0,delete,,,S,,,,,dropped,,,,0db2add37f19207e849ae7ee4b18b338443e391fd68527e3511f188527a8a0e7,,no callers in the C# tree as of efb0801 (D16): nothing outside ExtLibs/zlib.net/ names ComponentAce; declares Adler32
ExtLibs/zlib.net/AssemblyInfo.cs,31,,ExtLibs/zlib.net/zlib.net.csproj,T0,delete,,,S,,,,,dropped,,,,8ebef72142c52844e3611e5bfdfd9d472c015f942fd9ade555ba279baaf7e9ec,,no callers in the C# tree as of efb0801 (D16): its project ExtLibs/zlib.net/zlib.net.csproj is in no build (neither MissionPlanner.sln nor MissionPlannerLib.sln reaches it); declares nothing
ExtLibs/zlib.net/Deflate.cs,1798,ComponentAce.Compression.Libs.zlib,ExtLibs/zlib.net/zlib.net.csproj,T0,delete,,,XL,,,,,dropped,,,,8e1beabe2e49437fc652cf69effaad7864dd9646323d986c6db2c7835f894194,,no callers in the C# tree as of efb0801 (D16): nothing outside ExtLibs/zlib.net/ names ComponentAce; declares Deflate
ExtLibs/zlib.net/InfBlocks.cs,719,ComponentAce.Compression.Libs.zlib,ExtLibs/zlib.net/zlib.net.csproj,T0,delete,,,L,,,,,dropped,,,,c5438bb1e6022ee73412096e0dafa575345b919c929e534605b7a5035052342c,,no callers in the C# tree as of efb0801 (D16): nothing outside ExtLibs/zlib.net/ names ComponentAce; declares InfBlocks
ExtLibs/zlib.net/InfCodes.cs,715,ComponentAce.Compression.Libs.zlib,ExtLibs/zlib.net/zlib.net.csproj,T0,delete,,,L,,,,,dropped,,,,47b83edd375bdcb2904443787439921aef8a3c14763cac91427659e882ec0094,,no callers in the C# tree as of efb0801 (D16): nothing outside ExtLibs/zlib.net/ names ComponentAce; declares InfCodes
ExtLibs/zlib.net/InfTree.cs,376,ComponentAce.Compression.Libs.zlib,ExtLibs/zlib.net/zlib.net.csproj,T0,delete,,,M,,,,,dropped,,,,a3c3afc57cc99f9811676368a5d48d505640e936a44a88016efb75d86f936843,,no callers in the C# tree as of efb0801 (D16): nothing outside ExtLibs/zlib.net/ names ComponentAce; declares InfTree
ExtLibs/zlib.net/Inflate.cs,449,ComponentAce.Compression.Libs.zlib,ExtLibs/zlib.net/zlib.net.csproj,T0,delete,,,M,,,,,dropped,,,,dafdc884c7dabf4d3a5d38bd25e9f6ec609820e47d3a7f1c80c803d19a01f1ef,,no callers in the C# tree as of efb0801 (D16): nothing outside ExtLibs/zlib.net/ names ComponentAce; declares Inflate
ExtLibs/zlib.net/StaticTree.cs,92,ComponentAce.Compression.Libs.zlib,ExtLibs/zlib.net/zlib.net.csproj,T0,delete,,,S,,,,,dropped,,,,b2a9eb5cf1beae29fed6f76329b0761709f60e2ef8a3eb17b812afda352de3a0,,no callers in the C# tree as of efb0801 (D16): nothing outside ExtLibs/zlib.net/ names ComponentAce; declares StaticTree
ExtLibs/zlib.net/SupportClass.cs,170,ComponentAce.Compression.Libs.zlib,ExtLibs/zlib.net/zlib.net.csproj,T0,delete,,,S,,,,,dropped,,,,262740a0397e120b0d680c9ed65ffbdba2cd9e8347b2f64e7fe0af61ffe5d4be,,no callers in the C# tree as of efb0801 (D16): nothing outside ExtLibs/zlib.net/ names ComponentAce; declares SupportClass
ExtLibs/zlib.net/Tree.cs,348,ComponentAce.Compression.Libs.zlib,ExtLibs/zlib.net/zlib.net.csproj,T0,delete,,,M,,,,,dropped,,,,88e1a705b2f2fc2e6dbc2bd9d1156094f77f2069750ce1a7c3941c4f2ca37314,,no callers in the C# tree as of efb0801 (D16): nothing outside ExtLibs/zlib.net/ names ComponentAce; declares Tree
ExtLibs/zlib.net/ZInputStream.cs,180,ComponentAce.Compression.Libs.zlib,ExtLibs/zlib.net/zlib.net.csproj,T0,delete,,,S,,,,,dropped,,,,441a2bf7876467b7082c242996d360d484f555ff6f50f2d698036c460076a5c8,,no callers in the C# tree as of efb0801 (D16): nothing outside ExtLibs/zlib.net/ names ComponentAce; declares ZInputStream
ExtLibs/zlib.net/ZOutputStream.cs,281,ComponentAce.Compression.Libs.zlib,ExtLibs/zlib.net/zlib.net.csproj,T0,delete,,,M,,,,,dropped,,,,062fb8bfd528edc9e1ec0bf80e29041f8f51bb94398fddc9bd47b35402eaf94e,,no callers in the C# tree as of efb0801 (D16): nothing outside ExtLibs/zlib.net/ names ComponentAce; declares ZOutputStream
ExtLibs/zlib.net/ZStream.cs,232,ComponentAce.Compression.Libs.zlib,ExtLibs/zlib.net/zlib.net.csproj,T0,delete,,,M,,,,,dropped,,,,5424b47ae084ed31a5f380c4947ae3303f5dd98adcbba2ad0811315b737c07c6,,no callers in the C# tree as of efb0801 (D16): nothing outside ExtLibs/zlib.net/ names ComponentAce; declares ZStream
ExtLibs/zlib.net/ZStreamException.cs,57,ComponentAce.Compression.Libs.zlib,ExtLibs/zlib.net/zlib.net.csproj,T0,delete,,,S,,,,,dropped,,,,a9785f4ef3accc226d3a2187db169f272b034656d36ac045795f6b2f98337f5d,,no callers in the C# tree as of efb0801 (D16): nothing outside ExtLibs/zlib.net/ names ComponentAce; declares ZStreamException
ExtLibs/zlib.net/Zlib.cs,82,ComponentAce.Compression.Libs.zlib,ExtLibs/zlib.net/zlib.net.csproj,T0,delete,,,S,,,,,dropped,,,,8777110dbc41fa42a14072a66837dbd50eab27aac224c85dc623b644af26f7d9,,no callers in the C# tree as of efb0801 (D16): nothing outside ExtLibs/zlib.net/ names ComponentAce; declares zlibConst
GCSViews/ConfigurationView/ConfigAC_Fence.Designer.cs,242,MissionPlanner.GCSViews.ConfigurationView,MissionPlanner.csproj,T2,extract,,,M,,,,,ready,,,,836568c7bda5bb7f193e902ddff4ccc56a5cdef89a7136f90c77ed9669fa095e,,
GCSViews/ConfigurationView/ConfigAC_Fence.cs,50,MissionPlanner.GCSViews.ConfigurationView,MissionPlanner.csproj,T3,hand-port,,,S,,,,,ready,,,,38ab60b76315551d6d50e262a1adb43909174b2033e869569b4dfa2d68a5c831,,
GCSViews/ConfigurationView/ConfigADSB.Designer.cs,146,MissionPlanner.GCSViews.ConfigurationView,MissionPlanner.csproj,T2,extract,mp-gui,,S,behaviour-equivalent,,spec+review,,tested,,,crates/mp-gui/src/config/adsb.rs,cdc2284bc913b9122deb0442d507a0374513e99d2a3b63262006ba726b3ed943,,"the Designer's find box, two buttons and the flow panel; the layout at the Designer's places"
GCSViews/ConfigurationView/ConfigADSB.cs,710,MissionPlanner.GCSViews.ConfigurationView,MissionPlanner.csproj,T3,hand-port,mp-gui,,L,behaviour-equivalent,,spec+review,,tested,,,crates/mp-gui/src/config/adsb.rs;tests/gui/config-adsb.gui,4be7aaedf5f26b7f3d24a58bd479f4d3a706396ac64cc3c9d5acb668567eaf1b,the ToolTip over each label (no tooltips in this port); the Windows combo's typed autocomplete beyond the exact-match select,"the five wirings: Activate's parameter load with the favourites, Find, Write Params with its sorted ENABLE-last loop and the saved box, Refresh Params through MessageShowAgain, Ctrl+S as Write Params; the controls built from the parameter documentation as ConfigFriendlyParams does"
GCSViews/ConfigurationView/ConfigAccelerometerCalibration.Designer.cs,135,MissionPlanner.GCSViews.ConfigurationView,MissionPlanner.csproj,T2,extract,,,S,,,,,ready,,,,ad60a805d8686577306a3c5874e3ac12294928a6e5ac3b0c7770b1724d2b1227,,
GCSViews/ConfigurationView/ConfigAccelerometerCalibration.cs,186,MissionPlanner.GCSViews.ConfigurationView,MissionPlanner.csproj,T3,hand-port,mp-gui,,S,behaviour-equivalent,,spec+review,,tested,,,crates/mp-gui/src/config/accel_calibration.rs;docs/coverage/configuration.md;tests/gui/config-accel.gui,d547e47a5dbeb06d6804cf6eeb2119d6c108eb4153e695b64f15a1a4017662c7,the script presses only Calibrate Level; a full six-position run cannot finish on SITL,the page whole from its .cs and .resx; a script on SITL
GCSViews/ConfigurationView/ConfigAdvanced.Designer.cs,299,MissionPlanner.GCSViews.ConfigurationView,MissionPlanner.csproj,T2,extract,,,M,,,,,ready,,,,0ec0e2568bc7fd5efa65caad051a4b39a9266a5c802aafc90d96d5ddaaa110bb,,
GCSViews/ConfigurationView/ConfigAdvanced.cs,128,MissionPlanner.GCSViews.ConfigurationView,MissionPlanner.csproj,T3,hand-port,,,S,,,,,ready,,,,ab4ca7e062d2d38d0d9e68f6b157ded2e79f1d25518f0719c0aaf4f92011aa29,,
GCSViews/ConfigurationView/ConfigAntennaTracker.Designer.cs,709,MissionPlanner.GCSViews.ConfigurationView,MissionPlanner.csproj,T2,extract,,,L,,,,,dropped,,,,3a71330218c58badf833071621bf9d1f9b6d892ab750043da350fbc92a4c888c,,"out of scope, owner's ruling §12 D13 (2026-09-25): the Antenna Tracker (Antenna/, ConfigAntennaTracker, TrackerUI; ExtLibs/Antenna is its output library, used only by Antenna/TrackerGeneric.cs)"
GCSViews/ConfigurationView/ConfigAntennaTracker.cs,308,MissionPlanner.GCSViews.ConfigurationView,MissionPlanner.csproj,T3,hand-port,,,M,,,,,dropped,,,,2dbf08a7b5c4a74e23e8a1bbbd7add2a758a76020949790d0d847488b27941d6,,"out of scope, owner's ruling §12 D13 (2026-09-25): the Antenna Tracker (Antenna/, ConfigAntennaTracker, TrackerUI; ExtLibs/Antenna is its output library, used only by Antenna/TrackerGeneric.cs)"
GCSViews/ConfigurationView/ConfigArducopter.Designer.cs,1845,MissionPlanner.GCSViews.ConfigurationView,MissionPlanner.csproj,T2,extract,,,XL,,,,,ready,,,,423e596bc574e5a7980a1e7482aed0faf861ec21b35f246529fe2f54a16859c4,,
GCSViews/ConfigurationView/ConfigArducopter.cs,502,MissionPlanner.GCSViews.ConfigurationView,MissionPlanner.csproj,T3,hand-port,mp-gui,,M,behaviour-equivalent,,spec+review,,tested,,,crates/mp-gui/src/config/extended_tuning.rs;docs/coverage/configuration.md;tests/gui/config-extended-tuning.gui,c5c20a9191586594ca2d71c6e678e70bfe0d824a7ba4d20d5fe7c24237a25fe0,"changes written in the order made, a pairing loop capped at 8, Ctrl+S only with a box focused, a banner without a version counted older than 4.7 (divergences at the sites); the lock and 3.4 IMAX scaling unexercised on this SITL",the page whole from its .cs and .resx; a script on SITL
GCSViews/ConfigurationView/ConfigArduplane.Designer.cs,1187,MissionPlanner.GCSViews.ConfigurationView,MissionPlanner.csproj,T2,extract,,,L,,,,,ready,,,,32f8e63f90d1fba8f4eb37dbd14b31a76def94326572c1f79b6709c0fb83efd0,,
GCSViews/ConfigurationView/ConfigArduplane.cs,332,MissionPlanner.GCSViews.ConfigurationView,MissionPlanner.csproj,T3,hand-port,mp-gui,,M,behaviour-equivalent,,spec+review,,tested,,,crates/mp-gui/src/config/basic_tuning.rs;docs/coverage/configuration.md;tests/gui/config-basic-tuning.gui,ed6abeef6c3ba3c050926fd8c4a73409c0085d5bf0a960a00ed7299cbdd0d350,"changes written in the order made; ""No"" puts back the shown value where the C# puts the raw one (divergence); a scripted plane proves the page",the page whole from its .cs and .resx; a script on SITL
GCSViews/ConfigurationView/ConfigArdurover.Designer.cs,800,MissionPlanner.GCSViews.ConfigurationView,MissionPlanner.csproj,T2,extract,,,L,,,,,ready,,,,f083e2a9cf403c3eb9e3860d014276bbf28607dcead9bd3bf5a3aa2d80446316,,
GCSViews/ConfigurationView/ConfigArdurover.cs,271,MissionPlanner.GCSViews.ConfigurationView,MissionPlanner.csproj,T3,hand-port,,,M,,,,,ready,,,,21e7e987606488c06960c8318e965a940071d033edaa05ed22786c28880978e3,,
GCSViews/ConfigurationView/ConfigAteryx.Designer.cs,1098,MissionPlanner.GCSViews.ConfigurationView,MissionPlanner.csproj,T2,extract,,,L,,,,,ready,,,,a94590a45827cbf929befc6126d730aec16fc25a5c18b22bd1346f929a3e3f60,,
GCSViews/ConfigurationView/ConfigAteryx.cs,346,MissionPlanner.GCSViews.ConfigurationView,MissionPlanner.csproj,T3,hand-port,mp-gui,,M,behaviour-equivalent,,spec+review,,tested,,,crates/mp-gui/src/config/ateryx.rs;docs/coverage/configuration.md;tests/gui/config-ateryx.gui,53d5da511641c4a5d3b7bb65ef80275d8de5932baa2fcc94cfc0b5d818a12712,listed only for a generic-autopilot fixed wing; a scripted Ateryx proves the page; config-ateryx.gui awaits a clean run,the page whole from its .cs and .resx; a script on SITL
GCSViews/ConfigurationView/ConfigAteryxSensors.Designer.cs,153,MissionPlanner.GCSViews.ConfigurationView,MissionPlanner.csproj,T2,extract,,,S,,,,,dropped,,,,9d514ee7dd27d6312f9afdf2f8a8cabd54c792b82a5bf34dace5f697d097520f,,"out of scope, owner's ruling §12 D13 (2026-09-25): Ateryx Zero Sensors (ConfigAteryxSensors)"
GCSViews/ConfigurationView/ConfigAteryxSensors.cs,91,MissionPlanner.GCSViews.ConfigurationView,MissionPlanner.csproj,T3,hand-port,,,S,,,,,dropped,,,,43efa4a0ee95380a4b08fdedcb8462170b2afb87fd57f6602a68cbffc6596cb8,,"out of scope, owner's ruling §12 D13 (2026-09-25): Ateryx Zero Sensors (ConfigAteryxSensors)"
GCSViews/ConfigurationView/ConfigBatteryMonitoring.Designer.cs,309,MissionPlanner.GCSViews.ConfigurationView,MissionPlanner.csproj,T2,extract,,,M,,,,,ready,,,,c55f0312f679fa2161a621e6482f42beb8152d474736de2a90e9dc1d65efa185,,
GCSViews/ConfigurationView/ConfigBatteryMonitoring.cs,654,MissionPlanner.GCSViews.ConfigurationView,MissionPlanner.csproj,T3,hand-port,,,L,,,,,ready,,,,dc396f1cf2849fa3e7fb783c3efc77d6f7a037e56e48798f2f0faf55fa9bfc0c,,
GCSViews/ConfigurationView/ConfigBatteryMonitoring2.Designer.cs,281,MissionPlanner.GCSViews.ConfigurationView,MissionPlanner.csproj,T2,extract,,,M,,,,,ready,,,,8a7ce3ccf1431e800fbe9344e4f3c6091fb1dadeacfc3e05a74a5319b43207be,,
GCSViews/ConfigurationView/ConfigBatteryMonitoring2.cs,253,MissionPlanner.GCSViews.ConfigurationView,MissionPlanner.csproj,T3,hand-port,,,M,,,,,ready,,,,abf01946d06a871e7f8684dea6f2a091088777569c21891aab85fb2ed5a71f2b,,
GCSViews/ConfigurationView/ConfigCompassMot.Designer.cs,134,MissionPlanner.GCSViews.ConfigurationView,MissionPlanner.csproj,T2,extract,,,S,,,,,ready,,,,d09a9ef4df46fe34c8657ae15f7af015a255d7254890eb0a0d794ba9d0a972b4,,
GCSViews/ConfigurationView/ConfigCompassMot.cs,174,MissionPlanner.GCSViews.ConfigurationView,MissionPlanner.csproj,T3,hand-port,,,S,,,,,ready,,,,35257908475bd9421f0835e313d7afbe64e3ce12230a12b3967fdcd9fac87127,,
GCSViews/ConfigurationView/ConfigCubeID.Designer.cs,172,MissionPlanner.GCSViews.ConfigurationView,MissionPlanner.csproj,T2,extract,,,S,,,,,dropped,,,,323688fa4d088d4de4b7e00ebdb25e24d26e29cb86531afaea4f1459f000a832,,"out of scope, owner's ruling §12 D13 (2026-09-25): CubeID Update (ConfigCubeID)"
GCSViews/ConfigurationView/ConfigCubeID.cs,190,MissionPlanner.GCSViews.ConfigurationView,MissionPlanner.csproj,T3,hand-port,,,S,,,,,dropped,,,,f7e705bff7e838030e10c978acb771d874ac2e71ec7e0296cb8d280ba932b58b,,"out of scope, owner's ruling §12 D13 (2026-09-25): CubeID Update (ConfigCubeID)"
GCSViews/ConfigurationView/ConfigDroneCAN.Designer.cs,695,MissionPlanner.GCSViews.ConfigurationView,MissionPlanner.csproj,T2,extract,mp-gui,,L,behaviour-equivalent,,spec+review,,tested,,,crates/mp-gui/src/config/dronecan.rs,e5b270bbb26a6c18297a2bd94ac0cf0937cfcbdfc2149fd2cf72d9ff920c44ab,"but_slcandirect, but_slcanmavlink, but_slcanmode2_2, but_mcast1 and but_mcast2 are not drawn (nothing wires them, D16); the ToolTip component","the interface combo, Connect, the grids and the buttons; the layout at the Designer's places"
GCSViews/ConfigurationView/ConfigDroneCAN.cs,1752,MissionPlanner.GCSViews.ConfigurationView,MissionPlanner.csproj,T3,hand-port,mp-gui,,XL,behaviour-equivalent,,spec+review,,tested,,,crates/mp-gui/src/config/dronecan.rs;crates/mp-dronecan;tests/gui/config-dronecan.gui,693277e5733bebc7dda2f1413d8ba6a3ef9323a2bb3dc42040b29b2d9d8f358a,"but_slcandirect, but_slcanmavlink, but_slcanmode2_2, but_mcast1 and but_mcast2 (nothing wires them, D16); error boxes on the status line (the owner's ruling); the grid redrawn every frame, not on a one-second timer","15 of the 15 wirings (the Inspector's window in config/dronecan_inspector.rs): Connect over MAVLinkCAN1/2, SLCAN and MCastCan1/2, the node grid, details and debug grid, the node menu (Parameters, Restart, Update, Update Beta, both passthroughs), Filter, Stats, Check for Updates, Log, Exit SLCAN, Activate/Deactivate/Disconnect"
GCSViews/ConfigurationView/ConfigESCCalibration.Designer.cs,264,MissionPlanner.GCSViews.ConfigurationView,MissionPlanner.csproj,T2,extract,,,M,,,,,ready,,,,c1f098329e3290cf88e3ad4fbee5eb3bdccd2612b32056f3ce20b834d31e3299,,
GCSViews/ConfigurationView/ConfigESCCalibration.cs,46,MissionPlanner.GCSViews.ConfigurationView,MissionPlanner.csproj,T3,hand-port,mp-gui,,S,behaviour-equivalent,,spec+review,,tested,,,crates/mp-gui/src/config/esc_calibration.rs;docs/coverage/configuration.md;tests/gui/config-esc.gui,df646090a32a52e575e1604776cf83af419062eac768b4f263d1b3f6a3c468ba,"the script never presses the button, and a test fails if it does",the page whole from its .cs and .resx; a script on SITL
GCSViews/ConfigurationView/ConfigFFT.cs,166,MissionPlanner.GCSViews.ConfigurationView,MissionPlanner.csproj,T3,hand-port,mp-gui,,S,behaviour-equivalent,,spec+review,,tested,,,crates/mp-gui/src/config/fft.rs;tests/gui/config-fft.gui,0f6a95510fe6d7ef73b066b2309f0d324f52bd7052bbf0f1fa58a75a6ac67dd9,"Deactivate's giveComport = false (this link shares no port); the Log field, never written (D16)","the constructor's bindings: INS_LOG_BAT_CNT a RangeControl 32-4096 in the documented increment (32 when none), INS_LOG_BAT_MASK and LOG_BITMASK bitmasks from the documentation, each change written at once; the page disabled without INS_LOG_BAT_CNT; FFT opens fftui; write failures on the status line (the owner's ruling)"
GCSViews/ConfigurationView/ConfigFailSafe.Designer.cs,726,MissionPlanner.GCSViews.ConfigurationView,MissionPlanner.csproj,T2,extract,,,L,,,,,ready,,,,0a768e393c34d718ea8ff2d6f95cbb8c3b6dad1be94a1c581116df8a70cbbe1a,,
GCSViews/ConfigurationView/ConfigFailSafe.cs,193,MissionPlanner.GCSViews.ConfigurationView,MissionPlanner.csproj,T3,hand-port,,,S,,,,,ready,,,,be5afd985c0e32589f867db49bde5fb73d5efaa82481b1ab3865498c55d0476d,,
GCSViews/ConfigurationView/ConfigFirmware.Designer.cs,321,MissionPlanner.GCSViews.ConfigurationView,MissionPlanner.csproj,T2,extract,,,M,,,,,ready,,,,e2edb35056304cba057e0fb1eb45c3952685e2c1d0240a2de3484ac26c9da5ed,,
GCSViews/ConfigurationView/ConfigFirmware.cs,674,MissionPlanner.GCSViews.ConfigurationView,MissionPlanner.csproj,T3,hand-port,,,L,,,,,ready,,,,bd60f50ceea72320948cb5dc5c5419e9e33afe97ddb13519f1ff83367f2a479a,,
GCSViews/ConfigurationView/ConfigFirmwareDisabled.Designer.cs,72,MissionPlanner.GCSViews.ConfigurationView,MissionPlanner.csproj,T2,extract,,,S,,,,,ready,,,,c0eb779ba8bff18eb922941472fc5a99b1ac50f500fb9baceff5bde39ff41ce2,,
GCSViews/ConfigurationView/ConfigFirmwareDisabled.cs,46,MissionPlanner.GCSViews.ConfigurationView,MissionPlanner.csproj,T3,hand-port,,,S,,,,,ready,,,,404a5d4a1923daf89bfcff902a9a8e1bc8001b40514add77b0bbdb3100abaa5f,,
GCSViews/ConfigurationView/ConfigFirmwareManifest.Designer.cs,324,MissionPlanner.GCSViews.ConfigurationView,MissionPlanner.csproj,T2,extract,,,M,,,,,ready,,,,add9c6300fef5a8368484349d2ccbe6c2d06ab3f761361512011085c01b368b6,,
GCSViews/ConfigurationView/ConfigFirmwareManifest.cs,569,MissionPlanner.GCSViews.ConfigurationView,MissionPlanner.csproj,T3,hand-port,,,M,,,,,ready,,,,ed50f02204b68f2555840775f6e5554cb62a6da4fb835a8cacddfacc229ab1ed,,
GCSViews/ConfigurationView/ConfigFlightModes.Designer.cs,401,MissionPlanner.GCSViews.ConfigurationView,MissionPlanner.csproj,T2,extract,,,M,,,,,ready,,,,d313a98b544524290297e62d9efae20ca590a111d6986b58d535558f2cf9feea,,
GCSViews/ConfigurationView/ConfigFlightModes.cs,478,MissionPlanner.GCSViews.ConfigurationView,MissionPlanner.csproj,T3,hand-port,,,M,,,,,ready,,,,10f1878b093fb3a4654ab0c43b301220836cff6082043a2c45faab0788be4333,,
GCSViews/ConfigurationView/ConfigFrameClassType.Designer.cs,403,MissionPlanner.GCSViews.ConfigurationView,MissionPlanner.csproj,T2,extract,,,M,,,,,ready,,,,4b280aecc69470acd01f870332798a4b3c6b8974ddf5acd1ca77f1bfe4793a29,,
GCSViews/ConfigurationView/ConfigFrameClassType.cs,337,MissionPlanner.GCSViews.ConfigurationView,MissionPlanner.csproj,T3,hand-port,,,M,,,,,ready,,,,19ccd7e9bf25d685afce8232a09a3d6a3bed53bf508b923e355ce5b5f994ea7a,,
GCSViews/ConfigurationView/ConfigFrameType.Designer.cs,292,MissionPlanner.GCSViews.ConfigurationView,MissionPlanner.csproj,T2,extract,,,M,,,,,ready,,,,362c8e72d9302f8d7e95b0c3cd987cadb0019aacd3bcc2f8e195731675383c64,,
GCSViews/ConfigurationView/ConfigFrameType.cs,235,MissionPlanner.GCSViews.ConfigurationView,MissionPlanner.csproj,T3,hand-port,,,M,,,,,ready,,,,fa406c8aee1a3ca9da5a2660cb32c13cddd8afb8daf0ebcffc564475abf90e0e,,
GCSViews/ConfigurationView/ConfigFriendlyParams.Designer.cs,83,MissionPlanner.GCSViews.ConfigurationView,MissionPlanner.csproj,T2,extract,mp-gui,,S,behaviour-equivalent,,spec+review,,tested,,,crates/mp-gui/src/config/friendly_params.rs,97bf4d63d807e53f7c9d64f47384e0838c0b4230d207c387903d2e5fc8265e7e,,"the Designer's find box, two buttons and the flow panel; the layout at the Designer's places"
GCSViews/ConfigurationView/ConfigFriendlyParams.cs,589,MissionPlanner.GCSViews.ConfigurationView,MissionPlanner.csproj,T3,hand-port,mp-gui,,M,behaviour-equivalent,,spec+review,,tested,,,crates/mp-gui/src/config/adsb.rs;crates/mp-gui/src/config/friendly_params.rs;tests/gui/config-standard-params.gui;tests/gui/config-advanced-params.gui,2df9ca6ed09f110db95f3b0b246affb26290f638e2f2d250d8a7f7dedd29e67e,the ToolTip over each label; the Windows combo's typed autocomplete beyond the exact-match select,"the Standard Params page: the controls built per parameter from its documentation (range, values, bitmask), culture-sorted, the favourites first, Find, Write Params, Refresh Params, Ctrl+S; the ADSB page shares the code"
GCSViews/ConfigurationView/ConfigFriendlyParamsAdv.cs,11,MissionPlanner.GCSViews.ConfigurationView,MissionPlanner.csproj,T3,hand-port,mp-gui,,S,behaviour-equivalent,,spec+review,,tested,,,crates/mp-gui/src/config/friendly_params.rs;tests/gui/config-advanced-params.gui,e2e9ae998fa2a57ddf3e0d31da1da5053a17307b52e1d8be63616f7734282b37,,the Advanced Params page: ConfigFriendlyParams with ParameterMode Advanced
GCSViews/ConfigurationView/ConfigGPSOrder.Designer.cs,170,MissionPlanner.GCSViews.ConfigurationView,MissionPlanner.csproj,T2,extract,,,S,,,,,ready,,,,f62eb45be25cda615e34b7de3a018ddbaa3068152bf61134a8b6a409b799dfa8,,
GCSViews/ConfigurationView/ConfigGPSOrder.cs,88,MissionPlanner.GCSViews.ConfigurationView,MissionPlanner.csproj,T3,hand-port,,,S,,,,,ready,,,,63741f3d21a4c15a9d92d83afeda6245da4a7125fab8c25df9f4fabdc55e0677,,
GCSViews/ConfigurationView/ConfigHWAirspeed.Designer.cs,143,MissionPlanner.GCSViews.ConfigurationView,MissionPlanner.csproj,T2,extract,,,S,,,,,ready,,,,f12bddcbc1365a14003cc150850228b8f4d56cb39a968421126ef76d9b8c5513,,
GCSViews/ConfigurationView/ConfigHWAirspeed.cs,85,MissionPlanner.GCSViews.ConfigurationView,MissionPlanner.csproj,T3,hand-port,,,S,,,,,ready,,,,6a96530be59a0fe9199192c15a8ae1ab26a465af4e77f83d54f809729cf2cd61,,
GCSViews/ConfigurationView/ConfigHWBT.Designer.cs,147,MissionPlanner.GCSViews.ConfigurationView,MissionPlanner.csproj,T2,extract,,,S,,,,,dropped,,,,96ed31415cc4063361fe8a950897e127555bf66892b39f46576d302405642937,,"out of scope, owner's ruling §12 D13 (2026-09-25): Bluetooth Setup (ConfigHWBT)"
GCSViews/ConfigurationView/ConfigHWBT.cs,119,MissionPlanner.GCSViews.ConfigurationView,MissionPlanner.csproj,T3,hand-port,,,S,,,,,dropped,,,,2ddcda86fc7420418bf7772a8ab1084ecb4e78f09b68869f0b36f52621fc702e,,"out of scope, owner's ruling §12 D13 (2026-09-25): Bluetooth Setup (ConfigHWBT)"
GCSViews/ConfigurationView/ConfigHWCAN.Designer.cs,167,MissionPlanner.GCSViews.ConfigurationView,MissionPlanner.csproj,T2,extract,,,S,,,,,dropped,,,,161e6e139ff05863d1f24bff0ae6152f4846e74d81811726412fe51c5747f01b,,no callers in the C# tree as of efb0801 (D16): no other file names its types (comments aside); declares ConfigHWCAN
GCSViews/ConfigurationView/ConfigHWCAN.cs,57,MissionPlanner.GCSViews.ConfigurationView,MissionPlanner.csproj,T3,hand-port,,,S,,,,,dropped,,,,507604928e23c2c35860804191f34829a7e0cd57d319a32520cb23678f88e164,,no callers in the C# tree as of efb0801 (D16): no other file names its types (comments aside); declares ConfigHWCAN
GCSViews/ConfigurationView/ConfigHWCompass.Designer.cs,595,MissionPlanner.GCSViews.ConfigurationView,MissionPlanner.csproj,T2,extract,,,M,,,,,ready,,,,16bd34ed48e2127b8fd9be30ca5f12ec37afcbf378f4ee6aeb08ad52c6ea6ba0,,
GCSViews/ConfigurationView/ConfigHWCompass.cs,781,MissionPlanner.GCSViews.ConfigurationView,MissionPlanner.csproj,T3,hand-port,,,L,,,,,ready,,,,3e1f8698c98f7f2a491063d3f0d56114b397dd5bcb8b93c4e5b72aed57690ba8,,
GCSViews/ConfigurationView/ConfigHWCompass2.Designer.cs,631,MissionPlanner.GCSViews.ConfigurationView,MissionPlanner.csproj,T2,extract,,,L,,,,,ready,,,,c0c216eaf93ead31e4d32d92f621aecdd6a2af779c9e32808c4ed2bdcb36fe2e,,
GCSViews/ConfigurationView/ConfigHWCompass2.cs,534,MissionPlanner.GCSViews.ConfigurationView,MissionPlanner.csproj,T3,hand-port,mp-gui,,M,behaviour-equivalent,,spec+review,,tested,,,crates/mp-gui/src/config/compass.rs;docs/coverage/configuration.md;tests/gui/config-compass.gui,4736349683ba3561b16236d3a549db92839f5fe4c2c7efcb43ab5716807478c2,"""Reboot failed"" shown when the reboot failed, not when it succeeded (divergence at the site)",the page whole from its .cs and .resx; a script on SITL
GCSViews/ConfigurationView/ConfigHWIDs.Designer.cs,135,MissionPlanner.GCSViews.ConfigurationView,MissionPlanner.csproj,T2,extract,,,S,,,,,ready,,,,2da8a601b1d528a76e27bc80614759d71d44564f3614a1d75e560d1fa000aec3,,
GCSViews/ConfigurationView/ConfigHWIDs.cs,33,MissionPlanner.GCSViews.ConfigurationView,MissionPlanner.csproj,T3,hand-port,,,S,,,,,ready,,,,353c52eb0f59fef32d6f2cbf931e9e10834f23c97b6b24368d70a151197f4e1c,,
GCSViews/ConfigurationView/ConfigHWOSD.Designer.cs,99,MissionPlanner.GCSViews.ConfigurationView,MissionPlanner.csproj,T2,extract,,,S,,,,,ready,,,,4eb6dea5f44cfbc63afe36a8b378750d16ceba9b1fc479d59b623e846d007b63,,
GCSViews/ConfigurationView/ConfigHWOSD.cs,70,MissionPlanner.GCSViews.ConfigurationView,MissionPlanner.csproj,T3,hand-port,,,S,,,,,ready,,,,66f7830350ab3ca823b9d4cd385b681245b8e382bbcbce87cf0011352401e689,,
GCSViews/ConfigurationView/ConfigHWOptFlow.Designer.cs,314,MissionPlanner.GCSViews.ConfigurationView,MissionPlanner.csproj,T2,extract,,,M,,,,,dropped,,,,c6fde20a8136c74f2c4c6e5c203340f9870191a7cfe8a2aeb3746398df9aff17,,"out of scope, owner's ruling §12 D13 (2026-09-25): Optical Flow (ConfigHWOptFlow; the part already ported stays as it is, no further work)"
GCSViews/ConfigurationView/ConfigHWOptFlow.cs,114,MissionPlanner.GCSViews.ConfigurationView,MissionPlanner.csproj,T3,hand-port,,,S,,,,,dropped,,,,32b95b64af57551a7f55666a4807236f80a7b0b6646232d1714728f464cc17b0,,"out of scope, owner's ruling §12 D13 (2026-09-25): Optical Flow (ConfigHWOptFlow; the part already ported stays as it is, no further work)"
GCSViews/ConfigurationView/ConfigHWPX4Flow.Designer.cs,98,MissionPlanner.GCSViews.ConfigurationView,MissionPlanner.csproj,T2,extract,,,S,,,,,dropped,,,,120b50124433d660b7f9cf40f0b9f00f1eddff8a157036b9dca7a814f51e2335,,"out of scope, owner's ruling §12 D13 (2026-09-25): PX4Flow (ConfigHWPX4Flow)"
GCSViews/ConfigurationView/ConfigHWPX4Flow.cs,54,MissionPlanner.GCSViews.ConfigurationView,MissionPlanner.csproj,T3,hand-port,,,S,,,,,dropped,,,,1b94a5e2a6d6caa77fc48711df3e99227057d3d8238fb3013115dfdf0e614a27,,"out of scope, owner's ruling §12 D13 (2026-09-25): PX4Flow (ConfigHWPX4Flow)"
GCSViews/ConfigurationView/ConfigHWParachute.Designer.cs,201,MissionPlanner.GCSViews.ConfigurationView,MissionPlanner.csproj,T2,extract,,,M,,,,,ready,,,,d53829bb84fdb846c3d4d5d08431ea80f1afec066b4a0206e8e573164de7666a,,
GCSViews/ConfigurationView/ConfigHWParachute.cs,75,MissionPlanner.GCSViews.ConfigurationView,MissionPlanner.csproj,T3,hand-port,,,S,,,,,ready,,,,521f407ff0ef2224fca818d3ecfab8d3711c6f3b9eb3966ab02f88d425081fc4,,
GCSViews/ConfigurationView/ConfigHWRangeFinder.Designer.cs,136,MissionPlanner.GCSViews.ConfigurationView,MissionPlanner.csproj,T2,extract,,,S,,,,,ready,,,,e53de0421186a8cfb24e884f876023789c63f6f7131120d4c3ba96e3e8bec51a,,
GCSViews/ConfigurationView/ConfigHWRangeFinder.cs,59,MissionPlanner.GCSViews.ConfigurationView,MissionPlanner.csproj,T3,hand-port,,,S,,,,,ready,,,,670614e288083ffee62489db7a226ddda59066ef92e64cecccebebf4e5a2dc77,,
GCSViews/ConfigurationView/ConfigHWesp8266.Designer.cs,266,MissionPlanner.GCSViews.ConfigurationView,MissionPlanner.csproj,T2,extract,,,M,,,,,ready,,,,2259b47305449b6af732d1ed64817af1406b870953fb8f3c54630fc37d5a40cd,,
GCSViews/ConfigurationView/ConfigHWesp8266.cs,199,MissionPlanner.GCSViews.ConfigurationView,MissionPlanner.csproj,T3,hand-port,,,S,,,,,ready,,,,474585564faa79135cb8a3d763abbb640439196a9e716b78378cde2e7b653edf,,
GCSViews/ConfigurationView/ConfigInitialParams.Designer.cs,260,MissionPlanner.GCSViews.ConfigurationView,MissionPlanner.csproj,T2,extract,,,M,,,,,ready,,,,bb67c3890b872a46e00b101c6040b0948ff7053a8dc169ef052283df429e760d,,
GCSViews/ConfigurationView/ConfigInitialParams.cs,280,MissionPlanner.GCSViews.ConfigurationView,MissionPlanner.csproj,T3,hand-port,,,M,,,,,ready,,,,6559fd103a80ff9b2d666441a03dbafdc5497be1ef96b176400e2804fd7bcf4b,,
GCSViews/ConfigurationView/ConfigMandatory.Designer.cs,54,MissionPlanner.GCSViews.ConfigurationView,MissionPlanner.csproj,T2,extract,,,S,,,,,ready,,,,6971839386abe4da173b438b9808133d528c88825b432980188277c17e02239a,,
GCSViews/ConfigurationView/ConfigMandatory.cs,16,MissionPlanner.GCSViews.ConfigurationView,MissionPlanner.csproj,T3,hand-port,,,S,,,,,ready,,,,1ed8913502f8ee1d961fbed733f325a1c94ff5134afdeedb7a477bff216279d8,,
GCSViews/ConfigurationView/ConfigMotorTest.Designer.cs,186,MissionPlanner.GCSViews.ConfigurationView,MissionPlanner.csproj,T2,extract,,,S,,,,,ready,,,,85f7c6aae4911e612c9946161c32b73e2777caa85cdbf73772454df99ddd88a9,,
GCSViews/ConfigurationView/ConfigMotorTest.cs,397,MissionPlanner.GCSViews.ConfigurationView,MissionPlanner.csproj,T3,hand-port,mp-gui,,M,behaviour-equivalent,,spec+review,,tested,,,crates/mp-gui/src/config/motor_test.rs;docs/coverage/configuration.md;tests/gui/config-motortest.gui,376b95b31d17647472457fca75de4443f918348c54bcba29a2d7fa7558cd3a26,the 75 layouts from APMotorLayout.json in mp-calibration,the page whole from its .cs and .resx; a script on SITL
GCSViews/ConfigurationView/ConfigMount.cs,481,MissionPlanner.GCSViews.ConfigurationView,MissionPlanner.csproj,T3,hand-port,,,M,,,,,ready,,,,862eee9f4420a406432a59e8ce3d35c430af31bec922f3c879086c104747d0cc,,
GCSViews/ConfigurationView/ConfigMount.designer.cs,1369,MissionPlanner.GCSViews.ConfigurationView,MissionPlanner.csproj,T2,extract,,,L,,,,,ready,,,,2f75b725d8fd35e5bd4c7568e3e6d95795728affc3ef297fb0168300eaf321a4,,
GCSViews/ConfigurationView/ConfigOSD.Designer.cs,136,MissionPlanner.GCSViews.ConfigurationView,MissionPlanner.csproj,T2,extract,mp-gui,,S,behaviour-equivalent,,spec+review,,tested,,,crates/mp-gui/src/config/onboard_osd_ui.rs;tests/gui/config-onboard-osd.gui,51969fdd5e867dcbf2039fb7f369e1eb5e24fb1ec0f56f3b75c1335366360f3f,,"the OSD control docked to fill and panel1 docked right, its five controls at their places"
GCSViews/ConfigurationView/ConfigOSD.cs,524,MissionPlanner.GCSViews.ConfigurationView,MissionPlanner.csproj,T3,hand-port,mp-gui,,M,behaviour-equivalent,,spec+review,,tested,,,crates/mp-gui/src/config/onboard_osd.rs;crates/mp-gui/src/config/onboard_osd_slots.rs;crates/mp-gui/src/config/onboard_osd_ui.rs;tests/gui/config-onboard-osd.gui,b0d780a54d4170046cb116c0eb3ea3372a4881499fca4434218fb22b246c147a,"the C#'s boxes for ""Your are not connected"", ""No Changes to Write!"", ""Write Failed for N params"", ""Error receiving list"" and the slot update's errors go to the status line (the owner's rule on avoidable boxes); the slot names of screens 5 and 6 are fetched without holding the window, the items reading ""(NOT SET)"" until the answers are in; the write's progress dialog runs the writes one at a time as the C#'s loop does","OSDSetting with its original, GetOSDSettings and IsApplicable, Activate over ConfigFactory for screens 1-6, Deactivate's auto write, WriteParameters silent and not, DiscardChanges' question, RefreshParameters' two questions and the fetch, ShowOsdTuningSlotSetupDialog and UpdateOsdTuningSlots over OsdTuningSlotProvider, OsdItemCaptionProvider's captions and digit-point packing; config-onboard-osd.gui passed headless against tests/gui/osd-vehicle.py"
GCSViews/ConfigurationView/ConfigOptional.Designer.cs,55,MissionPlanner.GCSViews.ConfigurationView,MissionPlanner.csproj,T2,extract,,,S,,,,,ready,,,,78f36826fd2ea89f2dc85f49be19e7964082a16383c36bd823045ae29fb76291,,
GCSViews/ConfigurationView/ConfigOptional.cs,16,MissionPlanner.GCSViews.ConfigurationView,MissionPlanner.csproj,T3,hand-port,,,S,,,,,ready,,,,90fe792fa6c63fba7b7f6d906ac43218211f252e1ee8351fb19d61dc3242dd05,,
GCSViews/ConfigurationView/ConfigParamLoading.Designer.cs,79,MissionPlanner.GCSViews.ConfigurationView,MissionPlanner.csproj,T2,extract,,,S,,,,,ready,,,,0c11784cd030a9e1171aabe01aa58888f73c5d9aa74d898c716f552c36e1124b,,
GCSViews/ConfigurationView/ConfigParamLoading.cs,55,MissionPlanner.GCSViews.ConfigurationView,MissionPlanner.csproj,T3,hand-port,mp-gui,,S,behaviour-equivalent,,spec+review,,tested,,,crates/mp-gui/src/setup.rs;docs/coverage/configuration.md;tests/gui/setup-list.gui,078c6b56cda5670c89ed75a004aa512059c87a5d45722a8b0f97be29d3f7f7da,none beyond the page: every wiring handled,the page whole from its .cs and .resx; a script on SITL
GCSViews/ConfigurationView/ConfigPlanner.Designer.cs,1098,MissionPlanner.GCSViews.ConfigurationView,MissionPlanner.csproj,T2,extract,,,L,,,,,ready,,,,64cb9891227ce85e54509009375c3e38001027f08afa7f2b85d65e03f8a271e6,,
GCSViews/ConfigurationView/ConfigPlanner.cs,1193,MissionPlanner.GCSViews.ConfigurationView,MissionPlanner.csproj,T3,hand-port,,,L,,,,,ready,,,,ca5216d02d78f0f4b61ce9c7c052340aefb86d311289963ace87000c4e753aa9,,
GCSViews/ConfigurationView/ConfigPlannerAdv.Designer.cs,120,MissionPlanner.GCSViews.ConfigurationView,MissionPlanner.csproj,T2,extract,,,S,,,,,dropped,,,,0cfe427a443066af9dfa39a1185692129a2cf8b98c9d70485fde2bb94e10cb99,,no callers in the C# tree as of efb0801 (D16): no other file names its types (comments aside); declares ConfigPlannerAdv
GCSViews/ConfigurationView/ConfigPlannerAdv.cs,29,MissionPlanner.GCSViews.ConfigurationView,MissionPlanner.csproj,T3,hand-port,,,S,,,,,dropped,,,,3e7db7659bd08007eea09c3c0bccd4cd6218b9c60c715e6b817fe08e0debcd3b,,no callers in the C# tree as of efb0801 (D16): no other file names its types (comments aside); declares ConfigPlannerAdv
GCSViews/ConfigurationView/ConfigREPL.Designer.cs,78,MissionPlanner.GCSViews.ConfigurationView,MissionPlanner.csproj,T2,extract,,,S,,,,,dropped,,,,a0b217f09907303eb66d479788b19ed5b19ef8dda3c31f50d6f3830d108ca5d3,,"out of scope, owner's ruling §12 D13 (2026-09-25): the Python REPL (ConfigREPL; ExtLibs/ArduPilot/AP_REPL.cs is its link, used by nothing else)"
GCSViews/ConfigurationView/ConfigREPL.cs,233,MissionPlanner.GCSViews.ConfigurationView,MissionPlanner.csproj,T3,hand-port,,,M,,,,,dropped,,,,3ab6eedbd74a9099c4307a0d9c4ea9e90118ecf24f1e8c474a8befe0d07d391d,,"out of scope, owner's ruling §12 D13 (2026-09-25): the Python REPL (ConfigREPL; ExtLibs/ArduPilot/AP_REPL.cs is its link, used by nothing else)"
GCSViews/ConfigurationView/ConfigRadioInput.Designer.cs,517,MissionPlanner.GCSViews.ConfigurationView,MissionPlanner.csproj,T2,extract,,,M,,,,,ready,,,,7a7d21436c335772e4763d87243fa7b1b3f207bb8d069d87a19a4710e467ade5,,
GCSViews/ConfigurationView/ConfigRadioInput.cs,509,MissionPlanner.GCSViews.ConfigurationView,MissionPlanner.csproj,T3,hand-port,mp-gui,,M,behaviour-equivalent,,spec+review,,tested,,,crates/mp-gui/src/config/radio.rs;docs/coverage/configuration.md;tests/gui/config-radio.gui,9afefeb7c67b2a1726f013e1739daed1e012a1fdcec36216ce7e1767d353564e,"SITL inputs are static, so the script proves the conversation and that nothing is written; config-radio.gui awaits a clean run",the page whole from its .cs and .resx; a script on SITL
GCSViews/ConfigurationView/ConfigRadioOutput.Designer.cs,190,MissionPlanner.GCSViews.ConfigurationView,MissionPlanner.csproj,T2,extract,,,S,,,,,ready,,,,2832924ee6c9f89aff2a24cc6264a672ed797b549ab3b89f2ae624d7acf37feb,,
GCSViews/ConfigurationView/ConfigRadioOutput.cs,93,MissionPlanner.GCSViews.ConfigurationView,MissionPlanner.csproj,T3,hand-port,mp-gui,,S,behaviour-equivalent,,spec+review,,tested,,,crates/mp-gui/src/config/servo_output.rs;docs/coverage/configuration.md;tests/gui/config-servo.gui,fcc141f078950968a37e899e85274f4b364d859720fb8024b946e3cd0e7febac,the 300 ms timer restarted by the FailSafe port where the C# starts it only when not running (noted),the page whole from its .cs and .resx; a script on SITL
GCSViews/ConfigurationView/ConfigRawParams.Designer.cs,388,MissionPlanner.GCSViews.ConfigurationView,MissionPlanner.csproj,T2,extract,,,M,,,,,ready,,,,942061591e81a94d5dbffc057096a835b36eb9026c9d8b7354a0f3ec3917471a,,
GCSViews/ConfigurationView/ConfigRawParams.cs,1362,MissionPlanner.GCSViews.ConfigurationView,MissionPlanner.csproj,T3,hand-port,,,L,,,,,ready,,,,a0ddc8f4b3185c71d718ee9ec17167dd4e78df8b8d7a640f4699da0f17abd007,,
GCSViews/ConfigurationView/ConfigSecure.Designer.cs,259,MissionPlanner.GCSViews.ConfigurationView,MissionPlanner.csproj,T2,extract,,,M,,,,,dropped,,,,d36aaf15d749f190d17875975ed92b51ce166b78c47156f9b33127af69c53341,,no callers in the C# tree as of efb0801 (D16): no other file names its types (comments aside); declares ConfigSecure
GCSViews/ConfigurationView/ConfigSecure.cs,333,MissionPlanner.GCSViews.ConfigurationView,MissionPlanner.csproj,T3,hand-port,,,M,,,,,dropped,,,,4e4d376ddbe7a1b34ed4193f60532786a56aa6a0bdf9e55eaec4e59d9eda3f73,,no callers in the C# tree as of efb0801 (D16): no other file names its types (comments aside); declares ConfigSecure
GCSViews/ConfigurationView/ConfigSecureAP.Designer.cs,176,MissionPlanner.GCSViews.ConfigurationView,MissionPlanner.csproj,T2,extract,,,S,,,,,ready,,,,359acb1e82bda3b81f329857778156a3f564ce5a19bc3d4e2964c9c9ebfdca31,,
GCSViews/ConfigurationView/ConfigSecureAP.cs,113,MissionPlanner.GCSViews.ConfigurationView,MissionPlanner.csproj,T3,hand-port,,,S,,,,,ready,,,,f05248267bd87e2b1543fd33e9c1472760398e52d4e249e2dd3fd6dee6f10327,,
GCSViews/ConfigurationView/ConfigSerial.Designer.cs,131,MissionPlanner.GCSViews.ConfigurationView,MissionPlanner.csproj,T2,extract,,,S,,,,,ready,,,,733db1a84404f95a020d7c1e2c20d9a6fab0cfbd57445ae85f4b1eeaf1a38d70,,
GCSViews/ConfigurationView/ConfigSerial.cs,515,MissionPlanner.GCSViews.ConfigurationView,MissionPlanner.csproj,T3,hand-port,mp-gui,,M,behaviour-equivalent,,spec+review,,tested,,,crates/mp-gui/src/config/serial_ports.rs;docs/coverage/configuration.md;tests/gui/config-serial.gui,10ece8eefd1ec2e693c79e030d382ad0837b69aed11450a18daee9f87ea93e14,the C# crash on a null uarts.txt stream replaced by the empty table,the page whole from its .cs and .resx; a script on SITL
GCSViews/ConfigurationView/ConfigSerialInjectGPS.Designer.cs,864,MissionPlanner.GCSViews.ConfigurationView,MissionPlanner.csproj,T2,extract,,,L,,,,,ready,,,,18c3e25b23c38324056ab1cb479b6db5706684bd2ec176208586671601719d6f,,
GCSViews/ConfigurationView/ConfigSerialInjectGPS.cs,1626,MissionPlanner.GCSViews.ConfigurationView,MissionPlanner.csproj,T3,hand-port,mp-gui,,XL,behaviour-equivalent,,spec+review,,ported,,,crates/mp-gui/src/config/rtk_inject.rs;tests/gui/config-rtk.gui;tests/gui/rtk-caster.py,b56d343a2afa8cab38b47f84ba0d15fb3e2db25db15143126e89673ba2f16b40,"DroneCAN over SLCAN, the Windows named pipe; the port opened on its own thread, the baud box enabled for any serial port, Septentrio wait 1 s (divergences); config-rtk.gui awaits a clean run","all 24 wirings; the injection as InjectGpsData fragments it, byte for byte against hand-worked values"
GCSViews/ConfigurationView/ConfigSimplePids.Designer.cs,66,MissionPlanner.GCSViews.ConfigurationView,MissionPlanner.csproj,T2,extract,,,S,,,,,ready,,,,cdffb698750a79835a95459c00f14fd09a82933ba7dd6c1994469ff5852c409d,,
GCSViews/ConfigurationView/ConfigSimplePids.cs,241,MissionPlanner.GCSViews.ConfigurationView,MissionPlanner.csproj,T3,hand-port,,,M,,,,,ready,,,,0219e5aa2f6900289bc7043be9e67151ea82c45af28aa55618e72f1a36d2610c,,
GCSViews/ConfigurationView/ConfigTerminal.Designer.cs,146,MissionPlanner.GCSViews.ConfigurationView,MissionPlanner.csproj,T2,extract,,,S,,,,,dropped,,,,5505823cc1be3f83745e0bdde77b750a2ac704e53182f16d76a357f6274544c7,,"out of scope, owner's ruling §12 D13 (2026-09-25): Terminal (ConfigTerminal; Utilities/SSHTerminal.cs is its SSH mode, used by nothing else)"
GCSViews/ConfigurationView/ConfigTerminal.cs,780,MissionPlanner.GCSViews.ConfigurationView,MissionPlanner.csproj,T3,hand-port,,,L,,,,,dropped,,,,b5ec352cdbaad4016ea0ab0ff1d0baab1e5c256298945ad2595b556b92df7803,,"out of scope, owner's ruling §12 D13 (2026-09-25): Terminal (ConfigTerminal; Utilities/SSHTerminal.cs is its SSH mode, used by nothing else)"
GCSViews/ConfigurationView/ConfigTradHeli.Designer.cs,1596,MissionPlanner.GCSViews.ConfigurationView,MissionPlanner.csproj,T2,extract,,,XL,,,,,dropped,,,,70a78c324ab4e71801187ec6e0bd8496a39c2d9bbffeb30446e2af22ea9ac8fe,,no callers in the C# tree as of efb0801 (D16): no other file names its types (comments aside); declares ConfigTradHeli
GCSViews/ConfigurationView/ConfigTradHeli.cs,605,MissionPlanner.GCSViews.ConfigurationView,MissionPlanner.csproj,T3,hand-port,,,L,,,,,dropped,,,,414f72123bd0b9979fe824cd4b23acf00f26a75d0663141718a74ba0b437a96d,,no callers in the C# tree as of efb0801 (D16): no other file names its types (comments aside); declares ConfigTradHeli
GCSViews/ConfigurationView/ConfigTradHeli4.Designer.cs,1068,MissionPlanner.GCSViews.ConfigurationView,MissionPlanner.csproj,T2,extract,,,L,,,,,ready,,,,730cee46dbb9c2270bafc1ac9ed23464506abd3b3db70a994a8b2cf70abcf8fc,,
GCSViews/ConfigurationView/ConfigTradHeli4.cs,195,MissionPlanner.GCSViews.ConfigurationView,MissionPlanner.csproj,T3,hand-port,,,S,,,,,ready,,,,baf027fecbd973aac0848fa373c07f983ab65a1f6406fe3795c32afa1353ce89,,
GCSViews/ConfigurationView/ConfigUserDefined.Designer.cs,63,MissionPlanner.GCSViews.ConfigurationView,MissionPlanner.csproj,T2,extract,,,S,,,,,ready,,,,36f7e72fd48f65f23b551e20671566c3936f474056d98196b4c44e0b619b3ef6,,
GCSViews/ConfigurationView/ConfigUserDefined.cs,98,MissionPlanner.GCSViews.ConfigurationView,MissionPlanner.csproj,T3,hand-port,,,S,,,,,ready,,,,c57b554819de6f5fdb1d4dffdedf7e47cb501c5acb7fc642bde00e1db15a8b0c,,
GCSViews/ConfigurationView/DeviceInfo.cs,51,MissionPlanner.GCSViews.ConfigurationView,MissionPlanner.csproj,T3,hand-port,,,S,,,,,ready,,,,136047dd6594e46650ab455b54b5fbfd95ca4ee97b1a597a3a8d946753af29a0,,
GCSViews/ConfigurationView/DroneCANModel.cs,19,MissionPlanner.GCSViews.ConfigurationView,MissionPlanner.csproj,T3,hand-port,mp-gui,,S,behaviour-equivalent,,spec+review,,tested,,,crates/mp-gui/src/config/dronecan.rs,815eac5d07c9d3e2acc08723906eb050c814c36a321dee6c4cdeb14050021d76,,the node grid's row
GCSViews/ConfigurationView/uitype.cs,9,MissionPlanner.GCSViews.ConfigurationView,MissionPlanner.csproj,T3,hand-port,,,S,,,,,ready,,,,78763fee02c9c29c438f591d22c39149043c243cc31f0a00e614fc611713448e,,
GCSViews/FlightData.Designer.cs,3215,MissionPlanner.GCSViews,MissionPlanner.csproj,T2,extract,,,XL,,,,,ready,,,,64206278dd4509856683a5b4f2b8dbf0dd39d2347044dc2b8320d2d67e4bb087,,
GCSViews/FlightData.cs,6756,MissionPlanner.GCSViews,MissionPlanner.csproj,T3,hand-port,mp-gui,,XL,behaviour-equivalent,,spec+review,,tested,,,crates/mp-gui/src/fly.rs;crates/mp-gui/src/coverage.rs;docs/coverage/flightdata.md;tests/gui/fly-actionsgrid.gui;tests/gui/fly-tabs.gui;tests/gui/fly-sethome.gui,0fc3ab97d0e3a877d9d13411a7b05c65e7021bd35ddcc1c1a0b47096a8650ec5,"19 of 136 wirings: video and the video entries, the scripts tab, Raw Sensor View, Set Aspect Ratio (owner), the pop-out on the HUD double-click and undock (dropped, single window); the rest recorded at WHY_MISSING in coverage.rs","96 done, 1 elsewhere, 18 plumbing, 2 dropped; every handler cited by line; 31 fly-*.gui scripts"
GCSViews/FlightPlanner.Designer.cs,1753,MissionPlanner.GCSViews,MissionPlanner.csproj,T2,extract,,,XL,,,,,ready,,,,da0adfcc97a5d22ebed1f31e19a0f0f12acba46ce69c7cda356e1eff65a33754,,
GCSViews/FlightPlanner.cs,8576,MissionPlanner.GCSViews,MissionPlanner.csproj,T3,hand-port,mp-gui,,XL,behaviour-equivalent,,oracle,,tested,,,crates/mp-gui/src/plan.rs;crates/mp-gui/src/planner_coverage.rs;docs/coverage/flightplanner.md;tools/csharp-reference/PlannerOracle.cs;testdata/planner;tests/gui/plan-menu.gui;tests/gui/plan-home.gui,334ea7269aa92c83588a56f27ed3bbd8feb59c0beb4034e41bbbb7f894bc02ff,"14 of 121 wirings: Write Fast, the MAVFTP box, Grid, the coordinate system, the panel collapse, Switch Docking, Prefetch and Prefetch WP Path (PLAN 13.5 row 58); Rotate Map, Geo-Fence Upload/Download on FENCE_POINT, View KML, Inject Custom Map, GDAL Opacity (owner)","95 done, 12 plumbing; circles, offset, .ral/.poly, area and the SHP reprojection held to the handlers under mono; 50 plan-*.gui scripts"
GCSViews/Help.Designer.cs,98,MissionPlanner.GCSViews,MissionPlanner.csproj,T2,extract,mp-gui,,S,behaviour-equivalent,,spec+review,,tested,,,crates/mp-gui/src/help.rs;tests/gui/help.gui,b59d11522109adcf552a41a9057e41ba4fb72814043ff032d3803d9c490a77a6,,"the .resx's positions and sizes, the anchors kept: the text box stretches, the buttons, check box and link hold to the bottom"
GCSViews/Help.cs,84,MissionPlanner.GCSViews,MissionPlanner.csproj,T3,hand-port,mp-gui,,S,behaviour-equivalent,,spec+review,,tested,,,crates/mp-gui/src/help.rs;tests/gui/help.gui,5bb132eb90e0d682b4a6e28c3743807b0fb502b0e436249676d792a01b63a3bc,"WindowsStoreApp (never this program); the console window itself (Windows, allocated at the next start by MainV2.cs:821) - the setting is written","Activate, BUT_updatecheck, CHK_showconsole, the help text (Resources.help_text as its words), the Change Log link (Process.Start), BUT_betaupdate with Control for master"
GCSViews/InitialSetup.Designer.cs,296,MissionPlanner.GCSViews,MissionPlanner.csproj,T2,extract,,,M,,,,,ready,,,,61133896d6a3463c21fdfa80e796cb0b4cc7734abdf31bf9f0af433ccc570e5f,,
GCSViews/InitialSetup.cs,404,MissionPlanner.GCSViews,MissionPlanner.csproj,T3,hand-port,mp-gui,,M,behaviour-equivalent,,spec+review,,tested,,,crates/mp-gui/src/setup.rs;tests/gui/setup-list.gui,ae14d08fce2a71a805f0dc4a27ea58f630649f4022a0ffbbfdcfc078681010ef,"the WinForms BackstageView chrome itself; pages not yet ported say so under their C# title (24 missing, 20 partial in docs/coverage/configuration.md)","all 47 AddBackstageViewPage calls as SETUP_LIST with their conditions, checked as text against the ifs around each call"
GCSViews/SITL.Designer.cs,412,MissionPlanner.GCSViews,MissionPlanner.csproj,T2,extract,,,M,,,,,ready,,,,4dc59bebd9c45b9ab54560d655863ce6c878366d7d990adf9030caad2dfbc6ea,,
GCSViews/SITL.cs,1147,MissionPlanner.GCSViews,MissionPlanner.csproj,T3,hand-port,mp-gui,,L,behaviour-equivalent,,spec+review,,tested,,,crates/mp-gui/src/sitl/mod.rs;crates/mp-gui/src/sitl/model.rs;crates/mp-gui/src/sitl/launcher.rs;crates/mp-gui/src/sitl/wasm.rs;crates/mp-gui/src/sitl/view.rs;tests/gui/sitl.gui,570376bb546798d64264aa6967c77e5acaadfc113df5719d0417d9cd9ba14536,"the three Multilink swarms and Ctrl+D (one link per vehicle, MainV2.Comports, not ported: dimmed); SITLSEND/rcinput on UDP 5501; the pictures' bitmaps; the ARM path's ""SITL: "" console echo; macOS has no build (owner D14: WebAssembly SITL when ArduPilot publishes one, a note until then)","the page from its .cs, .Designer.cs and .resx; Cygwin launcher (Windows), manifest launcher (Linux x64/ARM), NotAvailable with the WebAssembly probe over the firmware manifest; failures on the status line (owner 2026-09-25); unit tests against a stub web and a stub launcher; sitl.gui written, awaits a run; no real launch recorded yet"
GCSViews/SoftwareConfig.Designer.cs,58,MissionPlanner.GCSViews,MissionPlanner.csproj,T2,extract,,,S,,,,,ready,,,,40ba9d927c895db2b1b775561c061f59a4be807b949176c53a0b6ba2f3862e53,,
GCSViews/SoftwareConfig.cs,330,MissionPlanner.GCSViews,MissionPlanner.csproj,T3,hand-port,mp-gui,,M,behaviour-equivalent,,spec+review,,tested,,,crates/mp-gui/src/setup.rs;tests/gui/setup-list.gui,2211c39f2ae161801e4f7feaa37e40b503aa884da0647528b8973858446647bc,the 8 CONFIG pages not yet ported say so under their C# title,all 20 AddBackstageViewPage calls as CONFIG_LIST with their conditions; the last page remembered
GeoRef/Georefimage.Designer.cs,520,MissionPlanner.GeoRef,MissionPlanner.csproj,T2,extract,,,M,,,,,ready,,,,c6a3432e91e310afcdb81934e6f944b51f47677fff3b7230e476ad70dfc6cec0,,
GeoRef/georefimage.cs,392,MissionPlanner.GeoRef,MissionPlanner.csproj,T3,hand-port,mp-georef,,M,bit-exact,,oracle,,tested,,,crates/mp-georef/src/georef.rs;crates/mp-georef/tests/oracle.rs;tools/csharp-reference/GeorefOracle.cs;testdata/georef;crates/mp-gui/src/georef_ui.rs,9c3c6acd6d66eeed90ddadd00d7a7c6d300feb040a11a6ed11a62938fd8c8e80,"the built-in KML web server (Location Kml dimmed), thumbnails, TIFF geotagging, the picture box; local time as UTC; fly-georef.gui awaits a clean run",every output file and EXIF byte for byte to the C# classes under mono over 14 cases
GlobalSuppressions.cs,5,,MissionPlanner.csproj,T3,hand-port,,,S,,,,,dropped,,,,acec4fd40e0610e413bead83d1773d48113387eb7438e3788737dbd0c080d91f,,"declares nothing: the file holds no type, member or attribute, only whitespace, comments or an empty namespace"
Grid/GridData.cs,67,MissionPlanner.Grid,MissionPlanner.csproj,T3,hand-port,,,S,,,,,ready,,,,5888b8c299a6061d3fbda6f4e1194e666323bf755fa1cf053ecee0e6a123eb37,,
Grid/GridPlugin.cs,69,MissionPlanner.Grid,MissionPlanner.csproj,T3,hand-port,,,S,,,,,ready,,,,3397ff5eda9f47ea726920092df760228733f3b710b2c8c9adfbd8cb598d9e4c,,
Grid/GridUI.Designer.cs,1666,MissionPlanner.Grid,MissionPlanner.csproj,T2,extract,,,XL,,,,,ready,,,,231d3d9f61150c6f6c9089be19f96be06c684c06f01e62051e3e36b0765d6281,,
Grid/GridUI.cs,1937,MissionPlanner.Grid,MissionPlanner.csproj,T3,hand-port,mp-mission,,XL,bit-exact,,oracle,,tested,,,crates/mp-mission/src/gridui.rs;crates/mp-mission/src/dotnet.rs;crates/mp-mission/src/cameras.rs;crates/mp-gui/src/survey_ui.rs;crates/mp-mission/tests/gridui_vectors.rs;tools/csharp-reference/MpGridUi.cs;testdata/grid/golden/accept;tests/gui/plan-survey.gui,dc383156032b14f152236bbfb5d7f827ad9c6d86bcd14e4a728b7bc3f460cd17,"TRK_zoom, corner dragging on the dialog map, camera footprints, the feet branch, a custom camera name, Load Sample Photo, Save camera, Ctrl-S/Ctrl-O .grid files","Accept held to GridUI's own code statement for statement under mono: 40 cases, 5,656 Accept calls, every control, Stats label and item bit for bit"
Grid/camerainfo.cs,11,MissionPlanner.Grid,MissionPlanner.csproj,T3,hand-port,,,S,,,,,ready,,,,51e7c38aea4d8e839224def3b072ea409982c1dcbcee061d17d561f8bdcb82ee,,
Joystick/Joy_Button_axis.Designer.cs,127,MissionPlanner.Joystick,MissionPlanner.csproj,T2,extract,,,S,,,,,ready,,,,c10e77618cda2fdab50e4ca86d669c2f7f47bf60d5fb7dd2277a7042a63d8ca6,,
Joystick/Joy_Button_axis.cs,39,MissionPlanner.Joystick,MissionPlanner.csproj,T3,hand-port,,,S,,,,,ready,,,,70e8f481a249c91186581d7c91ee69f79aa3a6e6c2b6898e7b4f6774e0ceb6e0,,
Joystick/Joy_ChangeMode.Designer.cs,58,MissionPlanner.Joystick,MissionPlanner.csproj,T2,extract,,,S,,,,,ready,,,,ddbf5fb8ecc76439db3a299a22903ed6d569a7b89d1fdddc0920d0114fcd231f,,
Joystick/Joy_ChangeMode.cs,42,MissionPlanner.Joystick,MissionPlanner.csproj,T3,hand-port,,,S,,,,,ready,,,,718f1b4cff005425e1a40b993f30d28237f0ce60a88816fefc0409d340ffa1a3,,
Joystick/Joy_Do_Repeat_Relay.Designer.cs,127,MissionPlanner.Joystick,MissionPlanner.csproj,T2,extract,,,S,,,,,ready,,,,1e15bf022f90881cd777286a9427d37c17e07a3d5932ec722c7b67428f61fdd3,,
Joystick/Joy_Do_Repeat_Relay.cs,33,MissionPlanner.Joystick,MissionPlanner.csproj,T3,hand-port,,,S,,,,,ready,,,,f17055ece2fdbd56158fd2a5686b45246f4be1683e53640d2e8c5d0d35ebfef4,,
Joystick/Joy_Do_Repeat_Servo.Designer.cs,162,MissionPlanner.Joystick,MissionPlanner.csproj,T2,extract,,,S,,,,,ready,,,,2a924233e29acfb5ab9576b9a8653de93ab49f1247e105b702fda86b17440928,,
Joystick/Joy_Do_Repeat_Servo.cs,35,MissionPlanner.Joystick,MissionPlanner.csproj,T3,hand-port,,,S,,,,,ready,,,,d858ea1341a70b0a3ef66c12616fb8535b05eef1b19740f94de81ef073901c04,,
Joystick/Joy_Do_Set_Relay.Designer.cs,77,MissionPlanner.Joystick,MissionPlanner.csproj,T2,extract,,,S,,,,,ready,,,,2103f7be6d7f295173245600b7a9c7b2a5e1497768ad8a56472bd04810b45edf,,
Joystick/Joy_Do_Set_Relay.cs,29,MissionPlanner.Joystick,MissionPlanner.csproj,T3,hand-port,,,S,,,,,ready,,,,9e173ee885c126f3bd10b7d558140f47eed99d191ad283a43f01c5eb7224c19e,,
Joystick/Joy_Do_Set_Servo.Designer.cs,112,MissionPlanner.Joystick,MissionPlanner.csproj,T2,extract,,,S,,,,,ready,,,,6eebde850bcd6d1138c5f80cc2f7859d46711f71246ae12db683d64bd835a57c,,
Joystick/Joy_Do_Set_Servo.cs,39,MissionPlanner.Joystick,MissionPlanner.csproj,T3,hand-port,,,S,,,,,ready,,,,9a6869613916494509b572f46955890d2b82c81dcaaba7b493fd35e2a49a2ecb,,
Joystick/Joy_Mount_Mode.Designer.cs,71,MissionPlanner.Joystick,MissionPlanner.csproj,T2,extract,,,S,,,,,ready,,,,d5fd22acbcb72abe856320c93c36464556f3b89462b0625a638bb35e135ade60,,
Joystick/Joy_Mount_Mode.cs,53,MissionPlanner.Joystick,MissionPlanner.csproj,T3,hand-port,,,S,,,,,ready,,,,e92155d592c8c8d5f0a7d0f202532e38e9b6356fe58d3cd50a6965aa522d7bb0,,
Joystick/JoystickAxis.cs,224,MissionPlanner.Joystick,MissionPlanner.csproj,T3,hand-port,,,M,,,,,ready,,,,734d975bfa565954730c6c0e93626ab73ab70b03a04c931e77dfd60ae68137ed,,
Joystick/JoystickSetup.Designer.cs,181,MissionPlanner.Joystick,MissionPlanner.csproj,T2,extract,,,S,,,,,ready,,,,94814775de8177db65bfdfef5e8d73fbe9448664b328627feaa38bc0f2419290,,
Joystick/JoystickSetup.cs,568,MissionPlanner.Joystick,MissionPlanner.csproj,T3,hand-port,,,M,,,,,ready,,,,f9def59355e5179f2724dfbc2dae8ae7e75521a45169a5d7f23ac2472f8af3a6,,
L10N.cs,26,MissionPlanner,MissionPlanner.csproj,T3,hand-port,,,S,,,,,ready,,,,16151731175b026800d29906b0c222ba005491ce4397b6c94e364462d8d7575a,,
Log/LogBrowse.cs,3919,MissionPlanner.Log,MissionPlanner.csproj,T3,hand-port,mp-gui,,XL,behaviour-equivalent,,spec+review,,tested,,,crates/mp-gui/src/logbrowse.rs;crates/mp-gui/src/logbrowse/coverage.rs;docs/coverage/logbrowse.md;tests/gui/log-browse.gui;tests/gui/log-cursor.gui,00e2c9a7a5613503820aef30288719d16f3455153d1336124747b6476a3d9e58,"treeView1_TreeNodeMouseHover (descriptions from LogMessages.xml.xz off the network); dropped: myGMAP1_OnRouteClick, BUT_removeitem, Copy, Save Image As; divergences at the sites (Show Params read-only, the grid double-click by record, export dialogs typed)","28 of 37 designer wirings, 6 plumbing, 2 dropped; 10 of 15 beyond the designer; 8 log-*.gui scripts"
Log/LogBrowse.designer.cs,466,MissionPlanner.Log,MissionPlanner.csproj,T2,extract,,,M,,,,,ready,,,,ee4d10f890de6eee44267361f0a49de8cae13b93754e5b532089145c16b87d42,,
Log/LogDownload.Designer.cs,146,MissionPlanner.Log,MissionPlanner.csproj,T2,extract,,,S,,,,,ready,,,,e9b075cb88b39fc3339e13877fa6280442caf3fe48a9fa292a8bbc37d6921702,,
Log/LogDownload.cs,662,MissionPlanner.Log,MissionPlanner.csproj,T3,hand-port,,,L,,,,,ready,,,,d0181e487b219daf5d93536cc80629a2a80019b2a47ae3291a14c9da8793cd32,,
Log/LogDownloadMavLink.Designer.cs,212,MissionPlanner.Log,MissionPlanner.csproj,T2,extract,,,M,,,,,ready,,,,6556246c042169aa3bb7455f5cdfd91933b233f5e9d65bd6d0e8aa3180ac16cd,,
Log/LogDownloadMavLink.cs,602,MissionPlanner.Log,MissionPlanner.csproj,T3,hand-port,mp-gui,,L,behaviour-equivalent,,spec+review,,ported,,,crates/mp-gui/src/logdownload.rs;tests/gui/fly-dataflash.gui,7ccd27a8cadf74d45835fc4d20c4227d7311469cbd4b77d6cffbbb5ce28d0f0b,Clear Logs needs LOG_ERASE; the conversions after download are the page's buttons,the Log Downloader window from the DataFlash Logs page
Log/LogDownloadscp.Designer.cs,212,MissionPlanner.Log,MissionPlanner.csproj,T2,extract,,,M,,,,,ready,,,,580c7b5d4558cbf2b1b8b8dd75c1cc8e163ee64b41a90dfbad4f01b5527d1d80,,
Log/LogDownloadscp.cs,614,MissionPlanner.Log,MissionPlanner.csproj,T3,hand-port,,,L,,,,,ready,,,,5b902eac4e432bdeadaf302fdfd077f923e2a14bc761b4a668f9fd2e7d04b50f,,
Log/LogIndex.Designer.cs,256,MissionPlanner.Log,MissionPlanner.csproj,T2,extract,,,M,,,,,ready,,,,a19e6c4a905f4693eae21451dc5f2dc48ade386b571462efbec902731579453b,,
Log/LogIndex.cs,446,MissionPlanner.Log,MissionPlanner.csproj,T3,hand-port,,,M,,,,,ready,,,,581fd8aeddfd6c963f549fd96774af146da86528b986ec50cb41161e2b48d038,,
Log/LogStrings.Designer.cs,207,MissionPlanner.Log,MissionPlanner.csproj,T1,regenerate,,,M,,,,,ready,,,,fa366c49044f3d4a39aa29851914ed29f15790355ec7f88397a0ae786a1dd2cb,,
Log/LogStrings.cs,8,MissionPlanner.Log,MissionPlanner.csproj,T3,hand-port,,,S,,,,,ready,,,,3adf7510abc10f140575dfb5f276bc530520b1d12c5f3374d1d1240f141588b7,,
Log/MatLabForms.cs,75,MissionPlanner.Log,MissionPlanner.csproj,T3,hand-port,,,S,,,,,ready,,,,5df54eaa465a32ddd950ca26a9eecb63e392c3f5dedca2b0442a7f158ebc2ecf,,
Log/MavlinkLog.Designer.cs,180,MissionPlanner.Log,MissionPlanner.csproj,T2,extract,,,S,,,,,ready,,,,9444f642093e173f01da7dc0aee671f01f36fb26edeae87840afa8378ed51ec6,,
Log/MavlinkLog.cs,1519,MissionPlanner.Log,MissionPlanner.csproj,T3,hand-port,,,XL,,,,,ready,,,,91f7d40d185d2a65c83e3722e17c3f9afd504ea57ce6380e97a9819966db6674,,
Log/MavlinkLogBase.cs,447,MissionPlanner.Log,MissionPlanner.csproj,T3,hand-port,,,M,,,,,ready,,,,031f3a231ac4449fbe95c31ee2c979b4b4316c5dcdef248e4015e38c18fff363,,
MagCalib.cs,1528,MissionPlanner,MissionPlanner.csproj,T3,hand-port,mp-calibration,,XL,tolerance-bounded,cold,golden,,tested,,,crates/mp-calibration/src/magcalib.rs;crates/mp-calibration/tests/magcal_vectors.rs;crates/mp-cli/src/magcal.rs;crates/mp-cli/tests/magcal_verb.rs;testdata/magcal,2c860332dcd4a4f03f0834e944e6481a5d048315f2b854a74511a7322f0d70bc,"DoGUIMagCalib's dialog and loop (the three OpenGL spheres, the sphere-coverage test and hittarget, GetColour, the bad-raw-values sign check, the Live Calibration button); SaveOffsets' link half (COMPASS_LEARN 0, SetSensorOffsets, setParam, GetParam) - its parameter names and boxes are ported, the writes wait for the compass page; ProcessLog's file dialog; doDXF's magoffset.dxf (netDxf not ported); sphere_scale_error and test() (never called)","class D (PLAN.md 7.2): alglib's minlmcreatev replaced by levenberg-marquardt 0.15 on alglib's own central-difference Jacobian, diffstep 0.1, epsx 0 and maxits 100 kept; the dataflash.bin fixture's residual equals an independent reference sphere fit, synthetic offsets and scale recovered to 1%; the C#'s ellipsoid ignores its offsets (:1444) and is ported as written; headless-planner magcal is ProcessLog"
MainV2.Designer.cs,267,MissionPlanner,MissionPlanner.csproj,T2,extract,,,M,,,,,ready,,,,b4a6c915161672c30680f797d04697100c8240c5f875519bcd3ae82ac60f76d3,,
MainV2.cs,4826,MissionPlanner,MissionPlanner.csproj,T3,hand-port,,,XL,,,,,ready,,,,55b9150b740279c7e81cb3b928b7bfef8d3ba8d2268d02448461cb02466c86dc,,
MissionPlannerTests/GCSViews/FlightPlannerTests.cs,26,MissionPlanner.GCSViews.Tests,MissionPlannerTests/MissionPlannerTests.csproj,T3,hand-port,,,S,,,,,ready,,,,9f48d1aaf7b39b60d21f7cb562e869057e0270dcfe80187109c54fca1ffb1490,,
MissionPlannerTests/Linked/DownloadTests.cs,41,MissionPlanner.Utilities.Tests,MissionPlannerTests/MissionPlannerTests.csproj,T3,hand-port,,,S,,,,,ready,,,,8829ddfc75233699b31fbb615f3fa703331b8709b541cd8109e4f38173c1e898,,
MissionPlannerTests/Properties/AssemblyInfo.cs,36,,MissionPlannerTests/MissionPlannerTests.csproj,T3,hand-port,,,S,,,,,ready,,,,d598e69314bd01b4038f76c3130201df0619281d23c776be68b7f44efac08778,,
MissionPlannerTests/Utilities/BoardDetectTests.cs,265,MissionPlanner.Utilities.Tests,MissionPlannerTests/MissionPlannerTests.csproj,T3,hand-port,,,M,,,,,ready,,,,370b29b3eaa133d84a2c4e0ac0b8af3a3182223096b7784da338176fa73d1f8f,,
MissionPlannerTests/Utilities/FirmwareTests.cs,25,MissionPlanner.Utilities.Tests,MissionPlannerTests/MissionPlannerTests.csproj,T3,hand-port,,,S,,,,,ready,,,,8d457eddfbdb2c3347bb3e3a2938aa9961c51172a8126afac13a601e66205442,,
MissionPlannerTests/Utilities/GitHubContentTests.cs,35,MissionPlanner.Utilities.Tests,MissionPlannerTests/MissionPlannerTests.csproj,T3,hand-port,,,S,,,,,ready,,,,dc7e23ed1568b5293292d0bc5c799250558fa259ff4965876a56955cf11b0a87,,
MissionPlannerTests/httpclient.cs,35,MissionPlannerTests,MissionPlannerTests/MissionPlannerTests.csproj,T3,hand-port,,,S,,,,,ready,,,,aef184ca18223f7f2c2cd86d469d70c1b6f6cb78563840ed53f30f301af523c0,,
NativeMethods.cs,54,MissionPlanner,MissionPlanner.csproj,T3,hand-port,,,S,,,,,ready,,,,fc116b2240f11f600446a9c9899dde79d09976ad3e40e2006eef76c37b004a8d,,
NoFly/NoFly.cs,319,MissionPlanner.NoFly,MissionPlanner.csproj,T3,hand-port,,,M,,,,,ready,,,,2c27fd5ab5bfe880ffe6a1c649a0c78f7c4c34574d4ecfb71569218a069c3398,,
Plugin/Plugin.cs,250,MissionPlanner.Plugin,MissionPlanner.csproj,T3,hand-port,,,M,,,,,ready,,,,9af3c947b1a3015353c9dffa34d75a89e3038f6b09591ae3a47b42aaaf62f04d,,
Plugin/PluginLoader.cs,341,MissionPlanner.Plugin,MissionPlanner.csproj,T3,hand-port,,,M,,,,,ready,,,,01dab4866946627bbf48830ea4deeb85606fd253a025aa95334927165746611b,,
Plugin/PluginUI.Designer.cs,177,MissionPlanner.Controls,MissionPlanner.csproj,T2,extract,,,S,,,,,ready,,,,2369e2b793ed1bae8f932f1986a93a84b7abf464f9d8c044bd5897f079a978e0,,
Plugin/PluginUI.cs,149,MissionPlanner.Controls,MissionPlanner.csproj,T3,hand-port,,,S,,,,,ready,,,,d5e370edc61095c30f923cc85a5d5bf81ec2a88bde6cd09eb8485c4416a3c515,,
Plugins/AnonymizeBinlogPlugin.cs,497,AnonymizeBinlog,MissionPlanner.csproj,T3,hand-port,,,M,,,,,ready,,,,a51f328b4a3097356815afdf768bd3005588010daac51c7584023fa9d30169ef,,
Plugins/OpenDroneID2/NMEA_GPS_Connection.Designer.cs,137,MissionPlanner,Plugins/OpenDroneID2/OpenDroneID_Plugin.csproj,T2,extract,,,S,,,,,ready,,,,4a255f3342ab08cc3d95307a5236a6a5bdc63807f4bcc0314dd0dcbb6d3602b4,,
Plugins/OpenDroneID2/NMEA_GPS_Connection.cs,487,MissionPlanner,Plugins/OpenDroneID2/OpenDroneID_Plugin.csproj,T3,hand-port,,,M,,,,,ready,,,,ea99ad9d09aea6efef70dc9959b142a2bdca29f33a89b91301121d111deea5a9,,
Plugins/OpenDroneID2/NMEA_Viewer.Designer.cs,70,MissionPlanner,Plugins/OpenDroneID2/OpenDroneID_Plugin.csproj,T2,extract,,,S,,,,,ready,,,,247c51635d84779fbdbd72ea0ba0b37524215968d8c085828d426bd72b56cee8,,
Plugins/OpenDroneID2/NMEA_Viewer.cs,47,MissionPlanner,Plugins/OpenDroneID2/OpenDroneID_Plugin.csproj,T3,hand-port,,,S,,,,,ready,,,,d110890e06375ef149b4996c6b72e7a440f17572e8dd9c2652279ce49cc45c18,,
Plugins/OpenDroneID2/OpenDroneID_Backend.cs,219,MissionPlanner,Plugins/OpenDroneID2/OpenDroneID_Plugin.csproj,T3,hand-port,,,M,,,,,ready,,,,294da4be783c3a39fe1884bdb9c77930c1462d80bfc317d55dde5732ef3dadc8,,
Plugins/OpenDroneID2/OpenDroneID_Map_Status.Designer.cs,88,MissionPlanner.Controls,Plugins/OpenDroneID2/OpenDroneID_Plugin.csproj,T2,extract,,,S,,,,,ready,,,,5490f87589c3d4db302f41dde1a92c9b8b4d69c4bf9fb6320f12e43365dfc0c2,,
Plugins/OpenDroneID2/OpenDroneID_Map_Status.cs,67,MissionPlanner.Controls,Plugins/OpenDroneID2/OpenDroneID_Plugin.csproj,T3,hand-port,,,S,,,,,ready,,,,662914ce82699935e1a3becb771d4076cdb424ed636a7c21be058100cfb5bab1,,
Plugins/OpenDroneID2/OpenDroneID_Plugin.cs,89,OpenDroneID_Plugin,Plugins/OpenDroneID2/OpenDroneID_Plugin.csproj,T3,hand-port,,,S,,,,,ready,,,,ef3d9a981d9c4d0a94abfa17866b872bd966adbf508dbf60c22340827e491039,,
Plugins/OpenDroneID2/OpenDroneID_UI.Designer.cs,509,MissionPlanner.Controls,Plugins/OpenDroneID2/OpenDroneID_Plugin.csproj,T2,extract,,,M,,,,,ready,,,,2ab978a6bf541bde811b986cb8ba444e34332865d1865ad9aad493060492246b,,
Plugins/OpenDroneID2/OpenDroneID_UI.cs,419,MissionPlanner.Controls,Plugins/OpenDroneID2/OpenDroneID_Plugin.csproj,T3,hand-port,,,M,,,,,ready,,,,a24082c18cbdc672456eb9875c003137aa32e441c4131d36808d35beac9fdd61,,
Plugins/TerrainMakerPlugin/Location.cs,125,TerrainMakerPlugin,Plugins/TerrainMakerPlugin/TerrainMakerPlugin.csproj,T3,hand-port,,,S,,,,,ready,,,,1ca946120d0763eed58ad7eb562c357ba3cee93429635dd92c4cee1692f4547a,,
Plugins/TerrainMakerPlugin/TerrainDataFile.cs,328,TerrainMakerPlugin,Plugins/TerrainMakerPlugin/TerrainMakerPlugin.csproj,T3,hand-port,,,M,,,,,ready,,,,e9c51c31334c3e1e8093233d993308c80009c0a6bea1827460befa39f1481333,,
Plugins/TerrainMakerPlugin/TerrainMakerPlugin.cs,294,TerrainMakerPlugin,Plugins/TerrainMakerPlugin/TerrainMakerPlugin.csproj,T3,hand-port,,,M,,,,,ready,,,,823f3c3d87ca4406cda78b446cb9f141a6a0ee86e175eb65ccd1777ad2f9bcee,,
Plugins/example10-canlogfile.cs,121,CANLogExtract,MissionPlanner.csproj,T3,hand-port,,,S,,,,,dropped,,,,c019ed4b8119ac02d7950e98da5d1e41746183270a2b2cba64a4d5d08a7b5290,,"out of scope, owner's ruling §12 D13 (2026-09-25): the 32 example plugins (plugins/example*.cs, Plugins/example*.cs)"
Plugins/example14-mass.cs,154,mass,MissionPlanner.csproj,T3,hand-port,,,S,,,,,dropped,,,,b1a1dab49ac5378aaaf275d80d8f2e8f18e728b062b1dba3834f299a36b079da,,"out of scope, owner's ruling §12 D13 (2026-09-25): the 32 example plugins (plugins/example*.cs, Plugins/example*.cs)"
Plugins/example15-leds.cs,135,leds,MissionPlanner.csproj,T3,hand-port,,,S,,,,,dropped,,,,1e91c3d5642f08e86b1baf5dc00acaf974931748b5e1aa8644e718bf2b1a286d,,"out of scope, owner's ruling §12 D13 (2026-09-25): the 32 example plugins (plugins/example*.cs, Plugins/example*.cs)"
Plugins/example16-donate.cs,85,donate,MissionPlanner.csproj,T3,hand-port,,,S,,,,,dropped,,,,e02c52eb2f862e92a05aa46a48d898395a8b06f23cc4ecaf0142af2a5a87a612,,"out of scope, owner's ruling §12 D13 (2026-09-25): the 32 example plugins (plugins/example*.cs, Plugins/example*.cs)"
Plugins/example17-menuremove.cs,77,menucleanup,MissionPlanner.csproj,T3,hand-port,,,S,,,,,dropped,,,,bf0276d17bb742a5009d83e176d6799eaa7e59e8964b7dacad5a88fa1542dfbf,,"out of scope, owner's ruling §12 D13 (2026-09-25): the 32 example plugins (plugins/example*.cs, Plugins/example*.cs)"
Plugins/example18-externalapi.cs,316,MissionPlanner.plugins,MissionPlanner.csproj,T3,hand-port,,,M,,,,,dropped,,,,5f0c6deefe33f3f891c79685e89093314e22d9fe374a34670870f87551aa7608,,"out of scope, owner's ruling §12 D13 (2026-09-25): the 32 example plugins (plugins/example*.cs, Plugins/example*.cs)"
Plugins/example19-multiforward.cs,120,MissionPlanner.plugins,MissionPlanner.csproj,T3,hand-port,,,S,,,,,dropped,,,,20fdce9e4e8c08fca660d0d88ee7f4541055f47242c2bbd3114ec4b47dd6bb48,,"out of scope, owner's ruling §12 D13 (2026-09-25): the 32 example plugins (plugins/example*.cs, Plugins/example*.cs)"
Plugins/example20-multiplepositions.cs,176,MissionPlanner.plugins,MissionPlanner.csproj,T3,hand-port,,,S,,,,,dropped,,,,c865fc5b00631ff10c0bb47cd2c740b83ce5c9bd8418eca1b295a0fef4eaa5bd,,"out of scope, owner's ruling §12 D13 (2026-09-25): the 32 example plugins (plugins/example*.cs, Plugins/example*.cs)"
Plugins/example21-persistentsimple.cs,85,PersistentSimpleActions,MissionPlanner.csproj,T3,hand-port,,,S,,,,,dropped,,,,042df3a65a4a1a2821d40c1506148caf0ebf50abff6e4c40c39384e93e31952f,,"out of scope, owner's ruling §12 D13 (2026-09-25): the 32 example plugins (plugins/example*.cs, Plugins/example*.cs)"
Plugins/example22-payloadconfig.cs,265,MissionPlanner.plugins,MissionPlanner.csproj,T3,hand-port,,,M,,,,,dropped,,,,ee704fbc396d1e931045f48ca5fcae1e116afe31531e97646d2f6069d125659a,,"out of scope, owner's ruling §12 D13 (2026-09-25): the 32 example plugins (plugins/example*.cs, Plugins/example*.cs)"
Plugins/example23-switch.cs,467,MissionPlanner.plugins,MissionPlanner.csproj,T3,hand-port,,,M,,,,,dropped,,,,49a7e95e2ed92a4c534896f5a4ab4c62f79a129adb69d184e3df8ca54122b716,,"out of scope, owner's ruling §12 D13 (2026-09-25): the 32 example plugins (plugins/example*.cs, Plugins/example*.cs)"
Program.cs,882,MissionPlanner,MissionPlanner.csproj,T3,hand-port,mp-gui,,L,behaviour-equivalent,,spec+review,,tested,,,crates/mp-gui/src/crash.rs;crates/mp-gui/src/help.rs;crates/mp-gui/src/main.rs;tests/gui/crash-report.gui;tests/gui/help.gui,fbc7fee595b116814626590c70e1c612cea89638734a29b13cb45b49f93c5b72,"Tracking.AddException and Tracking's statics (Google Analytics, Mission Planner's account); the .NET-specific exception cases of handleException (""The port is closed"", MissingMethodException, FileNotFoundException, SerialStream.Dispose...) which a panic never is; the ClrMD dump of every thread (the one thread's frames are posted); the splash (Splash.cs, its own row); the mono checks, the GMap provider list, the logo.txt/logo.png branding files, the DirectX console advice, dotTrace, Windows Store checks","handleException as a panic hook writing the report (postData's fields) for the next start's question, Yes posting it with the message to CrashReportUrl (the C#'s address is Mission Planner's mail script; empty keeps the report), ""Could not send report!"" on the status line; CleanupFiles' updater copy; /update and /updatebeta; Main's run of the window, the data-directory report and the settings load are main.rs"
Properties/AssemblyInfo.cs,32,,MissionPlanner.csproj,T3,hand-port,,,S,,,,,ready,,,,5b0c66965e8e828227e9028bf227388a697f2228699b73bee577f31ef1e5e82c,,
Properties/Resources.Designer.cs,1809,MissionPlanner.Properties,MissionPlanner.csproj,T1,regenerate,,,XL,,,,,ready,,,,83ac482ba76d6daa954b7b710672afa5a24e63a0d3ead52dda00774cd37ae060,,
Radio/ComPort.cs,30,MissionPlanner.Radio,MissionPlanner.csproj,T3,hand-port,mp-gui,,S,behaviour-equivalent,,spec+review,,tested,,,crates/mp-gui/src/config/sikradio.rs,4607e4280c9d8aa456049edbb23c7cf42eed15e49daca5617053301c3a5e7657,,the port and its session
Radio/IHex.cs,167,MissionPlanner.Radio,MissionPlanner.csproj,T3,hand-port,mp-gui,,S,behaviour-equivalent,,spec+review,,tested,,,crates/mp-sikradio/src/ihex.rs,e21de02cf86f90bad849a511850e40ab2aa162bc6e121dbb1f87def9b3ccccc8,its log/progress events (not listened to),target crate mp-sikradio
Radio/Models.cs,213,MissionPlanner.Radio,MissionPlanner.csproj,T3,hand-port,mp-gui,,M,behaviour-equivalent,,spec+review,,tested,,,crates/mp-gui/src/config/sikradio.rs,8c99bb1c236e0adfc69eab34b956d8f4c15bf5f1e691c4279273cc1dbce8d639,none found: the model table and set_model are the C#'s whole; nothing of the file is left out,set_model
Radio/Sikradio.Designer.cs,2022,MissionPlanner.Radio,MissionPlanner.csproj,T2,extract,mp-gui,,XL,behaviour-equivalent,,spec+review,,tested,,,crates/mp-gui/src/config/sikradio.rs,7316cc6c725983ab0589d97625bb5a86dc7bf618334bb1cec61fd7971c025e62,"BUT_upload, invisible in Sikradio.resx, is not drawn; txt_aeskey's TextChanged and the two link labels are unwired in the Designer and inert here; the spare editor's label font shrink","every control's place, text, flags, tooltip and items held to Sikradio.resx and the Designer's add order by a test; the layout at the Designer's places"
Radio/Sikradio.cs,2730,MissionPlanner.Radio,MissionPlanner.csproj,T3,hand-port,mp-gui,,XL,behaviour-equivalent,,spec+review,,tested,,,crates/mp-gui/src/config/sikradio.rs;crates/mp-sikradio/src/page.rs;tests/gui/config-sikradio.gui,90d715413017f570b524eb5b5a18acd5a7c87eb0432f40bff7a8361de65ca166,"doConnect, getTelemPortWithRadio, GetParamNumber, GetValueFromControl, the four log/progress handlers, btnCommsLog_Click (no callers); txt_aeskey_TextChanged and the two link labels, unwired in the Designer; BUT_upload invisible in Sikradio.resx and not drawn; radio and port failures on the status line (the owner's ruling); file dialogs as typed paths","17 of 17 wirings; handlers run on their own thread and report back, clicks while one runs ignored as the C#'s blocked UI thread ignores them"
Radio/Uploader.cs,559,MissionPlanner.Radio,MissionPlanner.csproj,T3,hand-port,mp-gui,,M,behaviour-equivalent,,spec+review,,tested,,,crates/mp-sikradio/src/uploader.rs,4e2d38dec367a69a7bc2782d94138c2fd934bc52a3fb3bb41f11f0e7159a5218,"single-byte upload_block, cmdProgram_Single, cmdVerify (no callers)",target crate mp-sikradio: the SiK bootloader upload
Radio/XModem.cs,198,MissionPlanner.Radio,MissionPlanner.csproj,T3,hand-port,mp-gui,,S,behaviour-equivalent,,spec+review,,tested,,,crates/mp-sikradio/src/xmodem.rs,301968d5129cd49a6948af93a41bd222e322d2d12b9b8fd803c439141cb6e987,the SendBlock(FileStream) overload (no callers),target crate mp-sikradio: the RFD900x bootloader upload
ResEdit.Designer.cs,148,resedit,MissionPlanner.csproj,T2,extract,,,S,,,,,ready,,,,f6b80a40b6ab98828ad7ed7e00df563d891d4babd8b686b2d4d207084fe1ee62,,
ResEdit.cs,404,resedit,MissionPlanner.csproj,T3,hand-port,,,M,,,,,ready,,,,6a7c16db23573378c2fe3f4ac76c7cbe754f641b8270f7cfcee1b1252b1aed35,,
Script.cs,219,MissionPlanner,MissionPlanner.csproj,T3,hand-port,,,M,,,,,ready,,,,8ffbd659d1f5e536f6604efa8d65bc30f1d08d8506bdd9416f253d88d0858ae5,,
SikRadio/ComPort.cs,17,MissionPlanner.Radio,SikRadio/SikRadio.csproj,T3,hand-port,,,S,,,,,dropped,,,,02b84fba2fe846d5f895a1c8d36a1669bfe3f292450970bd976345e38bcd1cc3,,"a separate program, not the planner: SikRadio/SikRadio.csproj, the standalone SiK radio program; the planner compiles only SikRadio/RFD900.cs, ISikRadioForm.cs and RFDLib/ (MissionPlanner.csproj:1191-1199, used by Radio/Sikradio.cs) and removes the rest"
SikRadio/Common.cs,4,MissionPlanner,SikRadio/SikRadio.csproj,T3,hand-port,,,S,,,,,dropped,,,,f0e89830ad1b1cf02395bac9ca356192fc3c559c93635eaf5ba82a2f496c1e5b,,"declares nothing: the file holds no type, member or attribute, only whitespace, comments or an empty namespace"
SikRadio/Config.Designer.cs,219,SikRadio,SikRadio/SikRadio.csproj,T2,extract,,,M,,,,,dropped,,,,b9dfcae63c36e2f916628613939ece3a5c74e7904a14a80aa8c32a8b4ed8e47a,,"a separate program, not the planner: SikRadio/SikRadio.csproj, the standalone SiK radio program; the planner compiles only SikRadio/RFD900.cs, ISikRadioForm.cs and RFDLib/ (MissionPlanner.csproj:1191-1199, used by Radio/Sikradio.cs) and removes the rest"
SikRadio/Config.cs,244,SikRadio,SikRadio/SikRadio.csproj,T3,hand-port,,,M,,,,,dropped,,,,d3db022934fddbb36e542f6915e81e938e923f49ee50d9bb9809d2b3fe9fd077,,"a separate program, not the planner: SikRadio/SikRadio.csproj, the standalone SiK radio program; the planner compiles only SikRadio/RFD900.cs, ISikRadioForm.cs and RFDLib/ (MissionPlanner.csproj:1191-1199, used by Radio/Sikradio.cs) and removes the rest"
SikRadio/ISikRadioForm.cs,12,SikRadio,SikRadio/SikRadio.csproj,T3,hand-port,mp-gui,,S,behaviour-equivalent,,spec+review,,tested,,,crates/mp-gui/src/config/sikradio.rs,c8c77de3bfb26e6d652db7880cab90de4829bb6427d2cd53f5a55f1603fb8666,,"the interface's dispose-time Disconnect, the only part the planner uses, is the page's close of its port"
SikRadio/MAVLinkSerialPort.cs,14,MissionPlanner.Comms,SikRadio/SikRadio.csproj,T3,hand-port,,,S,,,,,dropped,,,,061733412b9b0a00e175ddf1ee4aa7550f6cec8b1ebc66fa7b586046dbdaf00f,,"a separate program, not the planner: SikRadio/SikRadio.csproj, the standalone SiK radio program; the planner compiles only SikRadio/RFD900.cs, ISikRadioForm.cs and RFDLib/ (MissionPlanner.csproj:1191-1199, used by Radio/Sikradio.cs) and removes the rest"
SikRadio/MainV2.cs,29,MissionPlanner,SikRadio/SikRadio.csproj,T3,hand-port,,,S,,,,,dropped,,,,e18167cf3d084eec18850ce519edd88e68fca14f7d9583550fd76ef5df7c180f,,"a separate program, not the planner: SikRadio/SikRadio.csproj, the standalone SiK radio program; the planner compiles only SikRadio/RFD900.cs, ISikRadioForm.cs and RFDLib/ (MissionPlanner.csproj:1191-1199, used by Radio/Sikradio.cs) and removes the rest"
SikRadio/Program.cs,58,SikRadio,SikRadio/SikRadio.csproj,T3,hand-port,,,S,,,,,dropped,,,,b7216e9501c2fb204692eb9070a969cd548f458f6635553cd7ffeb326c9920f9,,"a separate program, not the planner: SikRadio/SikRadio.csproj, the standalone SiK radio program; the planner compiles only SikRadio/RFD900.cs, ISikRadioForm.cs and RFDLib/ (MissionPlanner.csproj:1191-1199, used by Radio/Sikradio.cs) and removes the rest"
SikRadio/Properties/AssemblyInfo.cs,39,,SikRadio/SikRadio.csproj,T3,hand-port,,,S,,,,,dropped,,,,b6f5538ef2608b4041509dbed53ed7ed312264a15ef32b6b6514b974d2b5235d,,"a separate program, not the planner: SikRadio/SikRadio.csproj, the standalone SiK radio program; the planner compiles only SikRadio/RFD900.cs, ISikRadioForm.cs and RFDLib/ (MissionPlanner.csproj:1191-1199, used by Radio/Sikradio.cs) and removes the rest"
SikRadio/Properties/Resources.Designer.cs,83,SikRadio.Properties,SikRadio/SikRadio.csproj,T1,regenerate,,,S,,,,,dropped,,,,c35904e6741a7f70ca7496177d3f40cd941f3e54b7371392f57afed76b4271c4,,"a separate program, not the planner: SikRadio/SikRadio.csproj, the standalone SiK radio program; the planner compiles only SikRadio/RFD900.cs, ISikRadioForm.cs and RFDLib/ (MissionPlanner.csproj:1191-1199, used by Radio/Sikradio.cs) and removes the rest"
SikRadio/RFD900.cs,2774,RFD.RFD900,SikRadio/SikRadio.csproj,T3,hand-port,mp-gui,,XL,behaviour-equivalent,,spec+review,,tested,,,crates/mp-sikradio/src/session.rs;crates/mp-sikradio/src/settings.rs;crates/mp-sikradio/src/modem.rs;crates/mp-sikradio/src/at.rs,db5871b815b2f824de974387e22b4080b33043071cacb9bb65e3616848c77fd6,"GetBand, the three country-lock-options methods, WriteCounty, the HB1060 and HM_TRP classes (no callers); the reference firmware is not embedded, so GetRefFirmwarePath's throw is ported",target crate mp-sikradio
SikRadio/RFDLib/Array.cs,42,RFDLib,SikRadio/SikRadio.csproj,T3,hand-port,mp-gui,,S,behaviour-equivalent,,spec+review,,tested,,,crates/mp-sikradio/src/settings.rs,1454de41c8ca883e159302c77e4786ac7eac96aaff143e5dbf7d5d169fd90159,,inline
SikRadio/RFDLib/Collections.cs,35,RFDLib,SikRadio/SikRadio.csproj,T3,hand-port,mp-gui,,S,behaviour-equivalent,,spec+review,,tested,,,crates/mp-sikradio/src/settings.rs,f2cc21fca7fa9e5e7077f38022dc76985eeb64c77ae189ee190c4055b237aa72,ConditionalRemove,inline
SikRadio/RFDLib/GUI/Settings.cs,261,RFDLib.GUI.Settings,SikRadio/SikRadio.csproj,T3,hand-port,mp-gui,,M,behaviour-equivalent,,spec+review,,tested,,,crates/mp-gui/src/config/sikradio.rs,0dcbdd69efe303cddc9e9be628f76e1f001b74337d73d8d1b9349cd297b57c21,only the label-editor registers the page uses; the rest of the GUI helpers have no callers in the planner,the label-editor registers
SikRadio/RFDLib/IO/ATCommand.cs,208,RFDLib.IO.ATCommand,SikRadio/SikRadio.csproj,T3,hand-port,mp-gui,,M,behaviour-equivalent,,spec+review,,tested,,,crates/mp-sikradio/src/at.rs,158ea946b25b37a486f1e9821fd4c2c0cd80dd958e9d2f62d2822c0866b7fbf4,"TServer, GetLine",target crate mp-sikradio
SikRadio/RFDLib/IO/SerialPort/SerialPort.cs,136,RFDLib.IO,SikRadio/SikRadio.csproj,T3,hand-port,mp-gui,,S,behaviour-equivalent,,spec+review,,tested,,,crates/mp-sikradio/src/at.rs,630a4a5e3d2e0ab7fc5ee4d80d1616da811d12e62e5b6c627da647a78e3eaea2,"Query, TSystemIOPortsSerialPort",target crate mp-sikradio
SikRadio/RFDLib/RFDLib.cs,48,RFDLib,SikRadio/SikRadio.csproj,T3,hand-port,,,S,,,,,dropped,,,,863fbcebe2b5649c4cc95545777149377512d033dbc15b77ba2a53020018ff18,,"no callers in the planner: its Utils are used only by the standalone SikRadio program's Rssi.cs and Terminal.cs, themselves dropped (the no-callers rule, 2026-09-25)"
SikRadio/RFDLib/Text.cs,42,RFDLib,SikRadio/SikRadio.csproj,T3,hand-port,mp-gui,,S,behaviour-equivalent,,spec+review,,tested,,,crates/mp-sikradio/src/settings.rs,9125107fb201050fa7b58132dd9c5b75b44ceb91f9e99ee07129bf817412fde9,,inline
SikRadio/Rssi.Designer.cs,74,SikRadio,SikRadio/SikRadio.csproj,T2,extract,,,S,,,,,dropped,,,,7d24b59b729aa5286ad1a64ad08c7456fabb874b9c93b3f7b4210e0abc6c28c2,,"a separate program, not the planner: SikRadio/SikRadio.csproj, the standalone SiK radio program; the planner compiles only SikRadio/RFD900.cs, ISikRadioForm.cs and RFDLib/ (MissionPlanner.csproj:1191-1199, used by Radio/Sikradio.cs) and removes the rest"
SikRadio/Rssi.cs,162,SikRadio,SikRadio/SikRadio.csproj,T3,hand-port,,,S,,,,,dropped,,,,2f22cc5732bab3ab627938371c6bfc78c40e1d6fb6186855984cbc44ab2cdc74,,"a separate program, not the planner: SikRadio/SikRadio.csproj, the standalone SiK radio program; the planner compiles only SikRadio/RFD900.cs, ISikRadioForm.cs and RFDLib/ (MissionPlanner.csproj:1191-1199, used by Radio/Sikradio.cs) and removes the rest"
SikRadio/Terminal.Designer.cs,83,SikRadio,SikRadio/SikRadio.csproj,T2,extract,,,S,,,,,dropped,,,,5202638828a75e904a17241199b9b854610e0497e5f102ff9a11e7a9af160b8f,,"a separate program, not the planner: SikRadio/SikRadio.csproj, the standalone SiK radio program; the planner compiles only SikRadio/RFD900.cs, ISikRadioForm.cs and RFDLib/ (MissionPlanner.csproj:1191-1199, used by Radio/Sikradio.cs) and removes the rest"
SikRadio/Terminal.cs,312,SikRadio,SikRadio/SikRadio.csproj,T3,hand-port,,,M,,,,,dropped,,,,c4f93882cdbee2c1597cc26437c347ef71b6b1db19d2192b4766136446f6d4f1,,"a separate program, not the planner: SikRadio/SikRadio.csproj, the standalone SiK radio program; the planner compiles only SikRadio/RFD900.cs, ISikRadioForm.cs and RFDLib/ (MissionPlanner.csproj:1191-1199, used by Radio/Sikradio.cs) and removes the rest"
SikRadio/ThemeManager.cs,219,MissionPlanner.Utilities,SikRadio/SikRadio.csproj,T3,hand-port,,,M,,,,,dropped,,,,1a7e4e0a049378209613894f398eb607b349d880ae087bd1aa35450db3ca9e7d,,"a separate program, not the planner: SikRadio/SikRadio.csproj, the standalone SiK radio program; the planner compiles only SikRadio/RFD900.cs, ISikRadioForm.cs and RFDLib/ (MissionPlanner.csproj:1191-1199, used by Radio/Sikradio.cs) and removes the rest"
Splash.Designer.cs,104,MissionPlanner,MissionPlanner.csproj,T2,extract,,,S,,,,,ready,,,,2bfc1f88359bab68ed949cc7428ba03905ec9e14d6e6f41ecbef2c14bb7d0d5f,,
Splash.cs,28,MissionPlanner,MissionPlanner.csproj,T3,hand-port,,,S,,,,,ready,,,,6e3132d1b82f855324cc0f67727c0f7b91703b228dcc4a3a6b2756e21e185311,,
Swarm/DroneBase.cs,58,MissionPlanner.Swarm,MissionPlanner.csproj,T3,hand-port,,,S,,,,,dropped,,,,24fb0fbc10cb5d6df13b1155f81c8d65a1249da487c3d27edfa6dedcebc707cf,,"out of scope, owner's ruling §12 D13 (2026-09-25): Swarm (Swarm/)"
Swarm/FollowLeader/Control.Designer.cs,249,MissionPlanner.Swarm.FollowLeader,MissionPlanner.csproj,T2,extract,,,M,,,,,dropped,,,,2b6978f4d025f5005c042235c579cb661dff3d43db8c8e56e6954d05973820d5,,"out of scope, owner's ruling §12 D13 (2026-09-25): Swarm (Swarm/)"
Swarm/FollowLeader/Control.cs,146,MissionPlanner.Swarm.FollowLeader,MissionPlanner.csproj,T3,hand-port,,,S,,,,,dropped,,,,cb6c9fb5af782e8db8430960500a70c8d07a72fc5ceba15779ad7efe21fc7b9e,,"out of scope, owner's ruling §12 D13 (2026-09-25): Swarm (Swarm/)"
Swarm/FollowLeader/Drone.cs,6,MissionPlanner.Swarm.FollowLeader,MissionPlanner.csproj,T3,hand-port,,,S,,,,,dropped,,,,290f3a8dba54eecebe20b7f7cc243602b34300f2e253e32bc4e1cac77c3aa2af,,"out of scope, owner's ruling §12 D13 (2026-09-25): Swarm (Swarm/)"
Swarm/FollowLeader/DroneGroup.cs,211,MissionPlanner.Swarm.FollowLeader,MissionPlanner.csproj,T3,hand-port,,,M,,,,,dropped,,,,f322534f77ba7c771b443868390073dd38f1293e93c92b2fbe4dd87eaa405a31,,"out of scope, owner's ruling §12 D13 (2026-09-25): Swarm (Swarm/)"
Swarm/FollowPath.cs,132,MissionPlanner.Swarm,MissionPlanner.csproj,T3,hand-port,,,S,,,,,dropped,,,,bb3c2acf1fcf33e01b072543ff8f563e9a3cf7ac3555a9ff49f5b3915df7b565,,"out of scope, owner's ruling §12 D13 (2026-09-25): Swarm (Swarm/)"
Swarm/FollowPathControl.Designer.cs,170,MissionPlanner.Swarm,MissionPlanner.csproj,T2,extract,,,S,,,,,dropped,,,,30b20e32c9abcc8902d5543b5ae32337c9dbcd6129b3ad0cca48949d027729ad,,"out of scope, owner's ruling §12 D13 (2026-09-25): Swarm (Swarm/)"
Swarm/FollowPathControl.cs,189,MissionPlanner.Swarm,MissionPlanner.csproj,T3,hand-port,,,S,,,,,dropped,,,,78e783eeef36dea62d0a91348b3021c816c9548f87436c0648d23ef42dad5754,,"out of scope, owner's ruling §12 D13 (2026-09-25): Swarm (Swarm/)"
Swarm/Formation.cs,517,MissionPlanner.Swarm,MissionPlanner.csproj,T3,hand-port,,,M,,,,,dropped,,,,5dc07dafb74e03aea768a5fdd60973f64ebf02f3df55a92231d1c1078cbc17a4,,"out of scope, owner's ruling §12 D13 (2026-09-25): Swarm (Swarm/)"
Swarm/FormationControl.Designer.cs,247,MissionPlanner.Swarm,MissionPlanner.csproj,T2,extract,,,M,,,,,dropped,,,,5893f4d9c5ee23bf6405460bd511ca622a4243dddb257c3bd95d1b2f4cccd700,,"out of scope, owner's ruling §12 D13 (2026-09-25): Swarm (Swarm/)"
Swarm/FormationControl.cs,373,MissionPlanner.Swarm,MissionPlanner.csproj,T3,hand-port,,,M,,,,,dropped,,,,c28381408d09978fe8ff4549efe10ce84b3fd596501c686973759c92d4e359de,,"out of scope, owner's ruling §12 D13 (2026-09-25): Swarm (Swarm/)"
Swarm/Grid.Designer.cs,85,MissionPlanner.Swarm,MissionPlanner.csproj,T2,extract,,,S,,,,,dropped,,,,208c7aaadaa42bf4f081cface0af47d560be850dc932ad0ec31488d0c5cd15cc,,"out of scope, owner's ruling §12 D13 (2026-09-25): Swarm (Swarm/)"
Swarm/Grid.cs,392,MissionPlanner.Swarm,MissionPlanner.csproj,T3,hand-port,,,M,,,,,dropped,,,,4710e2baa58fb8fc1f915f403b4f3423573f169b6bee2396b5487345a35d1951,,"out of scope, owner's ruling §12 D13 (2026-09-25): Swarm (Swarm/)"
Swarm/PaintEventArgsI.cs,0,,MissionPlanner.csproj,T3,hand-port,,,S,,,,,dropped,,,,f1945cd6c19e56b3c1c78943ef5ec18116907a4ca1efc40a57d48ab1db7adfc5,,"declares nothing: the file holds no type, member or attribute, only whitespace, comments or an empty namespace"
Swarm/SRB/Control.Designer.cs,275,MissionPlanner.Swarm.SRB,MissionPlanner.csproj,T2,extract,,,M,,,,,dropped,,,,22dc3b07c185e8c5ac5b12d44ef5ad9b53432e74368c30f1298fb2c7739f4003,,"out of scope, owner's ruling §12 D13 (2026-09-25): Swarm (Swarm/)"
Swarm/SRB/Control.cs,74,MissionPlanner.Swarm.SRB,MissionPlanner.csproj,T3,hand-port,,,S,,,,,dropped,,,,1e5099066421f62d4c7a1b1a3ae6b04d2f9ec801c92165f698c9c63812ae6fd1,,"out of scope, owner's ruling §12 D13 (2026-09-25): Swarm (Swarm/)"
Swarm/SRB/Controller.cs,46,MissionPlanner.Swarm.SRB,MissionPlanner.csproj,T3,hand-port,,,S,,,,,dropped,,,,817340e0011e536d287ca7744626cf226f0cf0d8d395231559b4750506f20061,,"out of scope, owner's ruling §12 D13 (2026-09-25): Swarm (Swarm/)"
Swarm/SRB/Drone.cs,6,MissionPlanner.Swarm.SRB,MissionPlanner.csproj,T3,hand-port,,,S,,,,,dropped,,,,295ff206fac26e2f39e7db446912295b08e28b8d861d62ebe8aef26b0442c522,,"out of scope, owner's ruling §12 D13 (2026-09-25): Swarm (Swarm/)"
Swarm/SRB/DroneGroup.cs,355,MissionPlanner.Swarm.SRB,MissionPlanner.csproj,T3,hand-port,,,M,,,,,dropped,,,,71f3132eafaee5eae59ae2ed1c4fe3e02273319177094223d65259640c5a150a,,"out of scope, owner's ruling §12 D13 (2026-09-25): Swarm (Swarm/)"
Swarm/Sequence/Controller.cs,59,MissionPlanner.Swarm.Sequence,MissionPlanner.csproj,T3,hand-port,,,S,,,,,dropped,,,,52233d340bf3bb4261e515879adc294db5c33def58b78c39cdbc10af2aeecfd6,,"out of scope, owner's ruling §12 D13 (2026-09-25): Swarm (Swarm/)"
Swarm/Sequence/Drone.cs,6,MissionPlanner.Swarm.Sequence,MissionPlanner.csproj,T3,hand-port,,,S,,,,,dropped,,,,20102e100215dc99771764223375388bb9823fef7c5973fec69eaeb6a2c16c0b,,"out of scope, owner's ruling §12 D13 (2026-09-25): Swarm (Swarm/)"
Swarm/Sequence/DroneGroup.cs,95,MissionPlanner.Swarm.Sequence,MissionPlanner.csproj,T3,hand-port,,,S,,,,,dropped,,,,baf07df8a7c77eb36577bcdfdf7583af7460b726d89086883fb9926c61deb859,,"out of scope, owner's ruling §12 D13 (2026-09-25): Swarm (Swarm/)"
Swarm/Sequence/Layout.cs,48,MissionPlanner.Swarm.Sequence,MissionPlanner.csproj,T3,hand-port,,,S,,,,,dropped,,,,95cfaf80b178cefd0649ee9c99c38da337aba6f60ac39032abe7b25114117f97,,"out of scope, owner's ruling §12 D13 (2026-09-25): Swarm (Swarm/)"
Swarm/Sequence/LayoutEditor.cs,700,MissionPlanner.Swarm.Sequence,MissionPlanner.csproj,T3,hand-port,,,L,,,,,dropped,,,,5b84c1e29b2c28373ad096d98c8a3988dc88666ca7a0294dcf874b8bca7b4f0a,,"out of scope, owner's ruling §12 D13 (2026-09-25): Swarm (Swarm/)"
Swarm/Status.Designer.cs,201,MissionPlanner.Swarm,MissionPlanner.csproj,T2,extract,,,M,,,,,dropped,,,,f4ed424161b8d855ad95f3b7be0fbd0b01bfd9d0db4e311e57ad19cafa141a10,,"out of scope, owner's ruling §12 D13 (2026-09-25): Swarm (Swarm/)"
Swarm/Status.cs,46,MissionPlanner.Swarm,MissionPlanner.csproj,T3,hand-port,,,S,,,,,dropped,,,,1fb2ef240520634c998f1f4c21da6e228f2007d373be92d83d895ddc494210cd,,"out of scope, owner's ruling §12 D13 (2026-09-25): Swarm (Swarm/)"
Swarm/Swarm.cs,111,MissionPlanner.Swarm,MissionPlanner.csproj,T3,hand-port,,,S,,,,,dropped,,,,76eef1b8b85f363461e9bb889bb9e4e7a1f27076f18ee840bee5c05004b3c46d,,"out of scope, owner's ruling §12 D13 (2026-09-25): Swarm (Swarm/)"
Swarm/WaypointLeader/Drone.cs,9,MissionPlanner.Swarm.WaypointLeader,MissionPlanner.csproj,T3,hand-port,,,S,,,,,dropped,,,,220d7e469a117f577ada002fca2b37763cb89fe8de4d41f1a3e40269a1b894b9,,"out of scope, owner's ruling §12 D13 (2026-09-25): Swarm (Swarm/)"
Swarm/WaypointLeader/DroneGroup.cs,728,MissionPlanner.Swarm.WaypointLeader,MissionPlanner.csproj,T3,hand-port,,,L,,,,,dropped,,,,562fd0bac51f04f127202462f88b6977f73221c3dec96e770b2609b0aae3f6da,,"out of scope, owner's ruling §12 D13 (2026-09-25): Swarm (Swarm/)"
Swarm/WaypointLeader/Path.cs,66,MissionPlanner.Swarm.WaypointLeader,MissionPlanner.csproj,T3,hand-port,,,S,,,,,dropped,,,,ebcff2e4ac6d37d0d59e10d7ebf58ba42a6bdbcb128cd2ca7dbaae07e07130a0,,"out of scope, owner's ruling §12 D13 (2026-09-25): Swarm (Swarm/)"
Swarm/WaypointLeader/WPControl.Designer.cs,411,MissionPlanner.Swarm.WaypointLeader,MissionPlanner.csproj,T2,extract,,,M,,,,,dropped,,,,79f8ef76dc5911f6350c0912ecd99b287e0a246eacbe1fe22b8e9e9d16ea596a,,"out of scope, owner's ruling §12 D13 (2026-09-25): Swarm (Swarm/)"
Swarm/WaypointLeader/WPControl.cs,354,MissionPlanner.Swarm.WaypointLeader,MissionPlanner.csproj,T3,hand-port,,,M,,,,,dropped,,,,e13334606e0ba46fa4d8db7ccb27c6f86ece280ab28bc9ca6b01be35add59412,,"out of scope, owner's ruling §12 D13 (2026-09-25): Swarm (Swarm/)"
Updater/Program.cs,179,Updater,Updater/Updater.csproj,T3,hand-port,mp-update,,S,behaviour-equivalent,,spec+review,,tested,,,crates/mp-update/src/apply.rs;crates/mp-cli/src/main.rs,58d24a4a5596ba6118eed70bf7f861fb4085629e7e198c75a89bf20541188a39,,"headless-planner update-apply <planner>: the grace, UpdateFiles (the .old cleanup, .new into place with ten tries, the updater itself skipped, the tlogthumbnailhandler case), the restart; ""Update failed, please try it later."" waits for a key"
Updater/Properties/AssemblyInfo.cs,36,,Updater/Updater.csproj,T3,hand-port,,,S,,,,,ready,,,,ba0b043b9cd9bdb1e768d594af46e97a189743c284a1623572a1c74ae3851736,,
Updater/Properties/Resources.Designer.cs,63,Updater.Properties,Updater/Updater.csproj,T1,regenerate,,,S,,,,,ready,,,,c5cff43d4d4ebee66cd8a557be885ad7977b90d9ccec597b39202392ee567c9d,,
Utilities/AirMarket.cs,296,MissionPlanner.Utilities,MissionPlanner.csproj,T3,hand-port,,,M,,,,,dropped,,,,b4ba6a9e428f2f75e26101384d8a39df005a8ab77c05af625e89ce16dae592e8,,"no callers in the C# tree as of efb0801 (D16): no other file names its types (comments aside); declares AirMarket, AirMarketUI"
Utilities/BoardDetect.cs,674,MissionPlanner.Utilities,MissionPlanner.csproj,T3,hand-port,mp-firmware,,L,behaviour-equivalent,,golden,,tested,,,crates/mp-firmware/src/detect.rs;crates/mp-firmware/tests/board_detect.rs;testdata/boards,60008434c1c622a6d3a3c3677755f128f4207f3127c5150d77732542ffea0546,the WinForms dialogs behind DetectHost; Uploader.identify skips the rev>=5 chip/serial/external-flash reads,all 16 DetectBoardTest calls as fixtures; five fail against the C# itself
Utilities/CircleSurveyMission.cs,51,MissionPlanner.Utilities,MissionPlanner.csproj,T3,hand-port,mp-mission,,S,behaviour-equivalent,,spec+review,,tested,,,crates/mp-mission/src/circle_survey.rs;tests/gui/plan-circle-survey.gui,ef03311ba96c2276063b0754ce89d8de9842753d97e0f87c148050acbfae60b7,a step or separation of 0 refused where the C# divides by zero or never ends (divergence at the site); plan-circle-survey.gui awaits a clean run,"six InputBoxes, DO_SET_ROI, the rings with DO_DIGICAM_CONTROL in the C#'s x, y order"
Utilities/ExtensionsMP.cs,191,MissionPlanner.Utilities,MissionPlanner.csproj,T3,hand-port,,,S,,,,,ready,,,,3514bcdbfbfc59a5c716c7befdc2cb14d18f24780c119cbc22388e1a6661959a,,"2 methods with no callers, see dead-functions.csv"
Utilities/Firmware.cs,1568,MissionPlanner.Utilities,MissionPlanner.csproj,T3,hand-port,mp-firmware,,XL,behaviour-equivalent,,spec+review,,ported,,,crates/mp-firmware/src/legacy.rs;crates/mp-firmware/src/flow.rs;crates/mp-firmware/tests/legacy.rs;crates/mp-gui/src/config/firmware_legacy.rs;tests/gui/config-firmware-legacy.gui,8dcb501c1214c323cec9e66bfbf7119049a6430c2376bc564be7fd65009ecc3e,"every step that touches a board stops, named in flow::Stop: the reboot into the bootloader, the bootloader and STK500 probes, Arduino/VRBRAIN/Parrot/Solo/DFU; versions read in sequence; every download re-fetched","firmware2.xml, the pictures and history, the download into the data directory; config-firmware-legacy.gui awaits a clean run"
Utilities/GStreamerUI.cs,24,MissionPlanner.Utilities,MissionPlanner.csproj,T3,hand-port,,,S,,,,,ready,,,,b59cc1982eaba3a65e890ad4e310b3c6c09daa58deacdb5d141986f72fb3dc7e,,
Utilities/ImageMatch.cs,153,MissionPlanner.Utilities,MissionPlanner.csproj,T3,hand-port,,,S,,,,,dropped,,,,dfcb9d6cd966289856bdd2cf5f9978777d74f058af0cbfb2d9b76ef2f427c8a6,,no callers in the C# tree as of efb0801 (D16): no other file names its types (comments aside); declares ImageMatch
Utilities/LangUtility.cs,60,MissionPlanner.Utilities,MissionPlanner.csproj,T3,hand-port,,,S,,,,,ready,,,,d66fb3627c046d440abb2d2bfc4be8356dc334e650b0c664dae0b96b467156b3,,
Utilities/LogAnalyzer.cs,244,MissionPlanner.Utilities,MissionPlanner.csproj,T3,hand-port,mp-log,,M,behaviour-equivalent,,oracle,,tested,,,crates/mp-log/src/analysis.rs;crates/mp-log/src/analysis/logdata.rs;crates/mp-log/src/analysis/checks.rs;crates/mp-log/src/analysis/suite.rs;crates/mp-log/src/analysis/pyval.rs;crates/mp-log/tests/analysis.rs;testdata/dataflash/golden/loganalysis;tools/loganalyzer-golden.sh,e2499295d348bbf5ded293447be2c3a222f1126aba199e4e257e6778b0d67e6f,"CheckLogFile's download of LogAnalyzer64.zip, its extraction and the runner.exe process (Windows only): the runner's own source, LogAnalyzer/py2exe, is ported and run in-process on every platform, writing the same XML beside the log; the 'Failed to download' and 'Failed to start' boxes go with them",results XML read as Results reads it (the last test dropped) and report text byte-identical to the harness; the analysis held to Python 2.7 running the runner's source over the same text (goldens by tools/loganalyzer-golden.sh)
Utilities/NativeLibrary.cs,49,MissionPlanner.Utilities,MissionPlanner.csproj,T3,hand-port,,,S,,,,,ready,,,,05ceadae62210a03c3c412d2649a910f5bdad7490927cc26c6ff932b44f66415,,"1 method with no callers, see dead-functions.csv"
Utilities/OsdTuningSlotProvider.cs,208,MissionPlanner.Utilities,MissionPlanner.csproj,T3,hand-port,mp-gui,,M,behaviour-equivalent,,spec+review,,tested,,,crates/mp-gui/src/config/onboard_osd_slots.rs;tests/gui/config-onboard-osd.gui,d72d99a0fc9da2abe07e54d8c783b2878a543d6fbdf8b74d7d194d1524ab2120,"the 20 ms between show requests is a frame's tick rather than a sleep; the replies are read on the link thread through the packet subscription, not SubscribeToPacketType's handlers","ParamShow and ParamSet as OSD_PARAM_SHOW_CONFIG and OSD_PARAM_CONFIG with the provider's request ids, the show reply's name up to the first zero and only on success, OsdTuningSlotGetter.LoadAll's eighteen slots, ten seconds of silence and one retry"
Utilities/POI.cs,225,MissionPlanner.Utilities,MissionPlanner.csproj,T3,hand-port,mp-gui,,M,behaviour-equivalent,,spec+review,,tested,,,crates/mp-gui/src/poi.rs;tests/gui/fly-poi.gui;tests/gui/fly-poifile.gui,c8b98c099878a291e7c6449d52ac5fc9573630b62b301bf1e2da775fc7cd4d34,the file dialogs are typed paths; plan-poi.gui awaits a clean run,"poi.txt, the prompts, Add/Delete/Edit from both screens"
Utilities/SSHTerminal.cs,1437,MissionPlanner.Utilities,MissionPlanner.csproj,T3,hand-port,,,L,,,,,dropped,,,,ea5909d9290da253ea85d412584ef8827d9871ee1d94a74d77761c75428ee1df,,"out of scope, owner's ruling §12 D13 (2026-09-25): Terminal (ConfigTerminal; Utilities/SSHTerminal.cs is its SSH mode, used by nothing else)"
Utilities/Speech.cs,175,MissionPlanner.Utilities,MissionPlanner.csproj,T3,hand-port,,,S,,,,,ready,,,,86ab2bcc6ef0e3a5eb98635f8a8581531060d7e5fcb119f95fa7220a94a5ca56,,
Utilities/ThemeManager.cs,1429,MissionPlanner.Utilities,MissionPlanner.csproj,T3,hand-port,,,L,,,,,ready,,,,7598168e3072ea10f5d2c8415577710bedc18a3dd35b6b558cdbf5638f708f06,,"2 methods with no callers, see dead-functions.csv"
Utilities/Update.cs,739,MissionPlanner.Utilities,MissionPlanner.csproj,T3,hand-port,mp-update,,L,behaviour-equivalent,,spec+review,,tested,,,crates/mp-update/src/check.rs;crates/mp-update/src/version.rs;crates/mp-update/src/md5.rs;crates/mp-update/src/lib.rs;crates/mp-gui/src/help.rs;tests/gui/help.gui;tests/gui/update-server.py,c16bd663c099f9bb3ea080a1b09c97e2427427e8176636a20bdb5fc5a3f65224,"the parallel hashing and the three-way parallel download run one after another; a zip channel is fetched whole once where DownloadStream reads each entry by HTTP range; the commented-out ranged zip code; the channels' addresses are settings of app.config's names, empty until the owner publishes a channel","CheckForUpdate, DoUpdate's worker (write test, CheckMD5, GetNewFile, GetNewFileZip, MD5File, the dll/exe cleanup) and updateCheckMain's handover; the question, progress dialog and boxes in help.rs; failures on the status line by the owner's rule"
Utilities/Win32DeviceMgnt.cs,626,,MissionPlanner.csproj,T3,hand-port,,,L,,,,,ready,,,,6a9c76eceab6a853d74cdf3e55c5674314d0abf40dc5ea4bc9a49b41c3f39023,,"1 method with no callers, see dead-functions.csv"
Utilities/XMLColor.cs,75,MissionPlanner.Utilities,MissionPlanner.csproj,T3,hand-port,,,S,,,,,ready,,,,bf31c1c4da8d77245f2edbc39abe7d51eb9d2220368a94ffbed4bedfca6ec895,,"1 method with no callers, see dead-functions.csv"
Utilities/httpserver.cs,1483,MissionPlanner.Utilities,MissionPlanner.csproj,T3,hand-port,,,L,,,,,ready,,,,b0fee04be8e4e645f3af5b45a706ac52afcb2fcbfafd03e1dad1a97a4a154064,,
Warnings/WarningControl.cs,332,MissionPlanner.Warnings,MissionPlanner.csproj,T3,hand-port,mp-gui,,M,behaviour-equivalent,,spec+review,,tested,,,crates/mp-gui/src/config/warnings_manager.rs;tests/gui/config-warnings.gui,ac642410fc5409dee825efc671031c4530abd319b062c25c5eff5c7aa367debd,the combo boxes cannot be typed into; an out-of-range number from a hand-edited file is held to the box's bounds instead of throwing,"the constructor and updateDisplay, every handler (the three combos, the two number boxes, the text, + for a child, - with its splice, QuickPanel Coloring)"
Warnings/WarningsManager.Designer.cs,196,MissionPlanner.Warnings,MissionPlanner.csproj,T2,extract,mp-gui,,S,behaviour-equivalent,,spec+review,,tested,,,crates/mp-gui/src/config/warnings_manager.rs,481d137dcd3013ae7c59fc5c9960325f59ab03473ffe3a200b266d8e49a8dd13,,"form 872x238, rows 850x27, every control's place; the layout at the Designer's places"
Warnings/WarningsManager.cs,82,MissionPlanner.Warnings,MissionPlanner.csproj,T3,hand-port,mp-gui,,S,behaviour-equivalent,,spec+review,,tested,,,crates/mp-gui/src/config/warnings_manager.rs;crates/mp-gui/src/config/advanced.rs;crates/mp-gui/src/config/extra_setup.rs;tests/gui/config-warnings.gui,f7b2d94b95936d0e5bab1868f0db2c96cd14537f9a962126af96d64009d824fb,"warningControl1 and label4, which the C# removes before the form shows; resizing","reload and addwarningcontrol, + (BUT_Add_Click), Save (BUT_save_Click); opened from the Advanced page's button as new WarningsManager().Show()"
ZZZLibShims.cs,1166,tlogThumbnailHandler,MissionPlanner.csproj,T3,hand-port,,,L,,,,,ready,,,,fe420749ed736801b8abe00ff2d08dc359137e81ff04e1f7bf3ced21fe11f655,,
plugins/Dowding/DowdingPlugin.cs,263,Dowding,plugins/Dowding/Dowding.csproj,T3,hand-port,,,M,,,,,dropped,,,,0268744de1189cad87e1dd8dd3c6d96c34afc781759d16a1f1a634a0ab1848b2,,"out of scope, owner's ruling §12 D13 (2026-09-25): Dowding (ExtLibs/WebAPIs/Dowding and its plugin, plugins/Dowding)"
plugins/Dowding/DowdingUI.Designer.cs,575,Dowding,plugins/Dowding/Dowding.csproj,T2,extract,,,M,,,,,dropped,,,,24298f022ce3078e51f83756383aebc9377a48e17f247cca38875688215874a5,,"out of scope, owner's ruling §12 D13 (2026-09-25): Dowding (ExtLibs/WebAPIs/Dowding and its plugin, plugins/Dowding)"
plugins/Dowding/DowdingUI.cs,642,Dowding,plugins/Dowding/Dowding.csproj,T3,hand-port,,,L,,,,,dropped,,,,6cab05304342e4f239b1664c35d5d1ef2c6476d2590a075fc17c4b82bdba188d,,"out of scope, owner's ruling §12 D13 (2026-09-25): Dowding (ExtLibs/WebAPIs/Dowding and its plugin, plugins/Dowding)"
plugins/FaceMap/FaceMap.cs,294,MissionPlanner,plugins/FaceMap/FaceMap.csproj,T3,hand-port,,,M,,,,,ready,,,,7a0970f4076e9f2b529b53fba7743b1a8b54e381686e146feaed611c7bfdb71f,,
plugins/FaceMap/FaceMapPlugin.cs,96,MissionPlanner,plugins/FaceMap/FaceMap.csproj,T3,hand-port,,,S,,,,,ready,,,,ad5fc2fb57ae3fe614d487c17f1dbb75a205178eb3cd6cd7e05bbafc699e3bea,,
plugins/FaceMap/FaceMapUI.Designer.cs,1512,MissionPlanner,plugins/FaceMap/FaceMap.csproj,T2,extract,,,XL,,,,,ready,,,,4c8ea6d03b88a2b559ddbea70bf720dcb7354e7366280856dfef920628e30b70,,
plugins/FaceMap/FaceMapUI.cs,1936,MissionPlanner,plugins/FaceMap/FaceMap.csproj,T3,hand-port,,,XL,,,,,ready,,,,b20cf1b1d726b87187b78e302401fbcccab2b319b5fd993b23174afbe67d7c24,,
plugins/InitialParamsCalculator.cs,268,MissionPlanner.InitialParamCalc,MissionPlanner.csproj,T3,hand-port,,,M,,,,,ready,,,,1077c6a1607c40a90754d38a5547578c33de530123033e66806be9116f674452,,
plugins/Shortcuts/Plugin.cs,109,Shortcuts,plugins/Shortcuts/Shortcuts.csproj,T3,hand-port,,,S,,,,,ready,,,,024ac9eee3b8404899c2608cf5d765438dc5139076359c6646b2096a587f54c1,,
plugins/example-watchbutton.cs,60,Shortcuts,MissionPlanner.csproj,T3,hand-port,,,S,,,,,dropped,,,,62ab5181a2aac32362fb1e32bc62201099cd60d7d6976f91cbb0e21fda40b9b5,,"out of scope, owner's ruling §12 D13 (2026-09-25): the 32 example plugins (plugins/example*.cs, Plugins/example*.cs)"
plugins/example.cs,35,test,MissionPlanner.csproj,T3,hand-port,,,S,,,,,dropped,,,,ce0fe794e0f67348fd008894f6f7125ab8118202ab4e952817d40cfce3cdcd07,,"out of scope, owner's ruling §12 D13 (2026-09-25): the 32 example plugins (plugins/example*.cs, Plugins/example*.cs)"
plugins/example11-trace.cs,65,tracemp,MissionPlanner.csproj,T3,hand-port,,,S,,,,,dropped,,,,5c7eb93349382146f6e75629f52339be0f742cfbe95e4e463e97320a3ec780d0,,"out of scope, owner's ruling §12 D13 (2026-09-25): the 32 example plugins (plugins/example*.cs, Plugins/example*.cs)"
plugins/example12-forwarding.cs,83,Forwarding,MissionPlanner.csproj,T3,hand-port,,,S,,,,,dropped,,,,69dbd02b183528ee8d6df91698eb237aaa0db18d21fe7a43f9300162c3b43e6c,,"out of scope, owner's ruling §12 D13 (2026-09-25): the 32 example plugins (plugins/example*.cs, Plugins/example*.cs)"
plugins/example13-herelink2.cs,107,CameraControl,MissionPlanner.csproj,T3,hand-port,,,S,,,,,dropped,,,,158f6d188170b66e85eb872a67428c41c7e0ade4b34baa482ce73c741d737646,,"out of scope, owner's ruling §12 D13 (2026-09-25): the 32 example plugins (plugins/example*.cs, Plugins/example*.cs)"
plugins/example2-menu.cs,81,Shortcuts,MissionPlanner.csproj,T3,hand-port,,,S,,,,,dropped,,,,c340d929094461c42765c41558644633f92ed618410306a7d2e5d87f0d84b38b,,"out of scope, owner's ruling §12 D13 (2026-09-25): the 32 example plugins (plugins/example*.cs, Plugins/example*.cs)"
plugins/example2.cs,0,,MissionPlanner.csproj,T3,hand-port,,,S,,,,,dropped,,,,e3b0c44298fc1c149afbf4c8996fb92427ae41e4649b934ca495991b7852b855,,"out of scope, owner's ruling §12 D13 (2026-09-25): the 32 example plugins (plugins/example*.cs, Plugins/example*.cs)"
plugins/example22-fontsize.cs,44,MissionPlanner.plugins,MissionPlanner.csproj,T3,hand-port,,,S,,,,,dropped,,,,c2350cb5b95468565c73f9a83102130165ba6f0379c705ebc3fdff5b1faf8070,,"out of scope, owner's ruling §12 D13 (2026-09-25): the 32 example plugins (plugins/example*.cs, Plugins/example*.cs)"
plugins/example3-fencedist.cs,250,FenceDist,MissionPlanner.csproj,T3,hand-port,,,M,,,,,dropped,,,,f2de4e36b64ac9369528ae617561d152579b2da9ffc489d591918971d5306ce5,,"out of scope, owner's ruling §12 D13 (2026-09-25): the 32 example plugins (plugins/example*.cs, Plugins/example*.cs)"
plugins/example3.cs,0,,MissionPlanner.csproj,T3,hand-port,,,S,,,,,dropped,,,,e3b0c44298fc1c149afbf4c8996fb92427ae41e4649b934ca495991b7852b855,,"out of scope, owner's ruling §12 D13 (2026-09-25): the 32 example plugins (plugins/example*.cs, Plugins/example*.cs)"
plugins/example4-herelink.cs,435,CameraControl,MissionPlanner.csproj,T3,hand-port,,,M,,,,,dropped,,,,f7cf45fe90d3384d571eb92dd321fdf0997e702912840ea39fa6144214af5d94,,"out of scope, owner's ruling §12 D13 (2026-09-25): the 32 example plugins (plugins/example*.cs, Plugins/example*.cs)"
plugins/example4.cs,0,,MissionPlanner.csproj,T3,hand-port,,,S,,,,,dropped,,,,e3b0c44298fc1c149afbf4c8996fb92427ae41e4649b934ca495991b7852b855,,"out of scope, owner's ruling §12 D13 (2026-09-25): the 32 example plugins (plugins/example*.cs, Plugins/example*.cs)"
plugins/example5-latencytracker.cs,170,LatencyTracker,MissionPlanner.csproj,T3,hand-port,,,S,,,,,dropped,,,,0844f53a49e7dde6d4fbbb3308a29dd2a847528209e33e1c982e0fea76b26952,,"out of scope, owner's ruling §12 D13 (2026-09-25): the 32 example plugins (plugins/example*.cs, Plugins/example*.cs)"
plugins/example5.cs,0,,MissionPlanner.csproj,T3,hand-port,,,S,,,,,dropped,,,,e3b0c44298fc1c149afbf4c8996fb92427ae41e4649b934ca495991b7852b855,,"out of scope, owner's ruling §12 D13 (2026-09-25): the 32 example plugins (plugins/example*.cs, Plugins/example*.cs)"
plugins/example6-mapicondesc.cs,70,MapIconDesc,MissionPlanner.csproj,T3,hand-port,,,S,,,,,dropped,,,,38591a80f3c7dca9eb4059f964acedd4beb6a01b50158a4badc9a6531d386daf,,"out of scope, owner's ruling §12 D13 (2026-09-25): the 32 example plugins (plugins/example*.cs, Plugins/example*.cs)"
plugins/example6.cs,0,,MissionPlanner.csproj,T3,hand-port,,,S,,,,,dropped,,,,e3b0c44298fc1c149afbf4c8996fb92427ae41e4649b934ca495991b7852b855,,"out of scope, owner's ruling §12 D13 (2026-09-25): the 32 example plugins (plugins/example*.cs, Plugins/example*.cs)"
plugins/example7-canrtcm.cs,101,CANRTCMExtract,MissionPlanner.csproj,T3,hand-port,,,S,,,,,dropped,,,,916dfe86de995112d96b4a5edd177629096c79e09be18cac517e0f6f1900c676,,"out of scope, owner's ruling §12 D13 (2026-09-25): the 32 example plugins (plugins/example*.cs, Plugins/example*.cs)"
plugins/example7.cs,0,,MissionPlanner.csproj,T3,hand-port,,,S,,,,,dropped,,,,e3b0c44298fc1c149afbf4c8996fb92427ae41e4649b934ca495991b7852b855,,"out of scope, owner's ruling §12 D13 (2026-09-25): the 32 example plugins (plugins/example*.cs, Plugins/example*.cs)"
plugins/example8-modechange.cs,137,ModeChange,MissionPlanner.csproj,T3,hand-port,,,S,,,,,dropped,,,,d707c23dff9bd50e993582845209718fb94558199dd3ad466210557c5e55f277,,"out of scope, owner's ruling §12 D13 (2026-09-25): the 32 example plugins (plugins/example*.cs, Plugins/example*.cs)"
plugins/example8.cs,0,,MissionPlanner.csproj,T3,hand-port,,,S,,,,,dropped,,,,e3b0c44298fc1c149afbf4c8996fb92427ae41e4649b934ca495991b7852b855,,"out of scope, owner's ruling §12 D13 (2026-09-25): the 32 example plugins (plugins/example*.cs, Plugins/example*.cs)"
plugins/example9-hudonoff.cs,104,hudonoff,MissionPlanner.csproj,T3,hand-port,,,S,,,,,dropped,,,,f1cfaa0c2ce26cd03522c142a52eb648e32185f9d25144016ba4178e293e6b4f,,"out of scope, owner's ruling §12 D13 (2026-09-25): the 32 example plugins (plugins/example*.cs, Plugins/example*.cs)"
plugins/generator.cs,475,generator,MissionPlanner.csproj,T3,hand-port,,,M,,,,,ready,,,,ade95b82568280df09dfa60da3bb4e1c4d67b3e680e091ddf21e7deddade1e78,,
resedit/Form1.Designer.cs,175,resedit,resedit/resedit.csproj,T2,extract,,,S,,,,,dropped,,,,9785e1e04abf06905040928e9da09ea8661a10388f5183f9025bd6b015ccf6e3,,no callers in the C# tree as of efb0801 (D16): its project resedit/resedit.csproj is in no build (neither MissionPlanner.sln nor MissionPlannerLib.sln reaches it); declares Form1
resedit/Form1.cs,210,resedit,resedit/resedit.csproj,T3,hand-port,,,M,,,,,dropped,,,,37f07764d85e773c74bebc56e67b8fadb69d35a31d14230daca4337d9615777a,,no callers in the C# tree as of efb0801 (D16): its project resedit/resedit.csproj is in no build (neither MissionPlanner.sln nor MissionPlannerLib.sln reaches it); declares Form1
resedit/Program.cs,21,resedit,resedit/resedit.csproj,T3,hand-port,,,S,,,,,dropped,,,,2fc790a355b0f504790cf6ea6eac59dd82d390f08c86189989c7df533d75d0ed,,no callers in the C# tree as of efb0801 (D16): its project resedit/resedit.csproj is in no build (neither MissionPlanner.sln nor MissionPlannerLib.sln reaches it); declares Program
resedit/Properties/AssemblyInfo.cs,36,,resedit/resedit.csproj,T3,hand-port,,,S,,,,,dropped,,,,263e55dd221eef85f57eb2db589b50388794abe7fde1b82899cad02a0eb95e04,,no callers in the C# tree as of efb0801 (D16): its project resedit/resedit.csproj is in no build (neither MissionPlanner.sln nor MissionPlannerLib.sln reaches it); declares nothing
resedit/Properties/Resources.Designer.cs,63,resedit.Properties,resedit/resedit.csproj,T1,regenerate,,,S,,,,,dropped,,,,74392f9639b8d7386583e2f680fca15d7a7270a95dd92721f4380848d23b60a5,,no callers in the C# tree as of efb0801 (D16): its project resedit/resedit.csproj is in no build (neither MissionPlanner.sln nor MissionPlannerLib.sln reaches it); declares Resources
resedit/Properties/Settings.Designer.cs,26,resedit.Properties,resedit/resedit.csproj,T1,regenerate,,,S,,,,,dropped,,,,8c83bbeee8336ecdbc431c0c9494fc0b14da6870e82e1dfd1c701414569c44be,,no callers in the C# tree as of efb0801 (D16): its project resedit/resedit.csproj is in no build (neither MissionPlanner.sln nor MissionPlannerLib.sln reaches it); declares Settings
temp.Designer.cs,1223,MissionPlanner,MissionPlanner.csproj,T2,extract,,,L,,,,,ready,,,,472803f9dbe471f33b381fb7ff2375ec2756155c2652f1e4e6c5019668b95c20,,
temp.cs,1434,MissionPlanner,MissionPlanner.csproj,T3,hand-port,,,L,,,,,ready,,,,7f4558dcc6f36016eb2bf3d9f4b3a3697ab2d750b657e013769fa6bb0cfef1b9,,
test/FirmwareSelection.xaml.cs,221,MissionPlanner.test,MissionPlanner.csproj,T3,hand-port,,,M,,,,,ready,,,,4a6e628e3cb6221eeaa1e61364107ef9729b9e820d5c65b3309a73879707d5e0,,
wix/Drivers.cs,133,wix,wix/wix.csproj,T3,hand-port,,,S,,,,,dropped,,,,347a511146b2ab6bc145a8a2fa875ccdc305a043aca810fdc902eb6ab420cc1b,,"a separate program, not the planner: wix/wix.csproj, the Exe that writes the MSI installer; MissionPlanner.csproj removes wix/** from its build"
wix/Program.cs,432,wix,wix/wix.csproj,T3,hand-port,,,M,,,,,dropped,,,,31a7cc5f6d0b52018b46ea968b88be7e3c1e8b8c500d0167f73ea8369d146981,,"a separate program, not the planner: wix/wix.csproj, the Exe that writes the MSI installer; MissionPlanner.csproj removes wix/** from its build"
wix/Properties/AssemblyInfo.cs,36,,wix/wix.csproj,T3,hand-port,,,S,,,,,dropped,,,,3d2cd35d42ebf88af6caedbbffc9d2a46a678bb54ec6af285b184433b19636be,,"a separate program, not the planner: wix/wix.csproj, the Exe that writes the MSI installer; MissionPlanner.csproj removes wix/** from its build"
